Name,month,bucket,Financial Status,Fulfillment Status,Created at,Payment Method,Tags,Discount Code,Subtotal,Discount Amount,Shipping,Taxes,Total,Refunded Amount,net_revenue_ex,ship_income_ex,vat_out
#30001,2026-06,counted,paid,fulfilled,2026-06-01 07:43:00 +0100,Shopify Payments,104,0,0,17.33,104,0,86.66666666666667,0,17.33333333333334
#30002,2026-06,counted,paid,fulfilled,2026-06-01 07:47:00 +0100,Shopify Payments,17,0,3.95,3.49,20.95,0,14.16666666666667,3.291666666666667,3.491666666666667
#30003,2026-06,counted,paid,fulfilled,2026-06-01 08:09:00 +0100,Shopify Payments,90,0,0,15,90,0,75,0,15
#30004,2026-06,counted,paid,fulfilled,2026-06-01 08:14:00 +0100,PayPal Express Checkout,26.5,0,3.95,5.08,30.45,0,22.08333333333334,3.291666666666667,5.075
#30005,2026-06,counted,paid,fulfilled,2026-06-01 09:02:00 +0100,Shopify Payments,SUMMER10,30,3,3.95,5.16,30.95,0,22.5,3.291666666666667,5.158333333333334
#30006,2026-06,counted,paid,fulfilled,2026-06-01 09:14:00 +0100,Shopify Payments,25,0,3.95,4.83,28.95,0,20.83333333333334,3.291666666666667,4.825
#30007,2026-06,counted,paid,fulfilled,2026-06-01 09:21:00 +0100,Shopify Payments,52,0,0,8.67,52,0,43.33333333333334,0,8.666666666666668
#30008,2026-06,counted,paid,fulfilled,2026-06-01 09:24:00 +0100,"Gift card, Shopify Payments",96,0,0,16,96,0,80,0,16
#30009,2026-06,counted,paid,fulfilled,2026-06-01 09:42:00 +0100,Shopify Payments,48,0,3.95,8.66,51.95,0,40,3.291666666666667,8.658333333333335
#30010,2026-06,counted,paid,fulfilled,2026-06-01 09:52:00 +0100,Shopify Payments,156,0,0,26,156,0,130,0,26
#30011,2026-06,counted,paid,fulfilled,2026-06-01 09:53:00 +0100,Shopify Payments,76,0,0,12.67,76,0,63.33333333333334,0,12.66666666666667
#30012,2026-06,counted,paid,fulfilled,2026-06-01 10:01:00 +0100,Shopify Payments,38,0,3.95,6.99,41.95,0,31.66666666666667,3.291666666666667,6.991666666666667
#30013,2026-06,counted,paid,fulfilled,2026-06-01 10:07:00 +0100,Shopify Payments,45,0,3.95,8.16,48.95,0,37.5,3.291666666666667,8.158333333333335
#30014,2026-06,counted,paid,fulfilled,2026-06-01 10:27:00 +0100,Shopify Payments,90,0,0,15,90,0,75,0,15
#30015,2026-06,counted,paid,fulfilled,2026-06-01 10:42:00 +0100,Shopify Payments,32,0,3.95,5.99,35.95,0,26.66666666666667,3.291666666666667,5.991666666666668
#30016,2026-06,counted,paid,fulfilled,2026-06-01 11:40:00 +0100,Shopify Payments,156.5,0,0,26.08,156.5,0,130.4166666666667,0,26.08333333333334
#30017,2026-06,counted,paid,fulfilled,2026-06-01 11:40:00 +0100,Shopify Payments,70,0,0,11.67,70,0,58.33333333333334,0,11.66666666666667
#30018,2026-06,counted,paid,fulfilled,2026-06-01 11:53:00 +0100,Shopify Payments,WELCOME5,21,5,3.95,3.33,19.95,0,13.33333333333333,3.291666666666667,3.325
#30019,2026-06,counted,paid,fulfilled,2026-06-01 11:56:00 +0100,Shopify Payments,67,0,0,11.17,67,0,55.83333333333334,0,11.16666666666667
#30020,2026-06,counted,paid,fulfilled,2026-06-01 12:08:00 +0100,Shopify Payments,25,0,3.95,4.83,28.95,0,20.83333333333334,3.291666666666667,4.825
#30021,2026-06,counted,paid,fulfilled,2026-06-01 12:19:00 +0100,Shopify Payments,51,0,0,8.5,51,0,42.5,0,8.500000000000002
#30022,2026-06,counted,partially_refunded,fulfilled,2026-06-01 12:39:00 +0100,Shopify Payments,SUMMER10,30,3,3.95,5.16,30.95,6.19,17.34166666666667,3.291666666666667,4.126666666666667
#30023,2026-06,counted,paid,fulfilled,2026-06-01 12:47:00 +0100,Shopify Payments,79,0,0,13.17,79,0,65.83333333333334,0,13.16666666666667
#30024,2026-06,counted,paid,fulfilled,2026-06-01 12:48:00 +0100,Shopify Payments,24,0,3.95,4.66,27.95,0,20,3.291666666666667,4.658333333333333
#30025,2026-06,counted,paid,fulfilled,2026-06-01 13:09:00 +0100,Shopify Payments,119,0,0,19.83,119,0,99.16666666666667,0,19.83333333333334
#30026,2026-06,counted,paid,fulfilled,2026-06-01 13:13:00 +0100,Shopify Payments,72,0,0,12,72,0,60,0,12
#30027,2026-06,counted,paid,fulfilled,2026-06-01 14:38:00 +0100,Shopify Payments,48,0,3.95,8.66,51.95,0,40,3.291666666666667,8.658333333333335
#30028,2026-06,counted,paid,fulfilled,2026-06-01 14:56:00 +0100,Shopify Payments,110.5,0,0,18.42,110.5,0,92.08333333333334,0,18.41666666666667
#30029,2026-06,counted,paid,fulfilled,2026-06-01 15:07:00 +0100,Shopify Payments,88,0,0,14.67,88,0,73.33333333333334,0,14.66666666666667
#30030,2026-06,counted,paid,fulfilled,2026-06-01 15:16:00 +0100,Gift card,99,0,0,16.5,99,0,82.5,0,16.5
#30031,2026-06,counted,paid,fulfilled,2026-06-01 15:19:00 +0100,Shopify Payments,34,0,3.95,6.33,37.95,0,28.33333333333334,3.291666666666667,6.325000000000001
#30032,2026-06,counted,paid,fulfilled,2026-06-01 15:45:00 +0100,Shopify Payments,89,0,0,14.83,89,0,74.16666666666667,0,14.83333333333333
#30033,2026-06,counted,paid,fulfilled,2026-06-01 16:54:00 +0100,Shopify Payments,SUMMER10,27,2.7,3.95,4.71,28.25,0,20.25,3.291666666666667,4.708333333333334
#30034,2026-06,counted,paid,fulfilled,2026-06-01 17:08:00 +0100,Shopify Payments,100,0,0,16.67,100,0,83.33333333333334,0,16.66666666666667
#30035,2026-06,counted,paid,fulfilled,2026-06-01 17:31:00 +0100,Shopify Payments,121,0,0,20.17,121,0,100.8333333333333,0,20.16666666666667
#30036,2026-06,counted,paid,fulfilled,2026-06-01 17:57:00 +0100,Shopify Payments,30,0,3.95,5.66,33.95,0,25,3.291666666666667,5.658333333333334
#30037,2026-06,counted,paid,fulfilled,2026-06-01 18:47:00 +0100,PayPal Express Checkout,54,0,0,9,54,0,45,0,9.000000000000002
#30038,2026-06,counted,paid,fulfilled,2026-06-01 18:56:00 +0100,Shopify Payments,30,0,3.95,5.66,33.95,0,25,3.291666666666667,5.658333333333334
#30039,2026-06,counted,paid,fulfilled,2026-06-01 19:30:00 +0100,Shopify Payments,25,0,3.95,4.83,28.95,0,20.83333333333334,3.291666666666667,4.825
#30040,2026-06,counted,paid,fulfilled,2026-06-01 20:24:00 +0100,Shopify Payments,WELCOME5,109,5,0,17.33,104,0,86.66666666666667,0,17.33333333333334
#30041,2026-06,counted,paid,fulfilled,2026-06-01 20:24:00 +0100,Gift card,22,0,3.95,4.33,25.95,0,18.33333333333334,3.291666666666667,4.325
#30042,2026-06,counted,paid,fulfilled,2026-06-01 20:45:00 +0100,Shopify Payments,34,0,3.95,6.33,37.95,0,28.33333333333334,3.291666666666667,6.325000000000001
#30043,2026-06,counted,paid,fulfilled,2026-06-01 20:48:00 +0100,PayPal Express Checkout,108,0,0,18,108,0,90,0,18
#30044,2026-06,voided/cancelled,voided,unfulfilled,2026-06-01 20:48:00 +0100,Shopify Payments,45,0,3.95,8.16,48.95,0,37.5,3.291666666666667,8.158333333333335
#30045,2026-06,counted,paid,fulfilled,2026-06-01 20:59:00 +0100,Shopify Payments,141,0,0,23.5,141,0,117.5,0,23.5
#30046,2026-06,counted,paid,fulfilled,2026-06-01 21:12:00 +0100,Shopify Payments,90,0,0,15,90,0,75,0,15
#30047,2026-06,counted,paid,fulfilled,2026-06-01 21:19:00 +0100,Shopify Payments,87,0,0,14.5,87,0,72.5,0,14.5
#30048,2026-06,counted,paid,fulfilled,2026-06-01 21:39:00 +0100,Shopify Payments,57,0,0,9.5,57,0,47.5,0,9.5
#30049,2026-06,counted,paid,fulfilled,2026-06-01 21:39:00 +0100,Shopify Payments,16,0,3.95,3.33,19.95,0,13.33333333333333,3.291666666666667,3.325
#30050,2026-06,counted,paid,fulfilled,2026-06-01 22:49:00 +0100,Shopify Payments,45,0,3.95,8.16,48.95,0,37.5,3.291666666666667,8.158333333333335
#30051,2026-06,counted,paid,fulfilled,2026-06-02 07:25:00 +0100,Shopify Payments,199,0,0,33.17,199,0,165.8333333333333,0,33.16666666666667
#30052,2026-06,counted,paid,fulfilled,2026-06-02 07:32:00 +0100,Shopify Payments,SUMMER10,7.5,0.75,3.95,1.78,10.7,0,5.625,3.291666666666667,1.783333333333333
#30053,2026-06,counted,partially_refunded,fulfilled,2026-06-02 09:10:00 +0100,Shopify Payments,209.5,0,0,34.92,209.5,62.85,122.2083333333333,0,24.44166666666667
#30054,2026-06,counted,paid,fulfilled,2026-06-02 10:10:00 +0100,Shopify Payments,84,0,0,14,84,0,70,0,14
#30055,2026-06,counted,paid,fulfilled,2026-06-02 10:43:00 +0100,Shopify Payments,20,0,3.95,3.99,23.95,0,16.66666666666667,3.291666666666667,3.991666666666667
#30056,2026-06,counted,paid,fulfilled,2026-06-02 11:09:00 +0100,Gift card,14,0,3.95,2.99,17.95,0,11.66666666666667,3.291666666666667,2.991666666666667
#30057,2026-06,counted,paid,fulfilled,2026-06-02 11:47:00 +0100,Shopify Payments,32,0,3.95,5.99,35.95,0,26.66666666666667,3.291666666666667,5.991666666666668
#30058,2026-06,counted,paid,fulfilled,2026-06-02 12:14:00 +0100,Shopify Payments,21,0,3.95,4.16,24.95,0,17.5,3.291666666666667,4.158333333333334
#30059,2026-06,counted,paid,fulfilled,2026-06-02 12:38:00 +0100,Shopify Payments,28,0,3.95,5.33,31.95,0,23.33333333333334,3.291666666666667,5.325000000000001
#30060,2026-06,counted,paid,fulfilled,2026-06-02 12:42:00 +0100,Shopify Payments,50,0,0,8.33,50,0,41.66666666666667,0,8.333333333333334
#30061,2026-06,counted,paid,fulfilled,2026-06-02 12:52:00 +0100,PayPal Express Checkout,SUMMER10,33,3.3,3.95,5.61,33.65,0,24.75,3.291666666666667,5.608333333333334
#30062,2026-06,counted,paid,fulfilled,2026-06-02 13:44:00 +0100,Shopify Payments,220,0,0,36.67,220,0,183.3333333333333,0,36.66666666666667
#30063,2026-06,counted,partially_refunded,fulfilled,2026-06-02 13:49:00 +0100,Shopify Payments,108,0,0,18,108,32.4,63,0,12.6
#30064,2026-06,counted,paid,fulfilled,2026-06-02 14:14:00 +0100,PayPal Express Checkout,36,0,3.95,6.66,39.95,0,30,3.291666666666667,6.658333333333334
#30065,2026-06,counted,paid,fulfilled,2026-06-02 15:02:00 +0100,PayPal Express Checkout,131.5,0,0,21.92,131.5,0,109.5833333333333,0,21.91666666666667
#30066,2026-06,counted,paid,fulfilled,2026-06-02 15:14:00 +0100,Shopify Payments,SUMMER10,30,3,3.95,5.16,30.95,0,22.5,3.291666666666667,5.158333333333334
#30067,2026-06,counted,paid,fulfilled,2026-06-02 15:58:00 +0100,Shopify Payments,28,0,3.95,5.33,31.95,0,23.33333333333334,3.291666666666667,5.325000000000001
#30068,2026-06,counted,paid,fulfilled,2026-06-02 16:07:00 +0100,Shopify Payments,109,0,0,18.17,109,0,90.83333333333334,0,18.16666666666667
#30069,2026-06,counted,paid,fulfilled,2026-06-02 16:12:00 +0100,PayPal Express Checkout,81,0,0,13.5,81,0,67.5,0,13.5
#30070,2026-06,counted,paid,fulfilled,2026-06-02 17:24:00 +0100,Shopify Payments,106,0,0,17.67,106,0,88.33333333333334,0,17.66666666666667
#30071,2026-06,counted,paid,fulfilled,2026-06-02 17:36:00 +0100,Shopify Payments,7.5,0,3.95,1.91,11.45,0,6.25,3.291666666666667,1.908333333333333
#30072,2026-06,counted,paid,fulfilled,2026-06-02 17:54:00 +0100,Shopify Payments,265,0,0,44.17,265,0,220.8333333333333,0,44.16666666666667
#30073,2026-06,counted,paid,fulfilled,2026-06-02 18:15:00 +0100,Shopify Payments,54.5,0,0,9.08,54.5,0,45.41666666666667,0,9.083333333333334
#30074,2026-06,counted,paid,fulfilled,2026-06-02 18:32:00 +0100,Shopify Payments,137,0,0,22.83,137,0,114.1666666666667,0,22.83333333333334
#30075,2026-06,counted,paid,fulfilled,2026-06-02 18:36:00 +0100,Shopify Payments,9,0,3.95,2.16,12.95,0,7.5,3.291666666666667,2.158333333333333
#30076,2026-06,counted,paid,fulfilled,2026-06-02 19:08:00 +0100,Shopify Payments,62,0,0,10.33,62,0,51.66666666666667,0,10.33333333333333
#30077,2026-06,counted,paid,fulfilled,2026-06-02 19:15:00 +0100,Shopify Payments,132,0,0,22,132,0,110,0,22
#30078,2026-06,counted,paid,fulfilled,2026-06-02 19:19:00 +0100,Shopify Payments,11,0,3.95,2.49,14.95,0,9.166666666666668,3.291666666666667,2.491666666666667
#30079,2026-06,counted,paid,fulfilled,2026-06-02 19:41:00 +0100,Shopify Payments,101,0,0,16.83,101,0,84.16666666666667,0,16.83333333333334
#30080,2026-06,counted,paid,fulfilled,2026-06-02 19:45:00 +0100,Shopify Payments,38,0,3.95,6.99,41.95,0,31.66666666666667,3.291666666666667,6.991666666666667
#30081,2026-06,counted,paid,fulfilled,2026-06-02 20:15:00 +0100,Shopify Payments,SUMMER10,72,7.2,0,10.8,64.8,0,54,0,10.8
#30082,2026-06,counted,paid,fulfilled,2026-06-02 20:29:00 +0100,"Gift card, Shopify Payments",SUMMER10,11,1.1,3.95,2.31,13.85,0,8.25,3.291666666666667,2.308333333333334
#30083,2026-06,counted,paid,fulfilled,2026-06-02 20:45:00 +0100,Shopify Payments,15,0,3.95,3.16,18.95,0,12.5,3.291666666666667,3.158333333333334
#30084,2026-06,counted,paid,fulfilled,2026-06-02 20:50:00 +0100,Shopify Payments,103.5,0,0,17.25,103.5,0,86.25,0,17.25
#30085,2026-06,counted,paid,fulfilled,2026-06-02 20:53:00 +0100,Shopify Payments,137,0,0,22.83,137,0,114.1666666666667,0,22.83333333333334
#30086,2026-06,counted,paid,fulfilled,2026-06-02 21:01:00 +0100,Shopify Payments,86,0,0,14.33,86,0,71.66666666666667,0,14.33333333333333
#30087,2026-06,counted,paid,fulfilled,2026-06-02 21:57:00 +0100,PayPal Express Checkout,183,0,0,30.5,183,0,152.5,0,30.5
#30088,2026-06,counted,paid,fulfilled,2026-06-02 22:05:00 +0100,Shopify Payments,30,0,3.95,5.66,33.95,0,25,3.291666666666667,5.658333333333334
#30089,2026-06,counted,paid,fulfilled,2026-06-02 22:07:00 +0100,Gift card,184,0,0,30.67,184,0,153.3333333333333,0,30.66666666666667
#30090,2026-06,counted,paid,fulfilled,2026-06-02 22:14:00 +0100,Shopify Payments,74,0,0,12.33,74,0,61.66666666666667,0,12.33333333333333
#30091,2026-06,counted,paid,fulfilled,2026-06-02 22:55:00 +0100,Shopify Payments,17,0,3.95,3.49,20.95,0,14.16666666666667,3.291666666666667,3.491666666666667
#30092,2026-06,counted,paid,fulfilled,2026-06-03 07:21:00 +0100,Shopify Payments,55.6,0,0,9.27,55.6,0,46.33333333333334,0,9.266666666666667
#30093,2026-06,counted,paid,fulfilled,2026-06-03 07:30:00 +0100,PayPal Express Checkout,195,0,0,32.5,195,0,162.5,0,32.5
#30094,2026-06,counted,partially_refunded,fulfilled,2026-06-03 07:33:00 +0100,Shopify Payments,WELCOME5,103,5,0,16.33,98,19.6,65.33333333333334,0,13.06666666666667
#30095,2026-06,counted,paid,fulfilled,2026-06-03 07:36:00 +0100,Shopify Payments,28,0,3.95,5.33,31.95,0,23.33333333333334,3.291666666666667,5.325000000000001
#30096,2026-06,counted,paid,fulfilled,2026-06-03 07:42:00 +0100,Shopify Payments,127,0,0,21.17,127,0,105.8333333333333,0,21.16666666666667
#30097,2026-06,counted,paid,fulfilled,2026-06-03 07:42:00 +0100,Shopify Payments,90,0,0,15,90,0,75,0,15
#30098,2026-06,counted,paid,fulfilled,2026-06-03 07:46:00 +0100,Shopify Payments,298,0,0,49.67,298,0,248.3333333333333,0,49.66666666666667
#30099,2026-06,counted,paid,fulfilled,2026-06-03 07:53:00 +0100,Shopify Payments,54,0,0,9,54,0,45,0,9.000000000000002
#30100,2026-06,counted,paid,fulfilled,2026-06-03 08:27:00 +0100,Shopify Payments,33,0,3.95,6.16,36.95,0,27.5,3.291666666666667,6.158333333333334
#30101,2026-06,counted,paid,fulfilled,2026-06-03 08:37:00 +0100,Shopify Payments,24,0,3.95,4.66,27.95,0,20,3.291666666666667,4.658333333333333
#30102,2026-06,counted,paid,fulfilled,2026-06-03 08:39:00 +0100,PayPal Express Checkout,232,0,0,38.67,232,0,193.3333333333333,0,38.66666666666667
#30103,2026-06,counted,paid,fulfilled,2026-06-03 08:53:00 +0100,Shopify Payments,76,0,0,12.67,76,0,63.33333333333334,0,12.66666666666667
#30104,2026-06,counted,paid,fulfilled,2026-06-03 08:53:00 +0100,Shopify Payments,43,0,3.95,7.83,46.95,0,35.83333333333334,3.291666666666667,7.825000000000001
#30105,2026-06,counted,paid,fulfilled,2026-06-03 10:41:00 +0100,Shopify Payments,56,0,0,9.33,56,0,46.66666666666667,0,9.333333333333334
#30106,2026-06,counted,paid,fulfilled,2026-06-03 10:42:00 +0100,Shopify Payments,16,0,3.95,3.33,19.95,0,13.33333333333333,3.291666666666667,3.325
#30107,2026-06,counted,paid,fulfilled,2026-06-03 10:59:00 +0100,PayPal Express Checkout,36,0,3.95,6.66,39.95,0,30,3.291666666666667,6.658333333333334
#30108,2026-06,counted,paid,fulfilled,2026-06-03 11:00:00 +0100,Shopify Payments,WELCOME5,268,5,0,43.83,263,0,219.1666666666667,0,43.83333333333334
#30109,2026-06,counted,partially_refunded,fulfilled,2026-06-03 11:12:00 +0100,PayPal Express Checkout,88,0,0,14.67,88,17.6,58.66666666666667,0,11.73333333333334
#30110,2026-06,counted,paid,fulfilled,2026-06-03 11:17:00 +0100,PayPal Express Checkout,78,0,0,13,78,0,65,0,13
#30111,2026-06,counted,paid,fulfilled,2026-06-03 11:55:00 +0100,Shopify Payments,126,0,0,21,126,0,105,0,21
#30112,2026-06,counted,paid,fulfilled,2026-06-03 12:32:00 +0100,Shopify Payments,68,0,0,11.33,68,0,56.66666666666667,0,11.33333333333334
#30113,2026-06,counted,paid,fulfilled,2026-06-03 12:47:00 +0100,Shopify Payments,15,0,3.95,3.16,18.95,0,12.5,3.291666666666667,3.158333333333334
#30114,2026-06,counted,paid,fulfilled,2026-06-03 13:00:00 +0100,PayPal Express Checkout,43,0,3.95,7.83,46.95,0,35.83333333333334,3.291666666666667,7.825000000000001
#30115,2026-06,counted,paid,fulfilled,2026-06-03 13:51:00 +0100,PayPal Express Checkout,15,0,3.95,3.16,18.95,0,12.5,3.291666666666667,3.158333333333334
#30116,2026-06,counted,paid,fulfilled,2026-06-03 15:28:00 +0100,Shopify Payments,90,0,0,15,90,0,75,0,15
#30117,2026-06,counted,paid,fulfilled,2026-06-03 15:55:00 +0100,Shopify Payments,WELCOME5,38,5,3.95,6.16,36.95,0,27.5,3.291666666666667,6.158333333333334
#30118,2026-06,counted,paid,fulfilled,2026-06-03 15:58:00 +0100,Shopify Payments,24,0,3.95,4.66,27.95,0,20,3.291666666666667,4.658333333333333
#30119,2026-06,counted,paid,fulfilled,2026-06-03 16:17:00 +0100,Shopify Payments,SUMMER10,17,1.7,3.95,3.21,19.25,0,12.75,3.291666666666667,3.208333333333333
#30120,2026-06,counted,paid,fulfilled,2026-06-03 17:07:00 +0100,Shopify Payments,52.5,0,0,8.75,52.5,0,43.75,0,8.75
#30121,2026-06,counted,paid,fulfilled,2026-06-03 17:19:00 +0100,Shopify Payments,72,0,0,12,72,0,60,0,12
#30122,2026-06,counted,partially_refunded,fulfilled,2026-06-03 17:49:00 +0100,Shopify Payments,46,0,3.95,8.33,49.95,24.98,17.51666666666667,3.291666666666667,4.161666666666667
#30123,2026-06,counted,paid,fulfilled,2026-06-03 18:06:00 +0100,Shopify Payments,17,0,3.95,3.49,20.95,0,14.16666666666667,3.291666666666667,3.491666666666667
#30124,2026-06,counted,paid,fulfilled,2026-06-03 18:17:00 +0100,Shopify Payments,339.5,0,0,56.58,339.5,0,282.9166666666667,0,56.58333333333334
#30125,2026-06,counted,paid,fulfilled,2026-06-03 18:20:00 +0100,Shopify Payments,47,0,3.95,8.49,50.95,0,39.16666666666667,3.291666666666667,8.491666666666669
#30126,2026-06,counted,paid,fulfilled,2026-06-03 18:38:00 +0100,Shopify Payments,136,0,0,22.67,136,0,113.3333333333333,0,22.66666666666667
#30127,2026-06,counted,paid,fulfilled,2026-06-03 20:06:00 +0100,Shopify Payments,78,0,0,13,78,0,65,0,13
#30128,2026-06,counted,refunded,fulfilled,2026-06-03 20:14:00 +0100,Gift card,96,0,0,16,96,96,0,0,0
#30129,2026-06,counted,paid,fulfilled,2026-06-03 20:32:00 +0100,Shopify Payments,99,0,0,16.5,99,0,82.5,0,16.5
#30130,2026-06,counted,paid,fulfilled,2026-06-03 20:56:00 +0100,Shopify Payments,80,0,0,13.33,80,0,66.66666666666667,0,13.33333333333333
#30131,2026-06,counted,paid,fulfilled,2026-06-03 21:08:00 +0100,"Gift card, Shopify Payments",84,0,0,14,84,0,70,0,14
#30132,2026-06,counted,paid,fulfilled,2026-06-03 21:13:00 +0100,PayPal Express Checkout,38,0,3.95,6.99,41.95,0,31.66666666666667,3.291666666666667,6.991666666666667
#30133,2026-06,counted,paid,fulfilled,2026-06-03 21:15:00 +0100,Shopify Payments,6,0,3.95,1.66,9.949999999999999,0,5,3.291666666666667,1.658333333333333
#30134,2026-06,counted,paid,fulfilled,2026-06-03 21:16:00 +0100,Shopify Payments,158,0,0,26.33,158,0,131.6666666666667,0,26.33333333333334
#30135,2026-06,counted,partially_refunded,fulfilled,2026-06-03 21:28:00 +0100,Shopify Payments,76,0,0,12.67,76,15.2,50.66666666666667,0,10.13333333333333
#30136,2026-06,counted,paid,fulfilled,2026-06-03 21:39:00 +0100,Shopify Payments,SUMMER10,91,9.1,0,13.65,81.90000000000001,0,68.25000000000001,0,13.65
#30137,2026-06,counted,paid,fulfilled,2026-06-03 21:45:00 +0100,Shopify Payments,28,0,3.95,5.33,31.95,0,23.33333333333334,3.291666666666667,5.325000000000001
#30138,2026-06,counted,paid,fulfilled,2026-06-03 21:52:00 +0100,Shopify Payments,WELCOME5,54,5,3.95,8.83,52.95,0,40.83333333333334,3.291666666666667,8.825000000000001
#30139,2026-06,counted,paid,fulfilled,2026-06-03 21:56:00 +0100,PayPal Express Checkout,52,0,0,8.67,52,0,43.33333333333334,0,8.666666666666668
#30140,2026-06,counted,paid,fulfilled,2026-06-03 22:14:00 +0100,PayPal Express Checkout,66,0,0,11,66,0,55,0,11
#30141,2026-06,voided/cancelled,voided,unfulfilled,2026-06-03 22:29:00 +0100,Shopify Payments,176,0,0,29.33,176,0,146.6666666666667,0,29.33333333333334
#30142,2026-06,counted,paid,fulfilled,2026-06-03 22:30:00 +0100,Shopify Payments,32,0,3.95,5.99,35.95,0,26.66666666666667,3.291666666666667,5.991666666666668
#30143,2026-06,counted,paid,fulfilled,2026-06-03 22:51:00 +0100,PayPal Express Checkout,172,0,0,28.67,172,0,143.3333333333333,0,28.66666666666667
#30144,2026-06,counted,paid,fulfilled,2026-06-03 22:59:00 +0100,Shopify Payments,138,0,0,23,138,0,115,0,23
#30145,2026-06,counted,paid,fulfilled,2026-06-04 07:16:00 +0100,Shopify Payments,91,0,0,15.17,91,0,75.83333333333334,0,15.16666666666667
#30146,2026-06,counted,paid,fulfilled,2026-06-04 07:43:00 +0100,Shopify Payments,SUMMER10,78,7.8,0,11.7,70.2,0,58.50000000000001,0,11.7
#30147,2026-06,counted,paid,fulfilled,2026-06-04 07:54:00 +0100,Shopify Payments,67,0,0,11.17,67,0,55.83333333333334,0,11.16666666666667
#30148,2026-06,counted,paid,fulfilled,2026-06-04 08:16:00 +0100,PayPal Express Checkout,16,0,3.95,3.33,19.95,0,13.33333333333333,3.291666666666667,3.325
#30149,2026-06,counted,paid,fulfilled,2026-06-04 08:18:00 +0100,Shopify Payments,135,0,0,22.5,135,0,112.5,0,22.5
#30150,2026-06,counted,paid,fulfilled,2026-06-04 08:42:00 +0100,Shopify Payments,SUMMER10,45,4.5,3.95,7.41,44.45,0,33.75,3.291666666666667,7.408333333333334
#30151,2026-06,counted,paid,fulfilled,2026-06-04 08:48:00 +0100,Shopify Payments,12,0,3.95,2.66,15.95,0,10,3.291666666666667,2.658333333333333
#30152,2026-06,counted,paid,fulfilled,2026-06-04 08:50:00 +0100,Gift card,108,0,0,18,108,0,90,0,18
#30153,2026-06,counted,paid,fulfilled,2026-06-04 08:57:00 +0100,Shopify Payments,27.5,0,3.95,5.24,31.45,0,22.91666666666667,3.291666666666667,5.241666666666667
#30154,2026-06,counted,partially_refunded,fulfilled,2026-06-04 08:59:00 +0100,Shopify Payments,SUMMER10,191,19.1,0,28.65,171.9,85.95,71.625,0,14.325
#30155,2026-06,counted,paid,fulfilled,2026-06-04 09:01:00 +0100,Shopify Payments,22,0,3.95,4.33,25.95,0,18.33333333333334,3.291666666666667,4.325
#30156,2026-06,counted,paid,fulfilled,2026-06-04 09:32:00 +0100,PayPal Express Checkout,125,0,0,20.83,125,0,104.1666666666667,0,20.83333333333334
#30157,2026-06,counted,paid,fulfilled,2026-06-04 10:21:00 +0100,Shopify Payments,92,0,0,15.33,92,0,76.66666666666667,0,15.33333333333334
#30158,2026-06,counted,paid,fulfilled,2026-06-04 10:37:00 +0100,Shopify Payments,SUMMER10,9,0.9,3.95,2.01,12.05,0,6.75,3.291666666666667,2.008333333333334
#30159,2026-06,counted,paid,fulfilled,2026-06-04 11:12:00 +0100,Shopify Payments,48,0,3.95,8.66,51.95,0,40,3.291666666666667,8.658333333333335
#30160,2026-06,counted,paid,fulfilled,2026-06-04 11:16:00 +0100,"Gift card, Shopify Payments",SUMMER10,158,15.8,0,23.7,142.2,0,118.5,0,23.7
#30161,2026-06,counted,partially_refunded,fulfilled,2026-06-04 11:31:00 +0100,Shopify Payments,43,0,3.95,7.83,46.95,14.09,24.09166666666667,3.291666666666667,5.476666666666667
#30162,2026-06,counted,paid,fulfilled,2026-06-04 13:26:00 +0100,Shopify Payments,28,0,3.95,5.33,31.95,0,23.33333333333334,3.291666666666667,5.325000000000001
#30163,2026-06,counted,paid,fulfilled,2026-06-04 13:38:00 +0100,Shopify Payments,SUMMER10,201,20.1,0,30.15,180.9,0,150.75,0,30.15
#30164,2026-06,counted,partially_refunded,fulfilled,2026-06-04 13:51:00 +0100,Shopify Payments,SUMMER10,219.5,21.95,0,32.93,197.55,98.78,82.30833333333335,0,16.46166666666667
#30165,2026-06,counted,paid,fulfilled,2026-06-04 14:00:00 +0100,Shopify Payments,18,0,3.95,3.66,21.95,0,15,3.291666666666667,3.658333333333333
#30166,2026-06,counted,paid,fulfilled,2026-06-04 14:15:00 +0100,Shopify Payments,SUMMER10,52.5,5.25,3.95,8.529999999999999,51.2,0,39.375,3.291666666666667,8.533333333333335
#30167,2026-06,counted,paid,fulfilled,2026-06-04 14:21:00 +0100,Shopify Payments,45,0,3.95,8.16,48.95,0,37.5,3.291666666666667,8.158333333333335
#30168,2026-06,counted,paid,fulfilled,2026-06-04 14:23:00 +0100,Shopify Payments,136,0,0,22.67,136,0,113.3333333333333,0,22.66666666666667
#30169,2026-06,counted,paid,fulfilled,2026-06-04 14:51:00 +0100,Shopify Payments,60,0,0,10,60,0,50,0,10
#30170,2026-06,counted,paid,fulfilled,2026-06-04 15:03:00 +0100,Shopify Payments,34,0,3.95,6.33,37.95,0,28.33333333333334,3.291666666666667,6.325000000000001
#30171,2026-06,counted,paid,fulfilled,2026-06-04 15:04:00 +0100,Shopify Payments,176,0,0,29.33,176,0,146.6666666666667,0,29.33333333333334
#30172,2026-06,counted,paid,fulfilled,2026-06-04 15:36:00 +0100,Shopify Payments,35,0,3.95,6.49,38.95,0,29.16666666666667,3.291666666666667,6.491666666666668
#30173,2026-06,counted,paid,fulfilled,2026-06-04 15:58:00 +0100,Shopify Payments,18,0,3.95,3.66,21.95,0,15,3.291666666666667,3.658333333333333
#30174,2026-06,counted,paid,fulfilled,2026-06-04 16:31:00 +0100,Shopify Payments,92,0,0,15.33,92,0,76.66666666666667,0,15.33333333333334
#30175,2026-06,counted,paid,fulfilled,2026-06-04 17:20:00 +0100,Shopify Payments,SUMMER10,136,13.6,0,20.4,122.4,0,102,0,20.40000000000001
#30176,2026-06,counted,paid,fulfilled,2026-06-04 18:30:00 +0100,Shopify Payments,113,0,0,18.83,113,0,94.16666666666667,0,18.83333333333334
#30177,2026-06,counted,paid,fulfilled,2026-06-04 18:42:00 +0100,Shopify Payments,104,0,0,17.33,104,0,86.66666666666667,0,17.33333333333334
#30178,2026-06,counted,paid,fulfilled,2026-06-04 19:09:00 +0100,Shopify Payments,12,0,3.95,2.66,15.95,0,10,3.291666666666667,2.658333333333333
#30179,2026-06,counted,paid,fulfilled,2026-06-04 20:08:00 +0100,Shopify Payments,144,0,0,24,144,0,120,0,24
#30180,2026-06,counted,paid,fulfilled,2026-06-04 20:11:00 +0100,Shopify Payments,32,0,3.95,5.99,35.95,0,26.66666666666667,3.291666666666667,5.991666666666668
#30181,2026-06,counted,paid,fulfilled,2026-06-04 20:18:00 +0100,Shopify Payments,113,0,0,18.83,113,0,94.16666666666667,0,18.83333333333334
#30182,2026-06,counted,partially_refunded,fulfilled,2026-06-04 20:42:00 +0100,Shopify Payments,25,0,3.95,4.83,28.95,14.48,8.766666666666667,3.291666666666667,2.411666666666667
#30183,2026-06,counted,paid,fulfilled,2026-06-04 21:13:00 +0100,PayPal Express Checkout,62,0,0,10.33,62,0,51.66666666666667,0,10.33333333333333
#30184,2026-06,counted,paid,fulfilled,2026-06-04 21:51:00 +0100,Gift card,63,0,0,10.5,63,0,52.5,0,10.5
#30185,2026-06,counted,paid,fulfilled,2026-06-04 22:29:00 +0100,Shopify Payments,15,0,3.95,3.16,18.95,0,12.5,3.291666666666667,3.158333333333334
#30186,2026-06,counted,paid,fulfilled,2026-06-04 22:37:00 +0100,Shopify Payments,108,0,0,18,108,0,90,0,18
#30187,2026-06,counted,paid,fulfilled,2026-06-04 22:57:00 +0100,Shopify Payments,66,0,0,11,66,0,55,0,11
#30188,2026-06,test order,paid,fulfilled,2026-06-05 07:59:00 +0100,Shopify Payments,test,SUMMER10,85.8,8.58,0,12.87,77.22,0,64.35000000000001,0,12.87
#30189,2026-06,counted,paid,fulfilled,2026-06-05 08:45:00 +0100,Shopify Payments,36,0,3.95,6.66,39.95,0,30,3.291666666666667,6.658333333333334
#30190,2026-06,counted,paid,fulfilled,2026-06-05 09:38:00 +0100,Shopify Payments,26,0,3.95,4.99,29.95,0,21.66666666666667,3.291666666666667,4.991666666666667
#30191,2026-06,unshipped,refunded,unfulfilled,2026-06-05 09:51:00 +0100,Shopify Payments,38,0,3.95,6.99,41.95,41.95,0,-2.220446049250313e-15,-4.440892098500627e-16
#30192,2026-06,counted,paid,fulfilled,2026-06-05 10:07:00 +0100,Shopify Payments,26,0,3.95,4.99,29.95,0,21.66666666666667,3.291666666666667,4.991666666666667
#30193,2026-06,counted,paid,fulfilled,2026-06-05 10:07:00 +0100,Shopify Payments,125,0,0,20.83,125,0,104.1666666666667,0,20.83333333333334
#30194,2026-06,counted,paid,fulfilled,2026-06-05 10:27:00 +0100,Shopify Payments,42,0,3.95,7.66,45.95,0,35,3.291666666666667,7.658333333333335
#30195,2026-06,counted,paid,fulfilled,2026-06-05 10:44:00 +0100,Shopify Payments,57.5,0,0,9.58,57.5,0,47.91666666666667,0,9.583333333333334
#30196,2026-06,counted,paid,fulfilled,2026-06-05 10:51:00 +0100,Shopify Payments,WELCOME5,28.5,5,3.95,4.58,27.45,0,19.58333333333334,3.291666666666667,4.575
#30197,2026-06,counted,paid,fulfilled,2026-06-05 10:52:00 +0100,Gift card,76,0,0,12.67,76,0,63.33333333333334,0,12.66666666666667
#30198,2026-06,counted,partially_refunded,fulfilled,2026-06-05 10:58:00 +0100,Shopify Payments,SUMMER10,15,1.5,3.95,2.91,17.45,5.24,6.883333333333333,3.291666666666667,2.035
#30199,2026-06,counted,paid,fulfilled,2026-06-05 10:59:00 +0100,Shopify Payments,78,0,0,13,78,0,65,0,13
#30200,2026-06,counted,paid,fulfilled,2026-06-05 11:12:00 +0100,PayPal Express Checkout,SUMMER10,200,20,0,30,180,0,150,0,30
#30201,2026-06,counted,paid,fulfilled,2026-06-05 11:14:00 +0100,Shopify Payments,112,0,0,18.67,112,0,93.33333333333334,0,18.66666666666667
#30202,2026-06,counted,paid,fulfilled,2026-06-05 11:14:00 +0100,Shopify Payments,114,0,0,19,114,0,95,0,19
#30203,2026-06,counted,paid,fulfilled,2026-06-05 11:17:00 +0100,Shopify Payments,SUMMER10,56,5.6,0,8.4,50.4,0,42,0,8.4
#30204,2026-06,counted,paid,fulfilled,2026-06-05 11:21:00 +0100,Shopify Payments,75,0,0,12.5,75,0,62.5,0,12.5
#30205,2026-06,counted,paid,fulfilled,2026-06-05 11:57:00 +0100,Gift card,22,0,3.95,4.33,25.95,0,18.33333333333334,3.291666666666667,4.325
#30206,2026-06,counted,paid,fulfilled,2026-06-05 12:43:00 +0100,Shopify Payments,22,0,3.95,4.33,25.95,0,18.33333333333334,3.291666666666667,4.325
#30207,2026-06,counted,paid,fulfilled,2026-06-05 13:16:00 +0100,Shopify Payments,15,0,3.95,3.16,18.95,0,12.5,3.291666666666667,3.158333333333334
#30208,2026-06,counted,paid,fulfilled,2026-06-05 13:31:00 +0100,Shopify Payments,42,0,3.95,7.66,45.95,0,35,3.291666666666667,7.658333333333335
#30209,2026-06,counted,paid,fulfilled,2026-06-05 13:44:00 +0100,Shopify Payments,90,0,0,15,90,0,75,0,15
#30210,2026-06,counted,paid,fulfilled,2026-06-05 14:21:00 +0100,Shopify Payments,12,0,3.95,2.66,15.95,0,10,3.291666666666667,2.658333333333333
#30211,2026-06,counted,paid,fulfilled,2026-06-05 14:35:00 +0100,Shopify Payments,25,0,3.95,4.83,28.95,0,20.83333333333334,3.291666666666667,4.825
#30212,2026-06,counted,paid,fulfilled,2026-06-05 14:40:00 +0100,Shopify Payments,86,0,0,14.33,86,0,71.66666666666667,0,14.33333333333333
#30213,2026-06,counted,paid,fulfilled,2026-06-05 14:48:00 +0100,Shopify Payments,66,0,0,11,66,0,55,0,11
#30214,2026-06,counted,paid,fulfilled,2026-06-05 15:04:00 +0100,Shopify Payments,54,0,0,9,54,0,45,0,9.000000000000002
#30215,2026-06,counted,paid,fulfilled,2026-06-05 15:58:00 +0100,Shopify Payments,42,0,3.95,7.66,45.95,0,35,3.291666666666667,7.658333333333335
#30216,2026-06,counted,paid,fulfilled,2026-06-05 16:13:00 +0100,Shopify Payments,37,0,3.95,6.83,40.95,0,30.83333333333334,3.291666666666667,6.825000000000001
#30217,2026-06,counted,paid,fulfilled,2026-06-05 16:24:00 +0100,Shopify Payments,108,0,0,18,108,0,90,0,18
#30218,2026-06,counted,paid,fulfilled,2026-06-05 16:41:00 +0100,Shopify Payments,84,0,0,14,84,0,70,0,14
#30219,2026-06,counted,paid,fulfilled,2026-06-05 16:44:00 +0100,Shopify Payments,44,0,3.95,7.99,47.95,0,36.66666666666667,3.291666666666667,7.991666666666668
#30220,2026-06,counted,paid,fulfilled,2026-06-05 17:04:00 +0100,Shopify Payments,115,0,0,19.17,115,0,95.83333333333334,0,19.16666666666667
#30221,2026-06,counted,paid,fulfilled,2026-06-05 17:12:00 +0100,Shopify Payments,WELCOME5,85,5,0,13.33,80,0,66.66666666666667,0,13.33333333333333
#30222,2026-06,counted,refunded,fulfilled,2026-06-05 17:13:00 +0100,Shopify Payments,37,0,3.95,6.83,40.95,40.95,0,-2.220446049250313e-15,-4.440892098500627e-16
#30223,2026-06,counted,paid,fulfilled,2026-06-05 17:19:00 +0100,Shopify Payments,96,0,0,16,96,0,80,0,16
#30224,2026-06,counted,paid,fulfilled,2026-06-05 17:26:00 +0100,PayPal Express Checkout,SUMMER10,48,4.8,3.95,7.86,47.15,0,36.00000000000001,3.291666666666667,7.858333333333335
#30225,2026-06,counted,paid,fulfilled,2026-06-05 17:27:00 +0100,Shopify Payments,20,0,3.95,3.99,23.95,0,16.66666666666667,3.291666666666667,3.991666666666667
#30226,2026-06,counted,paid,fulfilled,2026-06-05 18:36:00 +0100,Shopify Payments,123,0,0,20.5,123,0,102.5,0,20.5
#30227,2026-06,counted,paid,fulfilled,2026-06-05 18:51:00 +0100,Shopify Payments,SUMMER10,132,13.2,0,19.8,118.8,0,99,0,19.8
#30228,2026-06,counted,paid,fulfilled,2026-06-05 18:57:00 +0100,Shopify Payments,37,0,3.95,6.83,40.95,0,30.83333333333334,3.291666666666667,6.825000000000001
#30229,2026-06,counted,paid,fulfilled,2026-06-05 20:12:00 +0100,Shopify Payments,60,0,0,10,60,0,50,0,10
#30230,2026-06,counted,paid,fulfilled,2026-06-05 20:28:00 +0100,PayPal Express Checkout,63,0,0,10.5,63,0,52.5,0,10.5
#30231,2026-06,counted,paid,fulfilled,2026-06-05 22:36:00 +0100,PayPal Express Checkout,42,0,3.95,7.66,45.95,0,35,3.291666666666667,7.658333333333335
#30232,2026-06,counted,paid,fulfilled,2026-06-05 22:50:00 +0100,Shopify Payments,52,0,0,8.67,52,0,43.33333333333334,0,8.666666666666668
#30233,2026-06,counted,paid,fulfilled,2026-06-06 07:07:00 +0100,PayPal Express Checkout,SUMMER10,30,3,3.95,5.16,30.95,0,22.5,3.291666666666667,5.158333333333334
#30234,2026-06,counted,paid,fulfilled,2026-06-06 08:10:00 +0100,Shopify Payments,120,0,0,20,120,0,100,0,20
#30235,2026-06,counted,paid,fulfilled,2026-06-06 09:06:00 +0100,Shopify Payments,51,0,0,8.5,51,0,42.5,0,8.500000000000002
#30236,2026-06,counted,paid,fulfilled,2026-06-06 09:17:00 +0100,Shopify Payments,84,0,0,14,84,0,70,0,14
#30237,2026-06,counted,paid,fulfilled,2026-06-06 09:26:00 +0100,Shopify Payments,68,0,0,11.33,68,0,56.66666666666667,0,11.33333333333334
#30238,2026-06,counted,paid,fulfilled,2026-06-06 10:06:00 +0100,Shopify Payments,114,0,0,19,114,0,95,0,19
#30239,2026-06,counted,paid,fulfilled,2026-06-06 10:19:00 +0100,Shopify Payments,36,0,3.95,6.66,39.95,0,30,3.291666666666667,6.658333333333334
#30240,2026-06,counted,paid,fulfilled,2026-06-06 10:33:00 +0100,Shopify Payments,121,0,0,20.17,121,0,100.8333333333333,0,20.16666666666667
#30241,2026-06,counted,paid,fulfilled,2026-06-06 11:21:00 +0100,Shopify Payments,9,0,3.95,2.16,12.95,0,7.5,3.291666666666667,2.158333333333333
#30242,2026-06,counted,paid,fulfilled,2026-06-06 11:31:00 +0100,PayPal Express Checkout,22,0,3.95,4.33,25.95,0,18.33333333333334,3.291666666666667,4.325
#30243,2026-06,counted,paid,fulfilled,2026-06-06 12:14:00 +0100,Shopify Payments,111,0,0,18.5,111,0,92.5,0,18.5
#30244,2026-06,counted,paid,fulfilled,2026-06-06 12:33:00 +0100,Shopify Payments,111,0,0,18.5,111,0,92.5,0,18.5
#30245,2026-06,counted,paid,fulfilled,2026-06-06 12:36:00 +0100,Shopify Payments,SUMMER10,17,1.7,3.95,3.21,19.25,0,12.75,3.291666666666667,3.208333333333333
#30246,2026-06,counted,paid,fulfilled,2026-06-06 13:02:00 +0100,Shopify Payments,22,0,3.95,4.33,25.95,0,18.33333333333334,3.291666666666667,4.325
#30247,2026-06,counted,paid,fulfilled,2026-06-06 13:47:00 +0100,Shopify Payments,SUMMER10,69,6.9,0,10.35,62.1,0,51.75,0,10.35
#30248,2026-06,counted,paid,fulfilled,2026-06-06 14:22:00 +0100,Shopify Payments,87,0,0,14.5,87,0,72.5,0,14.5
#30249,2026-06,counted,paid,fulfilled,2026-06-06 16:26:00 +0100,Shopify Payments,48,0,3.95,8.66,51.95,0,40,3.291666666666667,8.658333333333335
#30250,2026-06,counted,paid,fulfilled,2026-06-06 16:37:00 +0100,Shopify Payments,12,0,3.95,2.66,15.95,0,10,3.291666666666667,2.658333333333333
#30251,2026-06,counted,paid,fulfilled,2026-06-06 17:03:00 +0100,Shopify Payments,71,0,0,11.83,71,0,59.16666666666667,0,11.83333333333333
#30252,2026-06,counted,paid,fulfilled,2026-06-06 17:35:00 +0100,Shopify Payments,120,0,0,20,120,0,100,0,20
#30253,2026-06,counted,paid,fulfilled,2026-06-06 17:46:00 +0100,Shopify Payments,SUMMER10,196.5,19.65,0,29.48,176.85,0,147.375,0,29.475
#30254,2026-06,counted,paid,fulfilled,2026-06-06 17:57:00 +0100,Shopify Payments,34,0,3.95,6.33,37.95,0,28.33333333333334,3.291666666666667,6.325000000000001
#30255,2026-06,counted,paid,fulfilled,2026-06-06 18:13:00 +0100,Shopify Payments,14,0,3.95,2.99,17.95,0,11.66666666666667,3.291666666666667,2.991666666666667
#30256,2026-06,counted,paid,fulfilled,2026-06-06 18:29:00 +0100,Shopify Payments,72,0,0,12,72,0,60,0,12
#30257,2026-06,counted,paid,fulfilled,2026-06-06 18:33:00 +0100,Shopify Payments,51,0,0,8.5,51,0,42.5,0,8.500000000000002
#30258,2026-06,counted,paid,fulfilled,2026-06-06 20:18:00 +0100,Shopify Payments,156,0,0,26,156,0,130,0,26
#30259,2026-06,counted,paid,fulfilled,2026-06-06 20:20:00 +0100,Shopify Payments,22,0,3.95,4.33,25.95,0,18.33333333333334,3.291666666666667,4.325
#30260,2026-06,counted,paid,fulfilled,2026-06-06 20:53:00 +0100,Shopify Payments,91,0,0,15.17,91,0,75.83333333333334,0,15.16666666666667
#30261,2026-06,counted,paid,fulfilled,2026-06-06 21:08:00 +0100,Shopify Payments,72,0,0,12,72,0,60,0,12
#30262,2026-06,counted,paid,fulfilled,2026-06-06 21:13:00 +0100,Shopify Payments,32,0,3.95,5.99,35.95,0,26.66666666666667,3.291666666666667,5.991666666666668
#30263,2026-06,counted,paid,fulfilled,2026-06-06 21:17:00 +0100,Shopify Payments,53,0,0,8.83,53,0,44.16666666666667,0,8.833333333333336
#30264,2026-06,counted,paid,fulfilled,2026-06-06 22:20:00 +0100,Shopify Payments,15,0,3.95,3.16,18.95,0,12.5,3.291666666666667,3.158333333333334
#30265,2026-06,counted,paid,fulfilled,2026-06-06 22:20:00 +0100,PayPal Express Checkout,91,0,0,15.17,91,0,75.83333333333334,0,15.16666666666667
#30266,2026-06,counted,paid,fulfilled,2026-06-06 22:22:00 +0100,Shopify Payments,SUMMER10,170,17,0,25.5,153,0,127.5,0,25.5
#30267,2026-06,counted,paid,fulfilled,2026-06-06 22:31:00 +0100,Shopify Payments,14,0,3.95,2.99,17.95,0,11.66666666666667,3.291666666666667,2.991666666666667
#30268,2026-06,counted,paid,fulfilled,2026-06-06 22:40:00 +0100,Shopify Payments,SUMMER10,96,9.6,0,14.4,86.40000000000001,0,72.00000000000001,0,14.4
#30269,2026-06,counted,paid,fulfilled,2026-06-06 22:48:00 +0100,Shopify Payments,18,0,3.95,3.66,21.95,0,15,3.291666666666667,3.658333333333333
#30270,2026-06,counted,paid,fulfilled,2026-06-07 07:09:00 +0100,Shopify Payments,65,0,0,10.83,65,0,54.16666666666667,0,10.83333333333333
#30271,2026-06,counted,paid,fulfilled,2026-06-07 08:13:00 +0100,Shopify Payments,SUMMER10,11,1.1,3.95,2.31,13.85,0,8.25,3.291666666666667,2.308333333333334
#30272,2026-06,counted,paid,fulfilled,2026-06-07 08:15:00 +0100,Shopify Payments,123,0,0,20.5,123,0,102.5,0,20.5
#30273,2026-06,counted,paid,fulfilled,2026-06-07 08:16:00 +0100,Shopify Payments,108,0,0,18,108,0,90,0,18
#30274,2026-06,counted,paid,fulfilled,2026-06-07 08:23:00 +0100,Shopify Payments,102,0,0,17,102,0,85,0,17
#30275,2026-06,counted,paid,fulfilled,2026-06-07 08:46:00 +0100,Shopify Payments,58.5,0,0,9.75,58.5,0,48.75,0,9.750000000000002
#30276,2026-06,counted,paid,fulfilled,2026-06-07 08:48:00 +0100,Shopify Payments,89,0,0,14.83,89,0,74.16666666666667,0,14.83333333333333
#30277,2026-06,counted,paid,fulfilled,2026-06-07 08:50:00 +0100,Shopify Payments,285,0,0,47.5,285,0,237.5,0,47.5
#30278,2026-06,counted,paid,fulfilled,2026-06-07 09:26:00 +0100,Shopify Payments,80,0,0,13.33,80,0,66.66666666666667,0,13.33333333333333
#30279,2026-06,counted,paid,fulfilled,2026-06-07 09:47:00 +0100,Shopify Payments,22.5,0,3.95,4.41,26.45,0,18.75,3.291666666666667,4.408333333333333
#30280,2026-06,counted,paid,fulfilled,2026-06-07 09:50:00 +0100,Shopify Payments,101,0,0,16.83,101,0,84.16666666666667,0,16.83333333333334
#30281,2026-06,counted,paid,fulfilled,2026-06-07 09:55:00 +0100,Shopify Payments,87,0,0,14.5,87,0,72.5,0,14.5
#30282,2026-06,counted,paid,fulfilled,2026-06-07 10:16:00 +0100,PayPal Express Checkout,90,0,0,15,90,0,75,0,15
#30283,2026-06,counted,paid,fulfilled,2026-06-07 10:57:00 +0100,Shopify Payments,41,0,3.95,7.49,44.95,0,34.16666666666667,3.291666666666667,7.491666666666667
#30284,2026-06,counted,paid,fulfilled,2026-06-07 11:07:00 +0100,PayPal Express Checkout,108,0,0,18,108,0,90,0,18
#30285,2026-06,counted,paid,fulfilled,2026-06-07 11:23:00 +0100,Shopify Payments,68,0,0,11.33,68,0,56.66666666666667,0,11.33333333333334
#30286,2026-06,counted,paid,fulfilled,2026-06-07 11:50:00 +0100,Shopify Payments,22.5,0,3.95,4.41,26.45,0,18.75,3.291666666666667,4.408333333333333
#30287,2026-06,counted,paid,fulfilled,2026-06-07 11:51:00 +0100,Shopify Payments,11,0,3.95,2.49,14.95,0,9.166666666666668,3.291666666666667,2.491666666666667
#30288,2026-06,counted,paid,fulfilled,2026-06-07 12:35:00 +0100,Shopify Payments,54,0,0,9,54,0,45,0,9.000000000000002
#30289,2026-06,counted,paid,fulfilled,2026-06-07 12:53:00 +0100,Shopify Payments,66,0,0,11,66,0,55,0,11
#30290,2026-06,counted,paid,fulfilled,2026-06-07 13:35:00 +0100,Shopify Payments,SUMMER10,92,9.199999999999999,0,13.8,82.8,0,69,0,13.8
#30291,2026-06,counted,paid,fulfilled,2026-06-07 13:53:00 +0100,Shopify Payments,106,0,0,17.67,106,0,88.33333333333334,0,17.66666666666667
#30292,2026-06,counted,paid,fulfilled,2026-06-07 13:57:00 +0100,Shopify Payments,64,0,0,10.67,64,0,53.33333333333334,0,10.66666666666667
#30293,2026-06,counted,paid,fulfilled,2026-06-07 14:17:00 +0100,Shopify Payments,11,0,3.95,2.49,14.95,0,9.166666666666668,3.291666666666667,2.491666666666667
#30294,2026-06,counted,paid,fulfilled,2026-06-07 15:20:00 +0100,Gift card,36,0,3.95,6.66,39.95,0,30,3.291666666666667,6.658333333333334
#30295,2026-06,counted,paid,fulfilled,2026-06-07 15:52:00 +0100,Gift card,188,0,0,31.33,188,0,156.6666666666667,0,31.33333333333334
#30296,2026-06,counted,paid,fulfilled,2026-06-07 17:06:00 +0100,Shopify Payments,131,0,0,21.83,131,0,109.1666666666667,0,21.83333333333334
#30297,2026-06,counted,paid,fulfilled,2026-06-07 17:14:00 +0100,Shopify Payments,SUMMER10,16,1.6,3.95,3.06,18.35,0,12,3.291666666666667,3.058333333333334
#30298,2026-06,counted,paid,fulfilled,2026-06-07 18:21:00 +0100,Shopify Payments,92,0,0,15.33,92,0,76.66666666666667,0,15.33333333333334
#30299,2026-06,counted,paid,fulfilled,2026-06-07 18:32:00 +0100,Shopify Payments,SUMMER10,193,19.3,0,28.95,173.7,0,144.75,0,28.95
#30300,2026-06,counted,paid,fulfilled,2026-06-07 19:03:00 +0100,Shopify Payments,32,0,3.95,5.99,35.95,0,26.66666666666667,3.291666666666667,5.991666666666668
#30301,2026-06,counted,paid,fulfilled,2026-06-07 19:56:00 +0100,Shopify Payments,26,0,3.95,4.99,29.95,0,21.66666666666667,3.291666666666667,4.991666666666667
#30302,2026-06,counted,paid,fulfilled,2026-06-07 20:36:00 +0100,PayPal Express Checkout,91.5,0,0,15.25,91.5,0,76.25,0,15.25
#30303,2026-06,counted,paid,fulfilled,2026-06-07 20:51:00 +0100,PayPal Express Checkout,24,0,3.95,4.66,27.95,0,20,3.291666666666667,4.658333333333333
#30304,2026-06,counted,paid,fulfilled,2026-06-07 21:13:00 +0100,Shopify Payments,100.5,0,0,16.75,100.5,0,83.75,0,16.75
#30305,2026-06,counted,partially_refunded,fulfilled,2026-06-07 21:40:00 +0100,Shopify Payments,16,0,3.95,3.33,19.95,5.99,8.341666666666667,3.291666666666667,2.326666666666667
#30306,2026-06,counted,paid,fulfilled,2026-06-07 21:49:00 +0100,Shopify Payments,124,0,0,20.67,124,0,103.3333333333333,0,20.66666666666667
#30307,2026-06,counted,paid,fulfilled,2026-06-07 22:29:00 +0100,Shopify Payments,45,0,3.95,8.16,48.95,0,37.5,3.291666666666667,8.158333333333335
#30308,2026-06,counted,paid,fulfilled,2026-06-07 22:36:00 +0100,Shopify Payments,44,0,3.95,7.99,47.95,0,36.66666666666667,3.291666666666667,7.991666666666668
#30309,2026-06,counted,paid,fulfilled,2026-06-07 22:41:00 +0100,Shopify Payments,17,0,3.95,3.49,20.95,0,14.16666666666667,3.291666666666667,3.491666666666667
#30310,2026-06,counted,paid,fulfilled,2026-06-08 07:01:00 +0100,Shopify Payments,117,0,0,19.5,117,0,97.5,0,19.5
#30311,2026-06,counted,paid,fulfilled,2026-06-08 07:35:00 +0100,PayPal Express Checkout,22,0,3.95,4.33,25.95,0,18.33333333333334,3.291666666666667,4.325
#30312,2026-06,counted,paid,fulfilled,2026-06-08 07:35:00 +0100,Shopify Payments,306,0,0,51,306,0,255,0,51.00000000000001
#30313,2026-06,counted,paid,fulfilled,2026-06-08 07:38:00 +0100,Shopify Payments,24,0,3.95,4.66,27.95,0,20,3.291666666666667,4.658333333333333
#30314,2026-06,counted,paid,fulfilled,2026-06-08 08:09:00 +0100,Shopify Payments,44,0,3.95,7.99,47.95,0,36.66666666666667,3.291666666666667,7.991666666666668
#30315,2026-06,voided/cancelled,voided,unfulfilled,2026-06-08 08:46:00 +0100,Shopify Payments,31,0,3.95,5.83,34.95,0,25.83333333333334,3.291666666666667,5.825000000000001
#30316,2026-06,counted,paid,fulfilled,2026-06-08 09:41:00 +0100,Shopify Payments,67.5,0,0,11.25,67.5,0,56.25,0,11.25
#30317,2026-06,counted,paid,fulfilled,2026-06-08 09:58:00 +0100,Shopify Payments,11,0,3.95,2.49,14.95,0,9.166666666666668,3.291666666666667,2.491666666666667
#30318,2026-06,counted,paid,fulfilled,2026-06-08 10:23:00 +0100,Shopify Payments,91,0,0,15.17,91,0,75.83333333333334,0,15.16666666666667
#30319,2026-06,counted,paid,fulfilled,2026-06-08 10:46:00 +0100,PayPal Express Checkout,182,0,0,30.33,182,0,151.6666666666667,0,30.33333333333333
#30320,2026-06,counted,paid,fulfilled,2026-06-08 10:49:00 +0100,Shopify Payments,101.5,0,0,16.92,101.5,0,84.58333333333334,0,16.91666666666667
#30321,2026-06,counted,paid,fulfilled,2026-06-08 11:06:00 +0100,PayPal Express Checkout,132.5,0,0,22.08,132.5,0,110.4166666666667,0,22.08333333333334
#30322,2026-06,counted,refunded,fulfilled,2026-06-08 11:29:00 +0100,Shopify Payments,78,0,0,13,78,78,0,0,0
#30323,2026-06,counted,paid,fulfilled,2026-06-08 11:38:00 +0100,Shopify Payments,136,0,0,22.67,136,0,113.3333333333333,0,22.66666666666667
#30324,2026-06,counted,paid,fulfilled,2026-06-08 11:43:00 +0100,Shopify Payments,51,0,0,8.5,51,0,42.5,0,8.500000000000002
#30325,2026-06,counted,paid,fulfilled,2026-06-08 11:55:00 +0100,Shopify Payments,SUMMER10,132,13.2,0,19.8,118.8,0,99,0,19.8
#30326,2026-06,counted,paid,fulfilled,2026-06-08 12:34:00 +0100,Shopify Payments,17,0,3.95,3.49,20.95,0,14.16666666666667,3.291666666666667,3.491666666666667
#30327,2026-06,counted,paid,fulfilled,2026-06-08 12:37:00 +0100,Shopify Payments,75,0,0,12.5,75,0,62.5,0,12.5
#30328,2026-06,counted,paid,fulfilled,2026-06-08 13:03:00 +0100,Shopify Payments,23,0,3.95,4.49,26.95,0,19.16666666666667,3.291666666666667,4.491666666666667
#30329,2026-06,counted,paid,fulfilled,2026-06-08 13:10:00 +0100,Shopify Payments,46,0,3.95,8.33,49.95,0,38.33333333333334,3.291666666666667,8.325000000000003
#30330,2026-06,counted,paid,fulfilled,2026-06-08 13:29:00 +0100,Shopify Payments,194,0,0,32.33,194,0,161.6666666666667,0,32.33333333333334
#30331,2026-06,counted,paid,fulfilled,2026-06-08 13:30:00 +0100,Shopify Payments,78,0,0,13,78,0,65,0,13
#30332,2026-06,counted,paid,fulfilled,2026-06-08 13:34:00 +0100,Shopify Payments,76,0,0,12.67,76,0,63.33333333333334,0,12.66666666666667
#30333,2026-06,counted,paid,fulfilled,2026-06-08 13:38:00 +0100,"Gift card, Shopify Payments",33,0,3.95,6.16,36.95,0,27.5,3.291666666666667,6.158333333333334
#30334,2026-06,counted,paid,fulfilled,2026-06-08 13:43:00 +0100,Shopify Payments,117,0,0,19.5,117,0,97.5,0,19.5
#30335,2026-06,counted,paid,fulfilled,2026-06-08 14:12:00 +0100,PayPal Express Checkout,73,0,0,12.17,73,0,60.83333333333334,0,12.16666666666667
#30336,2026-06,counted,paid,fulfilled,2026-06-08 14:24:00 +0100,Shopify Payments,146.5,0,0,24.42,146.5,0,122.0833333333333,0,24.41666666666667
#30337,2026-06,counted,paid,fulfilled,2026-06-08 14:50:00 +0100,Shopify Payments,38,0,3.95,6.99,41.95,0,31.66666666666667,3.291666666666667,6.991666666666667
#30338,2026-06,counted,paid,fulfilled,2026-06-08 14:56:00 +0100,Shopify Payments,181,0,0,30.17,181,0,150.8333333333333,0,30.16666666666667
#30339,2026-06,counted,paid,fulfilled,2026-06-08 15:06:00 +0100,Shopify Payments,19,0,3.95,3.83,22.95,0,15.83333333333333,3.291666666666667,3.825
#30340,2026-06,counted,paid,fulfilled,2026-06-08 15:19:00 +0100,Shopify Payments,128,0,0,21.33,128,0,106.6666666666667,0,21.33333333333334
#30341,2026-06,counted,paid,fulfilled,2026-06-08 15:30:00 +0100,PayPal Express Checkout,32,0,3.95,5.99,35.95,0,26.66666666666667,3.291666666666667,5.991666666666668
#30342,2026-06,counted,paid,fulfilled,2026-06-08 15:33:00 +0100,Shopify Payments,42,0,3.95,7.66,45.95,0,35,3.291666666666667,7.658333333333335
#30343,2026-06,counted,paid,fulfilled,2026-06-08 15:33:00 +0100,Shopify Payments,96,0,0,16,96,0,80,0,16
#30344,2026-06,counted,paid,fulfilled,2026-06-08 16:19:00 +0100,Shopify Payments,84,0,0,14,84,0,70,0,14
#30345,2026-06,counted,paid,fulfilled,2026-06-08 16:30:00 +0100,Shopify Payments,71,0,0,11.83,71,0,59.16666666666667,0,11.83333333333333
#30346,2026-06,counted,paid,fulfilled,2026-06-08 16:38:00 +0100,Shopify Payments,37,0,3.95,6.83,40.95,0,30.83333333333334,3.291666666666667,6.825000000000001
#30347,2026-06,counted,paid,fulfilled,2026-06-08 16:54:00 +0100,Shopify Payments,142,0,0,23.67,142,0,118.3333333333333,0,23.66666666666667
#30348,2026-06,counted,paid,fulfilled,2026-06-08 17:16:00 +0100,Shopify Payments,157,0,0,26.17,157,0,130.8333333333333,0,26.16666666666667
#30349,2026-06,counted,paid,fulfilled,2026-06-08 17:42:00 +0100,Shopify Payments,28,0,3.95,5.33,31.95,0,23.33333333333334,3.291666666666667,5.325000000000001
#30350,2026-06,counted,paid,fulfilled,2026-06-08 17:47:00 +0100,Shopify Payments,19,0,3.95,3.83,22.95,0,15.83333333333333,3.291666666666667,3.825
#30351,2026-06,counted,paid,fulfilled,2026-06-08 18:40:00 +0100,Shopify Payments,83.5,0,0,13.92,83.5,0,69.58333333333334,0,13.91666666666667
#30352,2026-06,counted,paid,fulfilled,2026-06-08 18:54:00 +0100,Shopify Payments,49,0,3.95,8.83,52.95,0,40.83333333333334,3.291666666666667,8.825000000000001
#30353,2026-06,counted,paid,fulfilled,2026-06-08 19:05:00 +0100,Shopify Payments,244,0,0,40.67,244,0,203.3333333333333,0,40.66666666666667
#30354,2026-06,counted,paid,fulfilled,2026-06-08 20:16:00 +0100,Shopify Payments,39.5,0,3.95,7.24,43.45,0,32.91666666666667,3.291666666666667,7.241666666666668
#30355,2026-06,counted,paid,fulfilled,2026-06-08 20:22:00 +0100,Shopify Payments,19,0,3.95,3.83,22.95,0,15.83333333333333,3.291666666666667,3.825
#30356,2026-06,counted,paid,fulfilled,2026-06-08 20:43:00 +0100,Shopify Payments,15,0,3.95,3.16,18.95,0,12.5,3.291666666666667,3.158333333333334
#30357,2026-06,counted,paid,fulfilled,2026-06-08 20:48:00 +0100,Shopify Payments,44,0,3.95,7.99,47.95,0,36.66666666666667,3.291666666666667,7.991666666666668
#30358,2026-06,counted,paid,fulfilled,2026-06-08 21:00:00 +0100,Shopify Payments,26,0,3.95,4.99,29.95,0,21.66666666666667,3.291666666666667,4.991666666666667
#30359,2026-06,counted,paid,fulfilled,2026-06-08 21:03:00 +0100,PayPal Express Checkout,71,0,0,11.83,71,0,59.16666666666667,0,11.83333333333333
#30360,2026-06,counted,paid,fulfilled,2026-06-08 21:23:00 +0100,Shopify Payments,20,0,3.95,3.99,23.95,0,16.66666666666667,3.291666666666667,3.991666666666667
#30361,2026-06,counted,paid,fulfilled,2026-06-08 21:56:00 +0100,Shopify Payments,132,0,0,22,132,0,110,0,22
#30362,2026-06,counted,paid,fulfilled,2026-06-08 22:01:00 +0100,Shopify Payments,18,0,3.95,3.66,21.95,0,15,3.291666666666667,3.658333333333333
#30363,2026-06,counted,paid,fulfilled,2026-06-08 22:19:00 +0100,Shopify Payments,73,0,0,12.17,73,0,60.83333333333334,0,12.16666666666667
#30364,2026-06,counted,paid,fulfilled,2026-06-09 07:06:00 +0100,Shopify Payments,120,0,0,20,120,0,100,0,20
#30365,2026-06,counted,paid,fulfilled,2026-06-09 07:29:00 +0100,Shopify Payments,96,0,0,16,96,0,80,0,16
#30366,2026-06,counted,paid,fulfilled,2026-06-09 07:34:00 +0100,PayPal Express Checkout,29.5,0,3.95,5.58,33.45,0,24.58333333333334,3.291666666666667,5.575000000000001
#30367,2026-06,counted,paid,fulfilled,2026-06-09 07:34:00 +0100,Shopify Payments,16,0,3.95,3.33,19.95,0,13.33333333333333,3.291666666666667,3.325
#30368,2026-06,counted,paid,fulfilled,2026-06-09 07:35:00 +0100,Shopify Payments,99,0,0,16.5,99,0,82.5,0,16.5
#30369,2026-06,counted,paid,fulfilled,2026-06-09 07:40:00 +0100,Shopify Payments,86,0,0,14.33,86,0,71.66666666666667,0,14.33333333333333
#30370,2026-06,counted,paid,fulfilled,2026-06-09 07:42:00 +0100,Shopify Payments,128,0,0,21.33,128,0,106.6666666666667,0,21.33333333333334
#30371,2026-06,counted,paid,fulfilled,2026-06-09 08:41:00 +0100,Shopify Payments,14,0,3.95,2.99,17.95,0,11.66666666666667,3.291666666666667,2.991666666666667
#30372,2026-06,counted,paid,fulfilled,2026-06-09 08:47:00 +0100,Shopify Payments,WELCOME5,54,5,3.95,8.83,52.95,0,40.83333333333334,3.291666666666667,8.825000000000001
#30373,2026-06,counted,paid,fulfilled,2026-06-09 09:11:00 +0100,Shopify Payments,18,0,3.95,3.66,21.95,0,15,3.291666666666667,3.658333333333333
#30374,2026-06,counted,paid,fulfilled,2026-06-09 09:41:00 +0100,Shopify Payments,106,0,0,17.67,106,0,88.33333333333334,0,17.66666666666667
#30375,2026-06,counted,paid,fulfilled,2026-06-09 10:24:00 +0100,Shopify Payments,SUMMER10,103,10.3,0,15.45,92.7,0,77.25,0,15.45
#30376,2026-06,counted,paid,fulfilled,2026-06-09 10:52:00 +0100,Shopify Payments,296,0,0,49.33,296,0,246.6666666666667,0,49.33333333333334
#30377,2026-06,counted,paid,fulfilled,2026-06-09 10:54:00 +0100,Shopify Payments,WELCOME5,45,5,3.95,7.33,43.95,0,33.33333333333334,3.291666666666667,7.325000000000001
#30378,2026-06,counted,paid,fulfilled,2026-06-09 11:20:00 +0100,Shopify Payments,29.5,0,3.95,5.58,33.45,0,24.58333333333334,3.291666666666667,5.575000000000001
#30379,2026-06,counted,paid,fulfilled,2026-06-09 11:21:00 +0100,Shopify Payments,84,0,0,14,84,0,70,0,14
#30380,2026-06,counted,paid,fulfilled,2026-06-09 11:38:00 +0100,Shopify Payments,94,0,0,15.67,94,0,78.33333333333334,0,15.66666666666667
#30381,2026-06,counted,paid,fulfilled,2026-06-09 12:50:00 +0100,Shopify Payments,88,0,0,14.67,88,0,73.33333333333334,0,14.66666666666667
#30382,2026-06,counted,paid,fulfilled,2026-06-09 12:56:00 +0100,Shopify Payments,135,0,0,22.5,135,0,112.5,0,22.5
#30383,2026-06,counted,paid,fulfilled,2026-06-09 12:58:00 +0100,Shopify Payments,94,0,0,15.67,94,0,78.33333333333334,0,15.66666666666667
#30384,2026-06,counted,paid,fulfilled,2026-06-09 13:40:00 +0100,Shopify Payments,WELCOME5,42,5,3.95,6.83,40.95,0,30.83333333333334,3.291666666666667,6.825000000000001
#30385,2026-06,counted,paid,fulfilled,2026-06-09 13:55:00 +0100,Shopify Payments,52,0,0,8.67,52,0,43.33333333333334,0,8.666666666666668
#30386,2026-06,counted,paid,fulfilled,2026-06-09 13:58:00 +0100,Shopify Payments,42,0,3.95,7.66,45.95,0,35,3.291666666666667,7.658333333333335
#30387,2026-06,counted,paid,fulfilled,2026-06-09 14:25:00 +0100,Shopify Payments,WELCOME5,112,5,0,17.83,107,0,89.16666666666667,0,17.83333333333334
#30388,2026-06,counted,paid,fulfilled,2026-06-09 14:47:00 +0100,Shopify Payments,60.5,0,0,10.08,60.5,0,50.41666666666667,0,10.08333333333334
#30389,2026-06,counted,paid,fulfilled,2026-06-09 15:27:00 +0100,Shopify Payments,SUMMER10,84,8.4,0,12.6,75.59999999999999,0,63,0,12.6
#30390,2026-06,counted,paid,fulfilled,2026-06-09 15:41:00 +0100,Shopify Payments,90,0,0,15,90,0,75,0,15
#30391,2026-06,counted,paid,fulfilled,2026-06-09 15:45:00 +0100,Shopify Payments,58.5,0,0,9.75,58.5,0,48.75,0,9.750000000000002
#30392,2026-06,counted,partially_refunded,fulfilled,2026-06-09 15:50:00 +0100,Shopify Payments,14,0,3.95,2.99,17.95,5.39,7.175000000000002,3.291666666666667,2.093333333333333
#30393,2026-06,counted,paid,fulfilled,2026-06-09 16:10:00 +0100,Shopify Payments,13.5,0,3.95,2.91,17.45,0,11.25,3.291666666666667,2.908333333333334
#30394,2026-06,counted,paid,fulfilled,2026-06-09 17:09:00 +0100,Shopify Payments,38,0,3.95,6.99,41.95,0,31.66666666666667,3.291666666666667,6.991666666666667
#30395,2026-06,counted,paid,fulfilled,2026-06-09 17:22:00 +0100,Shopify Payments,349,0,0,58.17,349,0,290.8333333333334,0,58.16666666666666
#30396,2026-06,counted,paid,fulfilled,2026-06-09 17:29:00 +0100,Shopify Payments,9,0,3.95,2.16,12.95,0,7.5,3.291666666666667,2.158333333333333
#30397,2026-06,counted,paid,fulfilled,2026-06-09 18:16:00 +0100,Shopify Payments,35,0,3.95,6.49,38.95,0,29.16666666666667,3.291666666666667,6.491666666666668
#30398,2026-06,counted,paid,fulfilled,2026-06-09 18:18:00 +0100,Shopify Payments,18,0,3.95,3.66,21.95,0,15,3.291666666666667,3.658333333333333
#30399,2026-06,counted,paid,fulfilled,2026-06-09 18:34:00 +0100,Shopify Payments,53,0,0,8.83,53,0,44.16666666666667,0,8.833333333333336
#30400,2026-06,counted,paid,fulfilled,2026-06-09 19:48:00 +0100,Shopify Payments,43,0,3.95,7.83,46.95,0,35.83333333333334,3.291666666666667,7.825000000000001
#30401,2026-06,counted,paid,fulfilled,2026-06-09 20:15:00 +0100,Shopify Payments,28,0,3.95,5.33,31.95,0,23.33333333333334,3.291666666666667,5.325000000000001
#30402,2026-06,counted,paid,fulfilled,2026-06-09 20:23:00 +0100,Shopify Payments,WELCOME5,72,5,0,11.17,67,0,55.83333333333334,0,11.16666666666667
#30403,2026-06,counted,paid,fulfilled,2026-06-09 20:44:00 +0100,Gift card,17,0,3.95,3.49,20.95,0,14.16666666666667,3.291666666666667,3.491666666666667
#30404,2026-06,counted,paid,fulfilled,2026-06-09 21:01:00 +0100,Shopify Payments,46,0,3.95,8.33,49.95,0,38.33333333333334,3.291666666666667,8.325000000000003
#30405,2026-06,counted,paid,fulfilled,2026-06-09 21:13:00 +0100,Shopify Payments,77,0,0,12.83,77,0,64.16666666666667,0,12.83333333333333
#30406,2026-06,counted,paid,fulfilled,2026-06-09 21:41:00 +0100,Shopify Payments,110,0,0,18.33,110,0,91.66666666666667,0,18.33333333333334
#30407,2026-06,counted,paid,fulfilled,2026-06-09 21:46:00 +0100,Shopify Payments,WELCOME5,77,5,0,12,72,0,60,0,12
#30408,2026-06,counted,refunded,fulfilled,2026-06-09 21:50:00 +0100,Shopify Payments,SUMMER10,25,2.5,3.95,4.41,26.45,26.45,0,8.881784197001252e-16,1.480297366166876e-16
#30409,2026-06,counted,partially_refunded,fulfilled,2026-06-09 21:53:00 +0100,Shopify Payments,111.5,0,0,18.58,111.5,22.3,74.33333333333334,0,14.86666666666667
#30410,2026-06,counted,paid,fulfilled,2026-06-09 22:09:00 +0100,Shopify Payments,28,0,3.95,5.33,31.95,0,23.33333333333334,3.291666666666667,5.325000000000001
#30411,2026-06,counted,paid,fulfilled,2026-06-09 22:55:00 +0100,Gift card,119,0,0,19.83,119,0,99.16666666666667,0,19.83333333333334
#30412,2026-06,counted,paid,fulfilled,2026-06-10 07:47:00 +0100,Shopify Payments,18,0,3.95,3.66,21.95,0,15,3.291666666666667,3.658333333333333
#30413,2026-06,counted,paid,fulfilled,2026-06-10 07:56:00 +0100,Shopify Payments,14,0,3.95,2.99,17.95,0,11.66666666666667,3.291666666666667,2.991666666666667
#30414,2026-06,counted,paid,fulfilled,2026-06-10 08:01:00 +0100,Shopify Payments,78,0,0,13,78,0,65,0,13
#30415,2026-06,counted,paid,fulfilled,2026-06-10 08:07:00 +0100,Shopify Payments,201,0,0,33.5,201,0,167.5,0,33.50000000000001
#30416,2026-06,counted,paid,fulfilled,2026-06-10 08:21:00 +0100,Shopify Payments,40,0,3.95,7.33,43.95,0,33.33333333333334,3.291666666666667,7.325000000000001
#30417,2026-06,counted,paid,fulfilled,2026-06-10 08:26:00 +0100,Gift card,118,0,0,19.67,118,0,98.33333333333334,0,19.66666666666667
#30418,2026-06,counted,paid,fulfilled,2026-06-10 08:35:00 +0100,Shopify Payments,20,0,3.95,3.99,23.95,0,16.66666666666667,3.291666666666667,3.991666666666667
#30419,2026-06,counted,partially_refunded,fulfilled,2026-06-10 08:39:00 +0100,Shopify Payments,24,0,3.95,4.66,27.95,5.59,15.34166666666667,3.291666666666667,3.726666666666667
#30420,2026-06,counted,paid,fulfilled,2026-06-10 08:49:00 +0100,Shopify Payments,134,0,0,22.33,134,0,111.6666666666667,0,22.33333333333334
#30421,2026-06,counted,paid,fulfilled,2026-06-10 08:50:00 +0100,Shopify Payments,52,0,0,8.67,52,0,43.33333333333334,0,8.666666666666668
#30422,2026-06,counted,paid,fulfilled,2026-06-10 08:52:00 +0100,PayPal Express Checkout,SUMMER10,157,15.7,0,23.55,141.3,0,117.75,0,23.55
#30423,2026-06,counted,paid,fulfilled,2026-06-10 09:46:00 +0100,Shopify Payments,SUMMER10,156,15.6,0,23.4,140.4,0,117,0,23.4
#30424,2026-06,counted,paid,fulfilled,2026-06-10 10:22:00 +0100,Shopify Payments,18,0,3.95,3.66,21.95,0,15,3.291666666666667,3.658333333333333
#30425,2026-06,counted,paid,fulfilled,2026-06-10 10:54:00 +0100,Shopify Payments,135,0,0,22.5,135,0,112.5,0,22.5
#30426,2026-06,counted,paid,fulfilled,2026-06-10 11:16:00 +0100,Shopify Payments,91.5,0,0,15.25,91.5,0,76.25,0,15.25
#30427,2026-06,counted,paid,fulfilled,2026-06-10 11:30:00 +0100,Shopify Payments,SUMMER10,50,5,3.95,8.16,48.95,0,37.5,3.291666666666667,8.158333333333335
#30428,2026-06,counted,paid,fulfilled,2026-06-10 12:28:00 +0100,Shopify Payments,94,0,0,15.67,94,0,78.33333333333334,0,15.66666666666667
#30429,2026-06,counted,paid,fulfilled,2026-06-10 12:49:00 +0100,PayPal Express Checkout,36,0,3.95,6.66,39.95,0,30,3.291666666666667,6.658333333333334
#30430,2026-06,counted,paid,fulfilled,2026-06-10 12:54:00 +0100,Shopify Payments,16,0,3.95,3.33,19.95,0,13.33333333333333,3.291666666666667,3.325
#30431,2026-06,counted,paid,fulfilled,2026-06-10 12:56:00 +0100,PayPal Express Checkout,40,0,3.95,7.33,43.95,0,33.33333333333334,3.291666666666667,7.325000000000001
#30432,2026-06,counted,paid,fulfilled,2026-06-10 13:20:00 +0100,Shopify Payments,184,0,0,30.67,184,0,153.3333333333333,0,30.66666666666667
#30433,2026-06,counted,paid,fulfilled,2026-06-10 13:23:00 +0100,Shopify Payments,72,0,0,12,72,0,60,0,12
#30434,2026-06,counted,paid,fulfilled,2026-06-10 13:39:00 +0100,Shopify Payments,38,0,3.95,6.99,41.95,0,31.66666666666667,3.291666666666667,6.991666666666667
#30435,2026-06,counted,paid,fulfilled,2026-06-10 14:01:00 +0100,Shopify Payments,185,0,0,30.83,185,0,154.1666666666667,0,30.83333333333334
#30436,2026-06,counted,paid,fulfilled,2026-06-10 14:12:00 +0100,PayPal Express Checkout,SUMMER10,161,16.1,0,24.15,144.9,0,120.75,0,24.15000000000001
#30437,2026-06,counted,paid,fulfilled,2026-06-10 14:42:00 +0100,Shopify Payments,28,0,3.95,5.33,31.95,0,23.33333333333334,3.291666666666667,5.325000000000001
#30438,2026-06,counted,paid,fulfilled,2026-06-10 14:42:00 +0100,Shopify Payments,102,0,0,17,102,0,85,0,17
#30439,2026-06,counted,paid,fulfilled,2026-06-10 14:57:00 +0100,Shopify Payments,76,0,0,12.67,76,0,63.33333333333334,0,12.66666666666667
#30440,2026-06,counted,paid,fulfilled,2026-06-10 15:41:00 +0100,Gift card,19,0,3.95,3.83,22.95,0,15.83333333333333,3.291666666666667,3.825
#30441,2026-06,counted,paid,fulfilled,2026-06-10 15:45:00 +0100,Shopify Payments,46,0,3.95,8.33,49.95,0,38.33333333333334,3.291666666666667,8.325000000000003
#30442,2026-06,counted,paid,fulfilled,2026-06-10 16:49:00 +0100,Shopify Payments,63,0,0,10.5,63,0,52.5,0,10.5
#30443,2026-06,counted,paid,fulfilled,2026-06-10 17:08:00 +0100,Shopify Payments,23,0,3.95,4.49,26.95,0,19.16666666666667,3.291666666666667,4.491666666666667
#30444,2026-06,counted,paid,fulfilled,2026-06-10 17:45:00 +0100,Shopify Payments,60,0,0,10,60,0,50,0,10
#30445,2026-06,counted,paid,fulfilled,2026-06-10 18:04:00 +0100,Shopify Payments,88,0,0,14.67,88,0,73.33333333333334,0,14.66666666666667
#30446,2026-06,counted,paid,fulfilled,2026-06-10 18:24:00 +0100,Gift card,66,0,0,11,66,0,55,0,11
#30447,2026-06,counted,paid,fulfilled,2026-06-10 18:29:00 +0100,Shopify Payments,SUMMER10,76,7.6,0,11.4,68.40000000000001,0,57.00000000000001,0,11.4
#30448,2026-06,counted,paid,fulfilled,2026-06-10 19:23:00 +0100,Shopify Payments,WELCOME5,22,5,3.95,3.49,20.95,0,14.16666666666667,3.291666666666667,3.491666666666667
#30449,2026-06,counted,paid,fulfilled,2026-06-10 19:33:00 +0100,Shopify Payments,15,0,3.95,3.16,18.95,0,12.5,3.291666666666667,3.158333333333334
#30450,2026-06,counted,paid,fulfilled,2026-06-10 19:39:00 +0100,Shopify Payments,18,0,3.95,3.66,21.95,0,15,3.291666666666667,3.658333333333333
#30451,2026-06,counted,paid,fulfilled,2026-06-10 19:54:00 +0100,Shopify Payments,64,0,0,10.67,64,0,53.33333333333334,0,10.66666666666667
#30452,2026-06,counted,paid,fulfilled,2026-06-10 20:09:00 +0100,Shopify Payments,219,0,0,36.5,219,0,182.5,0,36.50000000000001
#30453,2026-06,counted,paid,fulfilled,2026-06-10 20:11:00 +0100,Shopify Payments,123,0,0,20.5,123,0,102.5,0,20.5
#30454,2026-06,counted,paid,fulfilled,2026-06-10 20:32:00 +0100,Shopify Payments,48,0,3.95,8.66,51.95,0,40,3.291666666666667,8.658333333333335
#30455,2026-06,counted,paid,fulfilled,2026-06-10 21:28:00 +0100,Shopify Payments,15,0,3.95,3.16,18.95,0,12.5,3.291666666666667,3.158333333333334
#30456,2026-06,counted,paid,fulfilled,2026-06-10 22:14:00 +0100,Shopify Payments,WELCOME5,66,5,0,10.17,61,0,50.83333333333334,0,10.16666666666667
#30457,2026-06,counted,paid,fulfilled,2026-06-11 07:24:00 +0100,Shopify Payments,9.6,0,3.95,2.26,13.55,0,8,3.291666666666667,2.258333333333334
#30458,2026-06,counted,paid,fulfilled,2026-06-11 07:38:00 +0100,Shopify Payments,21,0,3.95,4.16,24.95,0,17.5,3.291666666666667,4.158333333333334
#30459,2026-06,counted,paid,fulfilled,2026-06-11 07:58:00 +0100,Shopify Payments,56,0,0,9.33,56,0,46.66666666666667,0,9.333333333333334
#30460,2026-06,counted,paid,fulfilled,2026-06-11 08:51:00 +0100,Shopify Payments,39,0,3.95,7.16,42.95,0,32.5,3.291666666666667,7.158333333333335
#30461,2026-06,counted,paid,fulfilled,2026-06-11 08:59:00 +0100,Shopify Payments,118,0,0,19.67,118,0,98.33333333333334,0,19.66666666666667
#30462,2026-06,counted,paid,fulfilled,2026-06-11 09:18:00 +0100,Shopify Payments,106,0,0,17.67,106,0,88.33333333333334,0,17.66666666666667
#30463,2026-06,counted,paid,fulfilled,2026-06-11 10:16:00 +0100,Shopify Payments,31,0,3.95,5.83,34.95,0,25.83333333333334,3.291666666666667,5.825000000000001
#30464,2026-06,counted,paid,fulfilled,2026-06-11 10:37:00 +0100,Shopify Payments,SUMMER10,74,7.4,0,11.1,66.59999999999999,0,55.5,0,11.1
#30465,2026-06,counted,paid,fulfilled,2026-06-11 11:01:00 +0100,Shopify Payments,WELCOME5,66,5,0,10.17,61,0,50.83333333333334,0,10.16666666666667
#30466,2026-06,counted,paid,fulfilled,2026-06-11 11:02:00 +0100,Shopify Payments,65,0,0,10.83,65,0,54.16666666666667,0,10.83333333333333
#30467,2026-06,counted,paid,fulfilled,2026-06-11 11:19:00 +0100,Shopify Payments,114,0,0,19,114,0,95,0,19
#30468,2026-06,counted,paid,fulfilled,2026-06-11 11:47:00 +0100,Shopify Payments,116,0,0,19.33,116,0,96.66666666666667,0,19.33333333333334
#30469,2026-06,counted,paid,fulfilled,2026-06-11 13:26:00 +0100,Shopify Payments,SUMMER10,18,1.8,3.95,3.36,20.15,0,13.5,3.291666666666667,3.358333333333334
#30470,2026-06,counted,paid,fulfilled,2026-06-11 13:28:00 +0100,Shopify Payments,196,0,0,32.67,196,0,163.3333333333333,0,32.66666666666667
#30471,2026-06,counted,paid,fulfilled,2026-06-11 14:01:00 +0100,Shopify Payments,63,0,0,10.5,63,0,52.5,0,10.5
#30472,2026-06,counted,paid,fulfilled,2026-06-11 14:14:00 +0100,PayPal Express Checkout,108,0,0,18,108,0,90,0,18
#30473,2026-06,counted,paid,fulfilled,2026-06-11 14:23:00 +0100,Shopify Payments,25,0,3.95,4.83,28.95,0,20.83333333333334,3.291666666666667,4.825
#30474,2026-06,counted,paid,fulfilled,2026-06-11 14:41:00 +0100,Shopify Payments,26,0,3.95,4.99,29.95,0,21.66666666666667,3.291666666666667,4.991666666666667
#30475,2026-06,counted,paid,fulfilled,2026-06-11 14:43:00 +0100,Shopify Payments,34,0,3.95,6.33,37.95,0,28.33333333333334,3.291666666666667,6.325000000000001
#30476,2026-06,counted,paid,fulfilled,2026-06-11 14:45:00 +0100,Shopify Payments,49,0,3.95,8.83,52.95,0,40.83333333333334,3.291666666666667,8.825000000000001
#30477,2026-06,counted,paid,fulfilled,2026-06-11 15:24:00 +0100,Shopify Payments,175,0,0,29.17,175,0,145.8333333333333,0,29.16666666666667
#30478,2026-06,counted,paid,fulfilled,2026-06-11 16:32:00 +0100,Shopify Payments,95,0,0,15.83,95,0,79.16666666666667,0,15.83333333333333
#30479,2026-06,counted,partially_refunded,fulfilled,2026-06-11 16:52:00 +0100,Shopify Payments,SUMMER10,114,11.4,0,17.1,102.6,30.78,59.84999999999999,0,11.97
#30480,2026-06,counted,paid,fulfilled,2026-06-11 17:09:00 +0100,Shopify Payments,37,0,3.95,6.83,40.95,0,30.83333333333334,3.291666666666667,6.825000000000001
#30481,2026-06,counted,paid,fulfilled,2026-06-11 17:11:00 +0100,Shopify Payments,94,0,0,15.67,94,0,78.33333333333334,0,15.66666666666667
#30482,2026-06,counted,paid,fulfilled,2026-06-11 17:12:00 +0100,Shopify Payments,46,0,3.95,8.33,49.95,0,38.33333333333334,3.291666666666667,8.325000000000003
#30483,2026-06,counted,paid,fulfilled,2026-06-11 17:47:00 +0100,Shopify Payments,38,0,3.95,6.99,41.95,0,31.66666666666667,3.291666666666667,6.991666666666667
#30484,2026-06,counted,paid,fulfilled,2026-06-11 18:11:00 +0100,Gift card,70,0,0,11.67,70,0,58.33333333333334,0,11.66666666666667
#30485,2026-06,counted,paid,fulfilled,2026-06-11 18:49:00 +0100,Shopify Payments,136,0,0,22.67,136,0,113.3333333333333,0,22.66666666666667
#30486,2026-06,counted,paid,fulfilled,2026-06-11 18:55:00 +0100,Shopify Payments,96,0,0,16,96,0,80,0,16
#30487,2026-06,counted,refunded,fulfilled,2026-06-11 19:11:00 +0100,Shopify Payments,57,0,0,9.5,57,57,0,0,0
#30488,2026-06,counted,paid,fulfilled,2026-06-11 19:41:00 +0100,Shopify Payments,38,0,3.95,6.99,41.95,0,31.66666666666667,3.291666666666667,6.991666666666667
#30489,2026-06,counted,paid,fulfilled,2026-06-11 19:50:00 +0100,Shopify Payments,37,0,3.95,6.83,40.95,0,30.83333333333334,3.291666666666667,6.825000000000001
#30490,2026-06,counted,paid,fulfilled,2026-06-11 19:54:00 +0100,Shopify Payments,SUMMER10,19,1.9,3.95,3.51,21.05,0,14.25,3.291666666666667,3.508333333333333
#30491,2026-06,counted,paid,fulfilled,2026-06-11 20:15:00 +0100,Shopify Payments,WELCOME5,185,5,0,30,180,0,150,0,30
#30492,2026-06,counted,paid,fulfilled,2026-06-11 20:27:00 +0100,Shopify Payments,59,0,0,9.83,59,0,49.16666666666667,0,9.833333333333334
#30493,2026-06,counted,paid,fulfilled,2026-06-11 20:49:00 +0100,Shopify Payments,28,0,3.95,5.33,31.95,0,23.33333333333334,3.291666666666667,5.325000000000001
#30494,2026-06,counted,paid,fulfilled,2026-06-11 21:02:00 +0100,Shopify Payments,117,0,0,19.5,117,0,97.5,0,19.5
#30495,2026-06,counted,refunded,fulfilled,2026-06-11 21:14:00 +0100,Shopify Payments,11,0,3.95,2.49,14.95,14.95,0,8.881784197001252e-16,1.480297366166876e-16
#30496,2026-06,counted,paid,fulfilled,2026-06-11 21:31:00 +0100,Shopify Payments,119,0,0,19.83,119,0,99.16666666666667,0,19.83333333333334
#30497,2026-06,counted,paid,fulfilled,2026-06-11 22:18:00 +0100,Shopify Payments,21,0,3.95,4.16,24.95,0,17.5,3.291666666666667,4.158333333333334
#30498,2026-06,counted,paid,fulfilled,2026-06-11 22:18:00 +0100,Shopify Payments,92,0,0,15.33,92,0,76.66666666666667,0,15.33333333333334
#30499,2026-06,counted,paid,fulfilled,2026-06-11 22:43:00 +0100,PayPal Express Checkout,15,0,3.95,3.16,18.95,0,12.5,3.291666666666667,3.158333333333334
#30500,2026-06,counted,paid,fulfilled,2026-06-11 22:44:00 +0100,Shopify Payments,104,0,0,17.33,104,0,86.66666666666667,0,17.33333333333334
#30501,2026-06,counted,paid,fulfilled,2026-06-11 22:54:00 +0100,Shopify Payments,180,0,0,30,180,0,150,0,30
#30502,2026-06,counted,paid,fulfilled,2026-06-12 07:06:00 +0100,Shopify Payments,11,0,3.95,2.49,14.95,0,9.166666666666668,3.291666666666667,2.491666666666667
#30503,2026-06,counted,paid,fulfilled,2026-06-12 07:45:00 +0100,Shopify Payments,63,0,0,10.5,63,0,52.5,0,10.5
#30504,2026-06,counted,paid,fulfilled,2026-06-12 07:48:00 +0100,Shopify Payments,52,0,0,8.67,52,0,43.33333333333334,0,8.666666666666668
#30505,2026-06,counted,paid,fulfilled,2026-06-12 07:54:00 +0100,Shopify Payments,32,0,3.95,5.99,35.95,0,26.66666666666667,3.291666666666667,5.991666666666668
#30506,2026-06,counted,paid,fulfilled,2026-06-12 07:59:00 +0100,Shopify Payments,SUMMER10,98,9.800000000000001,0,14.7,88.2,0,73.5,0,14.7
#30507,2026-06,counted,paid,fulfilled,2026-06-12 08:07:00 +0100,Shopify Payments,99,0,0,16.5,99,0,82.5,0,16.5
#30508,2026-06,counted,paid,fulfilled,2026-06-12 08:15:00 +0100,Shopify Payments,66,0,0,11,66,0,55,0,11
#30509,2026-06,counted,paid,fulfilled,2026-06-12 08:43:00 +0100,Gift card,9,0,3.95,2.16,12.95,0,7.5,3.291666666666667,2.158333333333333
#30510,2026-06,counted,paid,fulfilled,2026-06-12 10:06:00 +0100,Shopify Payments,66,0,0,11,66,0,55,0,11
#30511,2026-06,counted,paid,fulfilled,2026-06-12 10:17:00 +0100,PayPal Express Checkout,17,0,3.95,3.49,20.95,0,14.16666666666667,3.291666666666667,3.491666666666667
#30512,2026-06,counted,paid,fulfilled,2026-06-12 10:39:00 +0100,Shopify Payments,32,0,3.95,5.99,35.95,0,26.66666666666667,3.291666666666667,5.991666666666668
#30513,2026-06,counted,paid,fulfilled,2026-06-12 10:48:00 +0100,Shopify Payments,24,0,3.95,4.66,27.95,0,20,3.291666666666667,4.658333333333333
#30514,2026-06,counted,paid,fulfilled,2026-06-12 11:00:00 +0100,Shopify Payments,218,0,0,36.33,218,0,181.6666666666667,0,36.33333333333334
#30515,2026-06,counted,paid,fulfilled,2026-06-12 11:14:00 +0100,Shopify Payments,24,0,3.95,4.66,27.95,0,20,3.291666666666667,4.658333333333333
#30516,2026-06,counted,paid,fulfilled,2026-06-12 11:31:00 +0100,Shopify Payments,15,0,3.95,3.16,18.95,0,12.5,3.291666666666667,3.158333333333334
#30517,2026-06,counted,paid,fulfilled,2026-06-12 11:36:00 +0100,Shopify Payments,108,0,0,18,108,0,90,0,18
#30518,2026-06,counted,paid,fulfilled,2026-06-12 12:04:00 +0100,Gift card,41,0,3.95,7.49,44.95,0,34.16666666666667,3.291666666666667,7.491666666666667
#30519,2026-06,counted,paid,fulfilled,2026-06-12 12:21:00 +0100,Shopify Payments,30,0,3.95,5.66,33.95,0,25,3.291666666666667,5.658333333333334
#30520,2026-06,counted,refunded,fulfilled,2026-06-12 12:32:00 +0100,Shopify Payments,72,0,0,12,72,72,0,0,0
#30521,2026-06,counted,paid,fulfilled,2026-06-12 14:32:00 +0100,Shopify Payments,81,0,0,13.5,81,0,67.5,0,13.5
#30522,2026-06,counted,paid,fulfilled,2026-06-12 14:54:00 +0100,Shopify Payments,80.5,0,0,13.42,80.5,0,67.08333333333334,0,13.41666666666667
#30523,2026-06,counted,paid,fulfilled,2026-06-12 15:22:00 +0100,Shopify Payments,108,0,0,18,108,0,90,0,18
#30524,2026-06,counted,paid,fulfilled,2026-06-12 15:28:00 +0100,Shopify Payments,SUMMER10,57,5.7,0,8.550000000000001,51.3,0,42.75,0,8.550000000000001
#30525,2026-06,counted,paid,fulfilled,2026-06-12 15:53:00 +0100,PayPal Express Checkout,102,0,0,17,102,0,85,0,17
#30526,2026-06,counted,paid,fulfilled,2026-06-12 15:59:00 +0100,Shopify Payments,128,0,0,21.33,128,0,106.6666666666667,0,21.33333333333334
#30527,2026-06,counted,paid,fulfilled,2026-06-12 16:28:00 +0100,Shopify Payments,SUMMER10,32.5,3.25,3.95,5.53,33.2,0,24.375,3.291666666666667,5.533333333333334
#30528,2026-06,counted,paid,fulfilled,2026-06-12 16:50:00 +0100,Shopify Payments,12,0,3.95,2.66,15.95,0,10,3.291666666666667,2.658333333333333
#30529,2026-06,counted,paid,fulfilled,2026-06-12 17:03:00 +0100,Shopify Payments,17,0,3.95,3.49,20.95,0,14.16666666666667,3.291666666666667,3.491666666666667
#30530,2026-06,counted,paid,fulfilled,2026-06-12 17:03:00 +0100,Shopify Payments,18,0,3.95,3.66,21.95,0,15,3.291666666666667,3.658333333333333
#30531,2026-06,counted,paid,fulfilled,2026-06-12 17:05:00 +0100,Shopify Payments,18,0,3.95,3.66,21.95,0,15,3.291666666666667,3.658333333333333
#30532,2026-06,counted,paid,fulfilled,2026-06-12 17:53:00 +0100,Shopify Payments,11,0,3.95,2.49,14.95,0,9.166666666666668,3.291666666666667,2.491666666666667
#30533,2026-06,counted,paid,fulfilled,2026-06-12 17:59:00 +0100,Shopify Payments,SUMMER10,35,3.5,3.95,5.91,35.45,0,26.25,3.291666666666667,5.908333333333334
#30534,2026-06,counted,paid,fulfilled,2026-06-12 18:14:00 +0100,PayPal Express Checkout,201,0,0,33.5,201,0,167.5,0,33.50000000000001
#30535,2026-06,counted,paid,fulfilled,2026-06-12 20:32:00 +0100,Shopify Payments,72,0,0,12,72,0,60,0,12
#30536,2026-06,counted,paid,fulfilled,2026-06-12 20:58:00 +0100,Shopify Payments,285,0,0,47.5,285,0,237.5,0,47.5
#30537,2026-06,counted,paid,fulfilled,2026-06-12 21:01:00 +0100,PayPal Express Checkout,45,0,3.95,8.16,48.95,0,37.5,3.291666666666667,8.158333333333335
#30538,2026-06,counted,paid,fulfilled,2026-06-12 21:05:00 +0100,Shopify Payments,26,0,3.95,4.99,29.95,0,21.66666666666667,3.291666666666667,4.991666666666667
#30539,2026-06,counted,paid,fulfilled,2026-06-12 21:38:00 +0100,Shopify Payments,32,0,3.95,5.99,35.95,0,26.66666666666667,3.291666666666667,5.991666666666668
#30540,2026-06,counted,paid,fulfilled,2026-06-12 21:48:00 +0100,Shopify Payments,45,0,3.95,8.16,48.95,0,37.5,3.291666666666667,8.158333333333335
#30541,2026-06,counted,paid,fulfilled,2026-06-12 22:03:00 +0100,Shopify Payments,56,0,0,9.33,56,0,46.66666666666667,0,9.333333333333334
#30542,2026-06,counted,paid,fulfilled,2026-06-12 22:09:00 +0100,PayPal Express Checkout,22.5,0,3.95,4.41,26.45,0,18.75,3.291666666666667,4.408333333333333
#30543,2026-06,counted,paid,fulfilled,2026-06-12 22:48:00 +0100,Shopify Payments,56,0,0,9.33,56,0,46.66666666666667,0,9.333333333333334
#30544,2026-06,counted,paid,fulfilled,2026-06-13 07:01:00 +0100,Shopify Payments,78,0,0,13,78,0,65,0,13
#30545,2026-06,counted,paid,fulfilled,2026-06-13 07:03:00 +0100,Shopify Payments,120,0,0,20,120,0,100,0,20
#30546,2026-06,counted,paid,fulfilled,2026-06-13 08:00:00 +0100,Shopify Payments,78,0,0,13,78,0,65,0,13
#30547,2026-06,counted,paid,fulfilled,2026-06-13 08:10:00 +0100,PayPal Express Checkout,11,0,3.95,2.49,14.95,0,9.166666666666668,3.291666666666667,2.491666666666667
#30548,2026-06,counted,paid,fulfilled,2026-06-13 08:14:00 +0100,Shopify Payments,SUMMER10,38,3.8,3.95,6.36,38.15,0,28.5,3.291666666666667,6.358333333333335
#30549,2026-06,counted,paid,fulfilled,2026-06-13 08:45:00 +0100,Shopify Payments,38,0,3.95,6.99,41.95,0,31.66666666666667,3.291666666666667,6.991666666666667
#30550,2026-06,counted,paid,fulfilled,2026-06-13 08:45:00 +0100,Shopify Payments,16,0,3.95,3.33,19.95,0,13.33333333333333,3.291666666666667,3.325
#30551,2026-06,counted,paid,fulfilled,2026-06-13 09:15:00 +0100,PayPal Express Checkout,7.5,0,3.95,1.91,11.45,0,6.25,3.291666666666667,1.908333333333333
#30552,2026-06,counted,paid,fulfilled,2026-06-13 10:10:00 +0100,Shopify Payments,18,0,3.95,3.66,21.95,0,15,3.291666666666667,3.658333333333333
#30553,2026-06,counted,paid,fulfilled,2026-06-13 10:14:00 +0100,Shopify Payments,26,0,3.95,4.99,29.95,0,21.66666666666667,3.291666666666667,4.991666666666667
#30554,2026-06,counted,paid,fulfilled,2026-06-13 10:17:00 +0100,Shopify Payments,21,0,3.95,4.16,24.95,0,17.5,3.291666666666667,4.158333333333334
#30555,2026-06,counted,paid,fulfilled,2026-06-13 11:53:00 +0100,Shopify Payments,160,0,0,26.67,160,0,133.3333333333333,0,26.66666666666667
#30556,2026-06,counted,paid,fulfilled,2026-06-13 12:19:00 +0100,Shopify Payments,106,0,0,17.67,106,0,88.33333333333334,0,17.66666666666667
#30557,2026-06,counted,paid,fulfilled,2026-06-13 12:37:00 +0100,Shopify Payments,139,0,0,23.17,139,0,115.8333333333333,0,23.16666666666667
#30558,2026-06,counted,paid,fulfilled,2026-06-13 13:51:00 +0100,Shopify Payments,16,0,3.95,3.33,19.95,0,13.33333333333333,3.291666666666667,3.325
#30559,2026-06,counted,paid,fulfilled,2026-06-13 14:05:00 +0100,Shopify Payments,31,0,3.95,5.83,34.95,0,25.83333333333334,3.291666666666667,5.825000000000001
#30560,2026-06,counted,paid,fulfilled,2026-06-13 14:33:00 +0100,Shopify Payments,24,0,3.95,4.66,27.95,0,20,3.291666666666667,4.658333333333333
#30561,2026-06,counted,paid,fulfilled,2026-06-13 15:06:00 +0100,Shopify Payments,48,0,3.95,8.66,51.95,0,40,3.291666666666667,8.658333333333335
#30562,2026-06,counted,paid,fulfilled,2026-06-13 15:08:00 +0100,Shopify Payments,44,0,3.95,7.99,47.95,0,36.66666666666667,3.291666666666667,7.991666666666668
#30563,2026-06,counted,paid,fulfilled,2026-06-13 15:10:00 +0100,Shopify Payments,60,0,0,10,60,0,50,0,10
#30564,2026-06,counted,paid,fulfilled,2026-06-13 15:13:00 +0100,Shopify Payments,14,0,3.95,2.99,17.95,0,11.66666666666667,3.291666666666667,2.991666666666667
#30565,2026-06,counted,paid,fulfilled,2026-06-13 15:58:00 +0100,PayPal Express Checkout,14,0,3.95,2.99,17.95,0,11.66666666666667,3.291666666666667,2.991666666666667
#30566,2026-06,counted,paid,fulfilled,2026-06-13 16:04:00 +0100,Shopify Payments,21,0,3.95,4.16,24.95,0,17.5,3.291666666666667,4.158333333333334
#30567,2026-06,counted,paid,fulfilled,2026-06-13 16:14:00 +0100,Shopify Payments,22,0,3.95,4.33,25.95,0,18.33333333333334,3.291666666666667,4.325
#30568,2026-06,counted,paid,fulfilled,2026-06-13 16:20:00 +0100,Shopify Payments,SUMMER10,41,4.1,3.95,6.81,40.85,0,30.75,3.291666666666667,6.808333333333334
#30569,2026-06,counted,paid,fulfilled,2026-06-13 16:28:00 +0100,Shopify Payments,21,0,3.95,4.16,24.95,0,17.5,3.291666666666667,4.158333333333334
#30570,2026-06,counted,paid,fulfilled,2026-06-13 16:51:00 +0100,"Gift card, Shopify Payments",87,0,0,14.5,87,0,72.5,0,14.5
#30571,2026-06,counted,partially_refunded,fulfilled,2026-06-13 17:04:00 +0100,Shopify Payments,27,0,3.95,5.16,30.95,9.289999999999999,14.75833333333333,3.291666666666667,3.61
#30572,2026-06,counted,paid,fulfilled,2026-06-13 17:28:00 +0100,Shopify Payments,12,0,3.95,2.66,15.95,0,10,3.291666666666667,2.658333333333333
#30573,2026-06,counted,paid,fulfilled,2026-06-13 17:33:00 +0100,Shopify Payments,129,0,0,21.5,129,0,107.5,0,21.5
#30574,2026-06,counted,paid,fulfilled,2026-06-13 17:52:00 +0100,Shopify Payments,9.6,0,3.95,2.26,13.55,0,8,3.291666666666667,2.258333333333334
#30575,2026-06,counted,paid,fulfilled,2026-06-13 17:58:00 +0100,PayPal Express Checkout,19.2,0,3.95,3.86,23.15,0,16,3.291666666666667,3.858333333333333
#30576,2026-06,counted,refunded,fulfilled,2026-06-13 19:02:00 +0100,Shopify Payments,11,0,3.95,2.49,14.95,14.95,0,8.881784197001252e-16,1.480297366166876e-16
#30577,2026-06,counted,paid,fulfilled,2026-06-13 19:07:00 +0100,PayPal Express Checkout,230,0,0,38.33,230,0,191.6666666666667,0,38.33333333333334
#30578,2026-06,counted,paid,fulfilled,2026-06-13 19:17:00 +0100,Shopify Payments,38,0,3.95,6.99,41.95,0,31.66666666666667,3.291666666666667,6.991666666666667
#30579,2026-06,counted,paid,fulfilled,2026-06-13 19:39:00 +0100,Shopify Payments,21,0,3.95,4.16,24.95,0,17.5,3.291666666666667,4.158333333333334
#30580,2026-06,counted,paid,fulfilled,2026-06-13 19:41:00 +0100,Shopify Payments,38,0,3.95,6.99,41.95,0,31.66666666666667,3.291666666666667,6.991666666666667
#30581,2026-06,counted,paid,fulfilled,2026-06-13 19:45:00 +0100,PayPal Express Checkout,11,0,3.95,2.49,14.95,0,9.166666666666668,3.291666666666667,2.491666666666667
#30582,2026-06,counted,partially_refunded,fulfilled,2026-06-13 20:03:00 +0100,Shopify Payments,SUMMER10,65,6.5,0,9.75,58.5,17.55,34.125,0,6.825000000000001
#30583,2026-06,counted,paid,fulfilled,2026-06-13 20:28:00 +0100,Shopify Payments,43,0,3.95,7.83,46.95,0,35.83333333333334,3.291666666666667,7.825000000000001
#30584,2026-06,counted,paid,fulfilled,2026-06-13 21:06:00 +0100,Shopify Payments,85,0,0,14.17,85,0,70.83333333333334,0,14.16666666666667
#30585,2026-06,counted,paid,fulfilled,2026-06-13 21:24:00 +0100,Shopify Payments,SUMMER10,7.5,0.75,3.95,1.78,10.7,0,5.625,3.291666666666667,1.783333333333333
#30586,2026-06,counted,paid,fulfilled,2026-06-13 21:34:00 +0100,Shopify Payments,56,0,0,9.33,56,0,46.66666666666667,0,9.333333333333334
#30587,2026-06,counted,paid,fulfilled,2026-06-13 22:12:00 +0100,Shopify Payments,26,0,3.95,4.99,29.95,0,21.66666666666667,3.291666666666667,4.991666666666667
#30588,2026-06,counted,paid,fulfilled,2026-06-13 22:23:00 +0100,Shopify Payments,143,0,0,23.83,143,0,119.1666666666667,0,23.83333333333334
#30589,2026-06,counted,paid,fulfilled,2026-06-13 22:28:00 +0100,PayPal Express Checkout,16,0,3.95,3.33,19.95,0,13.33333333333333,3.291666666666667,3.325
#30590,2026-06,counted,paid,fulfilled,2026-06-13 22:38:00 +0100,Shopify Payments,SUMMER10,27,2.7,3.95,4.71,28.25,0,20.25,3.291666666666667,4.708333333333334
#30591,2026-06,counted,paid,fulfilled,2026-06-13 22:46:00 +0100,PayPal Express Checkout,96,0,0,16,96,0,80,0,16
#30592,2026-06,counted,paid,fulfilled,2026-06-14 07:44:00 +0100,Shopify Payments,54,0,0,9,54,0,45,0,9.000000000000002
#30593,2026-06,counted,partially_refunded,fulfilled,2026-06-14 07:57:00 +0100,Shopify Payments,169,0,0,28.17,169,84.5,70.41666666666667,0,14.08333333333334
#30594,2026-06,counted,paid,fulfilled,2026-06-14 08:38:00 +0100,Shopify Payments,28,0,3.95,5.33,31.95,0,23.33333333333334,3.291666666666667,5.325000000000001
#30595,2026-06,counted,paid,fulfilled,2026-06-14 09:57:00 +0100,Shopify Payments,44,0,3.95,7.99,47.95,0,36.66666666666667,3.291666666666667,7.991666666666668
#30596,2026-06,counted,paid,fulfilled,2026-06-14 10:06:00 +0100,Shopify Payments,258,0,0,43,258,0,215,0,43
#30597,2026-06,counted,paid,fulfilled,2026-06-14 11:42:00 +0100,PayPal Express Checkout,64,0,0,10.67,64,0,53.33333333333334,0,10.66666666666667
#30598,2026-06,counted,paid,fulfilled,2026-06-14 11:50:00 +0100,Shopify Payments,132,0,0,22,132,0,110,0,22
#30599,2026-06,counted,paid,fulfilled,2026-06-14 11:53:00 +0100,Shopify Payments,9,0,3.95,2.16,12.95,0,7.5,3.291666666666667,2.158333333333333
#30600,2026-06,counted,paid,fulfilled,2026-06-14 12:34:00 +0100,Shopify Payments,30,0,3.95,5.66,33.95,0,25,3.291666666666667,5.658333333333334
#30601,2026-06,counted,paid,fulfilled,2026-06-14 12:58:00 +0100,Shopify Payments,68,0,0,11.33,68,0,56.66666666666667,0,11.33333333333334
#30602,2026-06,counted,paid,fulfilled,2026-06-14 14:01:00 +0100,PayPal Express Checkout,38,0,3.95,6.99,41.95,0,31.66666666666667,3.291666666666667,6.991666666666667
#30603,2026-06,counted,paid,fulfilled,2026-06-14 14:56:00 +0100,Shopify Payments,23,0,3.95,4.49,26.95,0,19.16666666666667,3.291666666666667,4.491666666666667
#30604,2026-06,counted,paid,fulfilled,2026-06-14 15:13:00 +0100,Shopify Payments,14,0,3.95,2.99,17.95,0,11.66666666666667,3.291666666666667,2.991666666666667
#30605,2026-06,counted,paid,fulfilled,2026-06-14 15:15:00 +0100,Shopify Payments,158,0,0,26.33,158,0,131.6666666666667,0,26.33333333333334
#30606,2026-06,counted,paid,fulfilled,2026-06-14 15:18:00 +0100,Shopify Payments,71,0,0,11.83,71,0,59.16666666666667,0,11.83333333333333
#30607,2026-06,counted,paid,fulfilled,2026-06-14 15:43:00 +0100,Shopify Payments,151,0,0,25.17,151,0,125.8333333333333,0,25.16666666666667
#30608,2026-06,counted,paid,fulfilled,2026-06-14 15:44:00 +0100,Shopify Payments,24,0,3.95,4.66,27.95,0,20,3.291666666666667,4.658333333333333
#30609,2026-06,counted,paid,fulfilled,2026-06-14 16:18:00 +0100,Shopify Payments,7.5,0,3.95,1.91,11.45,0,6.25,3.291666666666667,1.908333333333333
#30610,2026-06,counted,paid,fulfilled,2026-06-14 16:47:00 +0100,Shopify Payments,SUMMER10,217,21.7,0,32.55,195.3,0,162.75,0,32.55
#30611,2026-06,counted,paid,fulfilled,2026-06-14 17:47:00 +0100,Shopify Payments,40,0,3.95,7.33,43.95,0,33.33333333333334,3.291666666666667,7.325000000000001
#30612,2026-06,counted,paid,fulfilled,2026-06-14 18:19:00 +0100,Shopify Payments,95,0,0,15.83,95,0,79.16666666666667,0,15.83333333333333
#30613,2026-06,counted,paid,fulfilled,2026-06-14 18:23:00 +0100,Shopify Payments,21,0,3.95,4.16,24.95,0,17.5,3.291666666666667,4.158333333333334
#30614,2026-06,counted,paid,fulfilled,2026-06-14 18:51:00 +0100,Shopify Payments,12,0,3.95,2.66,15.95,0,10,3.291666666666667,2.658333333333333
#30615,2026-06,counted,paid,fulfilled,2026-06-14 19:05:00 +0100,Shopify Payments,SUMMER10,153,15.3,0,22.95,137.7,0,114.75,0,22.95
#30616,2026-06,counted,paid,fulfilled,2026-06-14 20:10:00 +0100,Shopify Payments,99,0,0,16.5,99,0,82.5,0,16.5
#30617,2026-06,counted,paid,fulfilled,2026-06-14 20:15:00 +0100,Shopify Payments,24,0,3.95,4.66,27.95,0,20,3.291666666666667,4.658333333333333
#30618,2026-06,counted,paid,fulfilled,2026-06-14 20:24:00 +0100,Shopify Payments,55,0,0,9.17,55,0,45.83333333333334,0,9.166666666666668
#30619,2026-06,counted,paid,fulfilled,2026-06-14 20:42:00 +0100,Shopify Payments,SUMMER10,9,0.9,3.95,2.01,12.05,0,6.75,3.291666666666667,2.008333333333334
#30620,2026-06,counted,paid,fulfilled,2026-06-14 21:06:00 +0100,Shopify Payments,27,0,3.95,5.16,30.95,0,22.5,3.291666666666667,5.158333333333334
#30621,2026-06,counted,paid,fulfilled,2026-06-14 21:10:00 +0100,Shopify Payments,63,0,0,10.5,63,0,52.5,0,10.5
#30622,2026-06,counted,paid,fulfilled,2026-06-14 21:18:00 +0100,Shopify Payments,SUMMER10,160,16,0,24,144,0,120,0,24
#30623,2026-06,counted,paid,fulfilled,2026-06-14 21:33:00 +0100,"Gift card, Shopify Payments",96,0,0,16,96,0,80,0,16
#30624,2026-06,counted,paid,fulfilled,2026-06-14 21:49:00 +0100,PayPal Express Checkout,32,0,3.95,5.99,35.95,0,26.66666666666667,3.291666666666667,5.991666666666668
#30625,2026-06,counted,paid,fulfilled,2026-06-14 21:57:00 +0100,PayPal Express Checkout,68,0,0,11.33,68,0,56.66666666666667,0,11.33333333333334
#30626,2026-06,counted,paid,fulfilled,2026-06-14 22:08:00 +0100,Shopify Payments,106,0,0,17.67,106,0,88.33333333333334,0,17.66666666666667
#30627,2026-06,counted,paid,fulfilled,2026-06-14 22:23:00 +0100,Shopify Payments,84,0,0,14,84,0,70,0,14
#30628,2026-06,counted,paid,fulfilled,2026-06-14 22:31:00 +0100,Shopify Payments,237,0,0,39.5,237,0,197.5,0,39.50000000000001
#30629,2026-06,counted,paid,fulfilled,2026-06-14 22:48:00 +0100,Shopify Payments,21,0,3.95,4.16,24.95,0,17.5,3.291666666666667,4.158333333333334
#30630,2026-06,counted,paid,fulfilled,2026-06-14 22:55:00 +0100,Shopify Payments,19,0,3.95,3.83,22.95,0,15.83333333333333,3.291666666666667,3.825
#30631,2026-06,counted,paid,fulfilled,2026-06-15 07:40:00 +0100,Shopify Payments,48,0,3.95,8.66,51.95,0,40,3.291666666666667,8.658333333333335
#30632,2026-06,counted,paid,fulfilled,2026-06-15 08:37:00 +0100,Shopify Payments,18,0,3.95,3.66,21.95,0,15,3.291666666666667,3.658333333333333
#30633,2026-06,counted,paid,fulfilled,2026-06-15 09:15:00 +0100,Shopify Payments,74,0,0,12.33,74,0,61.66666666666667,0,12.33333333333333
#30634,2026-06,counted,paid,fulfilled,2026-06-15 09:27:00 +0100,Shopify Payments,51,0,0,8.5,51,0,42.5,0,8.500000000000002
#30635,2026-06,counted,paid,fulfilled,2026-06-15 10:45:00 +0100,Shopify Payments,253,0,0,42.17,253,0,210.8333333333333,0,42.16666666666667
#30636,2026-06,counted,paid,fulfilled,2026-06-15 12:14:00 +0100,Shopify Payments,89.5,0,0,14.92,89.5,0,74.58333333333334,0,14.91666666666667
#30637,2026-06,counted,paid,fulfilled,2026-06-15 12:35:00 +0100,Shopify Payments,22,0,3.95,4.33,25.95,0,18.33333333333334,3.291666666666667,4.325
#30638,2026-06,counted,paid,fulfilled,2026-06-15 12:36:00 +0100,Shopify Payments,28,0,3.95,5.33,31.95,0,23.33333333333334,3.291666666666667,5.325000000000001
#30639,2026-06,counted,paid,fulfilled,2026-06-15 13:05:00 +0100,PayPal Express Checkout,12,0,3.95,2.66,15.95,0,10,3.291666666666667,2.658333333333333
#30640,2026-06,counted,paid,fulfilled,2026-06-15 13:09:00 +0100,Shopify Payments,49,0,3.95,8.83,52.95,0,40.83333333333334,3.291666666666667,8.825000000000001
#30641,2026-06,counted,paid,fulfilled,2026-06-15 13:10:00 +0100,Shopify Payments,27,0,3.95,5.16,30.95,0,22.5,3.291666666666667,5.158333333333334
#30642,2026-06,counted,paid,fulfilled,2026-06-15 13:41:00 +0100,Shopify Payments,226,0,0,37.67,226,0,188.3333333333333,0,37.66666666666667
#30643,2026-06,counted,paid,fulfilled,2026-06-15 13:41:00 +0100,Shopify Payments,SUMMER10,51,5.1,3.95,8.31,49.85,0,38.25,3.291666666666667,8.308333333333334
#30644,2026-06,counted,paid,fulfilled,2026-06-15 14:11:00 +0100,Shopify Payments,111,0,0,18.5,111,0,92.5,0,18.5
#30645,2026-06,counted,paid,fulfilled,2026-06-15 14:30:00 +0100,Shopify Payments,28,0,3.95,5.33,31.95,0,23.33333333333334,3.291666666666667,5.325000000000001
#30646,2026-06,counted,paid,fulfilled,2026-06-15 15:19:00 +0100,Shopify Payments,73,0,0,12.17,73,0,60.83333333333334,0,12.16666666666667
#30647,2026-06,counted,paid,fulfilled,2026-06-15 16:41:00 +0100,"Gift card, Shopify Payments",22,0,3.95,4.33,25.95,0,18.33333333333334,3.291666666666667,4.325
#30648,2026-06,counted,paid,fulfilled,2026-06-15 17:27:00 +0100,PayPal Express Checkout,140,0,0,23.33,140,0,116.6666666666667,0,23.33333333333334
#30649,2026-06,counted,paid,fulfilled,2026-06-15 17:53:00 +0100,Shopify Payments,84,0,0,14,84,0,70,0,14
#30650,2026-06,counted,paid,fulfilled,2026-06-15 17:59:00 +0100,"Gift card, Shopify Payments",WELCOME5,76,5,0,11.83,71,0,59.16666666666667,0,11.83333333333333
#30651,2026-06,counted,paid,fulfilled,2026-06-15 18:54:00 +0100,Shopify Payments,167,0,0,27.83,167,0,139.1666666666667,0,27.83333333333333
#30652,2026-06,counted,paid,fulfilled,2026-06-15 19:22:00 +0100,Shopify Payments,64,0,0,10.67,64,0,53.33333333333334,0,10.66666666666667
#30653,2026-06,counted,paid,fulfilled,2026-06-15 19:53:00 +0100,Shopify Payments,76,0,0,12.67,76,0,63.33333333333334,0,12.66666666666667
#30654,2026-06,counted,paid,fulfilled,2026-06-15 19:53:00 +0100,Shopify Payments,SUMMER10,12,1.2,3.95,2.46,14.75,0,9.000000000000002,3.291666666666667,2.458333333333333
#30655,2026-06,counted,paid,fulfilled,2026-06-15 19:55:00 +0100,Gift card,42,0,3.95,7.66,45.95,0,35,3.291666666666667,7.658333333333335
#30656,2026-06,counted,paid,fulfilled,2026-06-15 20:48:00 +0100,Shopify Payments,42,0,3.95,7.66,45.95,0,35,3.291666666666667,7.658333333333335
#30657,2026-06,test order,paid,fulfilled,2026-06-15 21:02:00 +0100,Bogus Gateway (for testing),11,0,3.95,2.49,14.95,0,9.166666666666668,3.291666666666667,2.491666666666667
#30658,2026-06,counted,paid,fulfilled,2026-06-15 21:25:00 +0100,Shopify Payments,144,0,0,24,144,0,120,0,24
#30659,2026-06,counted,paid,fulfilled,2026-06-15 21:27:00 +0100,Shopify Payments,34,0,3.95,6.33,37.95,0,28.33333333333334,3.291666666666667,6.325000000000001
#30660,2026-06,counted,paid,fulfilled,2026-06-15 21:47:00 +0100,Shopify Payments,77,0,0,12.83,77,0,64.16666666666667,0,12.83333333333333
#30661,2026-06,counted,paid,fulfilled,2026-06-15 22:37:00 +0100,PayPal Express Checkout,36,0,3.95,6.66,39.95,0,30,3.291666666666667,6.658333333333334
#30662,2026-06,counted,paid,fulfilled,2026-06-15 22:40:00 +0100,Shopify Payments,69.5,0,0,11.58,69.5,0,57.91666666666667,0,11.58333333333333
#30663,2026-06,counted,paid,fulfilled,2026-06-15 22:42:00 +0100,Shopify Payments,24,0,3.95,4.66,27.95,0,20,3.291666666666667,4.658333333333333
#30664,2026-06,counted,paid,fulfilled,2026-06-15 22:48:00 +0100,Shopify Payments,SUMMER10,60,6,0,9,54,0,45,0,9.000000000000002
#30665,2026-06,counted,paid,fulfilled,2026-06-16 07:10:00 +0100,Shopify Payments,119,0,0,19.83,119,0,99.16666666666667,0,19.83333333333334
#30666,2026-06,counted,partially_refunded,fulfilled,2026-06-16 07:17:00 +0100,Shopify Payments,109,0,0,18.17,109,32.7,63.58333333333334,0,12.71666666666667
#30667,2026-06,counted,paid,fulfilled,2026-06-16 07:20:00 +0100,Shopify Payments,SUMMER10,107,10.7,0,16.05,96.3,0,80.25,0,16.05
#30668,2026-06,counted,paid,fulfilled,2026-06-16 07:48:00 +0100,Shopify Payments,19.2,0,3.95,3.86,23.15,0,16,3.291666666666667,3.858333333333333
#30669,2026-06,counted,paid,fulfilled,2026-06-16 07:56:00 +0100,Shopify Payments,59.5,0,0,9.92,59.5,0,49.58333333333334,0,9.916666666666668
#30670,2026-06,counted,paid,fulfilled,2026-06-16 08:04:00 +0100,Shopify Payments,17,0,3.95,3.49,20.95,0,14.16666666666667,3.291666666666667,3.491666666666667
#30671,2026-06,counted,paid,fulfilled,2026-06-16 08:19:00 +0100,Shopify Payments,57.5,0,0,9.58,57.5,0,47.91666666666667,0,9.583333333333334
#30672,2026-06,counted,paid,fulfilled,2026-06-16 08:43:00 +0100,Shopify Payments,86,0,0,14.33,86,0,71.66666666666667,0,14.33333333333333
#30673,2026-06,counted,paid,fulfilled,2026-06-16 08:50:00 +0100,Shopify Payments,25,0,3.95,4.83,28.95,0,20.83333333333334,3.291666666666667,4.825
#30674,2026-06,counted,paid,fulfilled,2026-06-16 09:29:00 +0100,Gift card,SUMMER10,135,13.5,0,20.25,121.5,0,101.25,0,20.25
#30675,2026-06,counted,paid,fulfilled,2026-06-16 09:38:00 +0100,Shopify Payments,WELCOME5,32,5,3.95,5.16,30.95,0,22.5,3.291666666666667,5.158333333333334
#30676,2026-06,counted,paid,fulfilled,2026-06-16 10:05:00 +0100,Shopify Payments,31,0,3.95,5.83,34.95,0,25.83333333333334,3.291666666666667,5.825000000000001
#30677,2026-06,counted,refunded,fulfilled,2026-06-16 10:12:00 +0100,"Gift card, Shopify Payments",55,0,0,9.17,55,30,20.83333333333334,0,4.166666666666667
#30678,2026-06,counted,paid,fulfilled,2026-06-16 10:38:00 +0100,Shopify Payments,SUMMER10,22,2.2,3.95,3.96,23.75,0,16.5,3.291666666666667,3.958333333333333
#30679,2026-06,counted,paid,fulfilled,2026-06-16 10:39:00 +0100,Shopify Payments,54,0,0,9,54,0,45,0,9.000000000000002
#30680,2026-06,counted,paid,fulfilled,2026-06-16 10:40:00 +0100,Shopify Payments,93,0,0,15.5,93,0,77.5,0,15.5
#30681,2026-06,counted,paid,fulfilled,2026-06-16 11:12:00 +0100,Shopify Payments,49,0,3.95,8.83,52.95,0,40.83333333333334,3.291666666666667,8.825000000000001
#30682,2026-06,counted,paid,fulfilled,2026-06-16 11:29:00 +0100,"Gift card, Shopify Payments",SUMMER10,66,6.6,0,9.9,59.4,0,49.5,0,9.9
#30683,2026-06,counted,paid,fulfilled,2026-06-16 12:00:00 +0100,Shopify Payments,51,0,0,8.5,51,0,42.5,0,8.500000000000002
#30684,2026-06,counted,paid,fulfilled,2026-06-16 13:08:00 +0100,"Gift card, Shopify Payments",76,0,0,12.67,76,0,63.33333333333334,0,12.66666666666667
#30685,2026-06,counted,paid,fulfilled,2026-06-16 13:38:00 +0100,Shopify Payments,28,0,3.95,5.33,31.95,0,23.33333333333334,3.291666666666667,5.325000000000001
#30686,2026-06,counted,partially_refunded,fulfilled,2026-06-16 13:57:00 +0100,Shopify Payments,161,0,0,26.83,161,32.2,107.3333333333333,0,21.46666666666667
#30687,2026-06,counted,paid,fulfilled,2026-06-16 13:57:00 +0100,Shopify Payments,51,0,0,8.5,51,0,42.5,0,8.500000000000002
#30688,2026-06,counted,paid,fulfilled,2026-06-16 14:02:00 +0100,Shopify Payments,58,0,0,9.67,58,0,48.33333333333334,0,9.666666666666668
#30689,2026-06,counted,paid,fulfilled,2026-06-16 14:14:00 +0100,Shopify Payments,102,0,0,17,102,0,85,0,17
#30690,2026-06,counted,paid,fulfilled,2026-06-16 14:24:00 +0100,Shopify Payments,85,0,0,14.17,85,0,70.83333333333334,0,14.16666666666667
#30691,2026-06,counted,paid,fulfilled,2026-06-16 14:24:00 +0100,"Gift card, Shopify Payments",231,0,0,38.5,231,0,192.5,0,38.50000000000001
#30692,2026-06,counted,paid,fulfilled,2026-06-16 14:25:00 +0100,Shopify Payments,28,0,3.95,5.33,31.95,0,23.33333333333334,3.291666666666667,5.325000000000001
#30693,2026-06,counted,paid,fulfilled,2026-06-16 14:54:00 +0100,Shopify Payments,90,0,0,15,90,0,75,0,15
#30694,2026-06,counted,paid,fulfilled,2026-06-16 14:56:00 +0100,Shopify Payments,9.6,0,3.95,2.26,13.55,0,8,3.291666666666667,2.258333333333334
#30695,2026-06,counted,paid,fulfilled,2026-06-16 15:52:00 +0100,Shopify Payments,WELCOME5,154.5,5,0,24.92,149.5,0,124.5833333333333,0,24.91666666666667
#30696,2026-06,counted,paid,fulfilled,2026-06-16 15:53:00 +0100,Shopify Payments,15,0,3.95,3.16,18.95,0,12.5,3.291666666666667,3.158333333333334
#30697,2026-06,counted,paid,fulfilled,2026-06-16 16:13:00 +0100,Shopify Payments,38,0,3.95,6.99,41.95,0,31.66666666666667,3.291666666666667,6.991666666666667
#30698,2026-06,counted,paid,fulfilled,2026-06-16 16:32:00 +0100,Shopify Payments,60,0,0,10,60,0,50,0,10
#30699,2026-06,counted,paid,fulfilled,2026-06-16 16:58:00 +0100,Shopify Payments,43,0,3.95,7.83,46.95,0,35.83333333333334,3.291666666666667,7.825000000000001
#30700,2026-06,counted,paid,fulfilled,2026-06-16 16:59:00 +0100,Shopify Payments,155,0,0,25.83,155,0,129.1666666666667,0,25.83333333333334
#30701,2026-06,counted,paid,fulfilled,2026-06-16 17:15:00 +0100,Shopify Payments,52,0,0,8.67,52,0,43.33333333333334,0,8.666666666666668
#30702,2026-06,counted,paid,fulfilled,2026-06-16 17:17:00 +0100,Shopify Payments,91,0,0,15.17,91,0,75.83333333333334,0,15.16666666666667
#30703,2026-06,counted,paid,fulfilled,2026-06-16 17:28:00 +0100,Shopify Payments,18,0,3.95,3.66,21.95,0,15,3.291666666666667,3.658333333333333
#30704,2026-06,counted,paid,fulfilled,2026-06-16 18:03:00 +0100,Shopify Payments,29,0,3.95,5.49,32.95,0,24.16666666666667,3.291666666666667,5.491666666666667
#30705,2026-06,counted,refunded,fulfilled,2026-06-16 18:06:00 +0100,PayPal Express Checkout,106,0,0,17.67,106,106,0,0,0
#30706,2026-06,counted,paid,fulfilled,2026-06-16 18:17:00 +0100,Shopify Payments,78,0,0,13,78,0,65,0,13
#30707,2026-06,counted,paid,fulfilled,2026-06-16 18:38:00 +0100,Shopify Payments,78,0,0,13,78,0,65,0,13
#30708,2026-06,counted,paid,fulfilled,2026-06-16 18:40:00 +0100,Shopify Payments,25,0,3.95,4.83,28.95,0,20.83333333333334,3.291666666666667,4.825
#30709,2026-06,counted,paid,fulfilled,2026-06-16 18:40:00 +0100,Shopify Payments,72,0,0,12,72,0,60,0,12
#30710,2026-06,counted,paid,fulfilled,2026-06-16 18:56:00 +0100,"Gift card, Shopify Payments",26,0,3.95,4.99,29.95,0,21.66666666666667,3.291666666666667,4.991666666666667
#30711,2026-06,counted,paid,fulfilled,2026-06-16 20:37:00 +0100,Shopify Payments,14,0,3.95,2.99,17.95,0,11.66666666666667,3.291666666666667,2.991666666666667
#30712,2026-06,counted,paid,fulfilled,2026-06-16 21:05:00 +0100,Shopify Payments,163,0,0,27.17,163,0,135.8333333333333,0,27.16666666666667
#30713,2026-06,counted,paid,fulfilled,2026-06-16 21:18:00 +0100,Shopify Payments,25,0,3.95,4.83,28.95,0,20.83333333333334,3.291666666666667,4.825
#30714,2026-06,counted,paid,fulfilled,2026-06-16 21:19:00 +0100,PayPal Express Checkout,SUMMER10,88,8.800000000000001,0,13.2,79.2,0,66,0,13.2
#30715,2026-06,counted,paid,fulfilled,2026-06-16 21:28:00 +0100,Shopify Payments,SUMMER10,134,13.4,0,20.1,120.6,0,100.5,0,20.1
#30716,2026-06,counted,paid,fulfilled,2026-06-16 21:46:00 +0100,Shopify Payments,71,0,0,11.83,71,0,59.16666666666667,0,11.83333333333333
#30717,2026-06,counted,paid,fulfilled,2026-06-16 22:02:00 +0100,Shopify Payments,108,0,0,18,108,0,90,0,18
#30718,2026-06,counted,partially_refunded,fulfilled,2026-06-16 22:24:00 +0100,Shopify Payments,32,0,3.95,5.99,35.95,17.98,11.68333333333333,3.291666666666667,2.995
#30719,2026-06,counted,paid,fulfilled,2026-06-16 22:35:00 +0100,Shopify Payments,32,0,3.95,5.99,35.95,0,26.66666666666667,3.291666666666667,5.991666666666668
#30720,2026-06,counted,paid,fulfilled,2026-06-16 22:45:00 +0100,Shopify Payments,39,0,3.95,7.16,42.95,0,32.5,3.291666666666667,7.158333333333335
#30721,2026-06,counted,paid,fulfilled,2026-06-16 22:45:00 +0100,Shopify Payments,108,0,0,18,108,0,90,0,18
#30722,2026-06,counted,paid,fulfilled,2026-06-16 22:45:00 +0100,Shopify Payments,78,0,0,13,78,0,65,0,13
#30723,2026-06,counted,refunded,fulfilled,2026-06-17 07:00:00 +0100,Shopify Payments,66,0,0,11,66,66,0,0,0
#30724,2026-06,counted,paid,fulfilled,2026-06-17 07:11:00 +0100,"Gift card, Shopify Payments",26,0,3.95,4.99,29.95,0,21.66666666666667,3.291666666666667,4.991666666666667
#30725,2026-06,counted,paid,fulfilled,2026-06-17 08:44:00 +0100,Shopify Payments,WELCOME5,89,5,0,14,84,0,70,0,14
#30726,2026-06,counted,partially_refunded,fulfilled,2026-06-17 09:23:00 +0100,Shopify Payments,SUMMER10,38,3.8,3.95,6.36,38.15,11.45,18.95833333333334,3.291666666666667,4.450000000000001
#30727,2026-06,counted,partially_refunded,fulfilled,2026-06-17 09:35:00 +0100,PayPal Express Checkout,58,0,0,9.67,58,17.4,33.83333333333334,0,6.766666666666667
#30728,2026-06,counted,paid,fulfilled,2026-06-17 09:37:00 +0100,Shopify Payments,20,0,3.95,3.99,23.95,0,16.66666666666667,3.291666666666667,3.991666666666667
#30729,2026-06,counted,paid,fulfilled,2026-06-17 09:45:00 +0100,PayPal Express Checkout,9.6,0,3.95,2.26,13.55,0,8,3.291666666666667,2.258333333333334
#30730,2026-06,counted,paid,fulfilled,2026-06-17 09:50:00 +0100,PayPal Express Checkout,12,0,3.95,2.66,15.95,0,10,3.291666666666667,2.658333333333333
#30731,2026-06,counted,paid,fulfilled,2026-06-17 10:19:00 +0100,Shopify Payments,72,0,0,12,72,0,60,0,12
#30732,2026-06,counted,paid,fulfilled,2026-06-17 10:31:00 +0100,Shopify Payments,36.5,0,3.95,6.74,40.45,0,30.41666666666667,3.291666666666667,6.741666666666668
#30733,2026-06,counted,paid,fulfilled,2026-06-17 12:28:00 +0100,Gift card,SUMMER10,125.5,12.55,0,18.83,112.95,0,94.125,0,18.825
#30734,2026-06,counted,paid,fulfilled,2026-06-17 12:57:00 +0100,Shopify Payments,80,0,0,13.33,80,0,66.66666666666667,0,13.33333333333333
#30735,2026-06,counted,paid,fulfilled,2026-06-17 12:59:00 +0100,Shopify Payments,62,0,0,10.33,62,0,51.66666666666667,0,10.33333333333333
#30736,2026-06,counted,partially_refunded,fulfilled,2026-06-17 13:14:00 +0100,Shopify Payments,30,0,3.95,5.66,33.95,16.98,10.85,3.291666666666667,2.828333333333334
#30737,2026-06,counted,paid,fulfilled,2026-06-17 13:40:00 +0100,Shopify Payments,17,0,3.95,3.49,20.95,0,14.16666666666667,3.291666666666667,3.491666666666667
#30738,2026-06,counted,paid,fulfilled,2026-06-17 13:50:00 +0100,Shopify Payments,54,0,0,9,54,0,45,0,9.000000000000002
#30739,2026-06,unshipped,refunded,unfulfilled,2026-06-17 14:30:00 +0100,Shopify Payments,52,0,0,8.67,52,52,0,0,0
#30740,2026-06,counted,paid,fulfilled,2026-06-17 14:58:00 +0100,Shopify Payments,26,0,3.95,4.99,29.95,0,21.66666666666667,3.291666666666667,4.991666666666667
#30741,2026-06,counted,paid,fulfilled,2026-06-17 15:04:00 +0100,Shopify Payments,99,0,0,16.5,99,0,82.5,0,16.5
#30742,2026-06,counted,paid,fulfilled,2026-06-17 15:08:00 +0100,Shopify Payments,214,0,0,35.67,214,0,178.3333333333333,0,35.66666666666667
#30743,2026-06,counted,paid,fulfilled,2026-06-17 15:31:00 +0100,PayPal Express Checkout,SUMMER10,42,4.2,3.95,6.96,41.75,0,31.5,3.291666666666667,6.958333333333333
#30744,2026-06,counted,paid,fulfilled,2026-06-17 15:48:00 +0100,Shopify Payments,36,0,3.95,6.66,39.95,0,30,3.291666666666667,6.658333333333334
#30745,2026-06,counted,paid,fulfilled,2026-06-17 16:02:00 +0100,Shopify Payments,74,0,0,12.33,74,0,61.66666666666667,0,12.33333333333333
#30746,2026-06,counted,paid,fulfilled,2026-06-17 16:29:00 +0100,Shopify Payments,32,0,3.95,5.99,35.95,0,26.66666666666667,3.291666666666667,5.991666666666668
#30747,2026-06,counted,paid,fulfilled,2026-06-17 16:34:00 +0100,Shopify Payments,25,0,3.95,4.83,28.95,0,20.83333333333334,3.291666666666667,4.825
#30748,2026-06,counted,paid,fulfilled,2026-06-17 16:49:00 +0100,Shopify Payments,9,0,3.95,2.16,12.95,0,7.5,3.291666666666667,2.158333333333333
#30749,2026-06,counted,paid,fulfilled,2026-06-17 17:02:00 +0100,Shopify Payments,59,0,0,9.83,59,0,49.16666666666667,0,9.833333333333334
#30750,2026-06,counted,paid,fulfilled,2026-06-17 17:08:00 +0100,Shopify Payments,68,0,0,11.33,68,0,56.66666666666667,0,11.33333333333334
#30751,2026-06,counted,paid,fulfilled,2026-06-17 17:43:00 +0100,Shopify Payments,60,0,0,10,60,0,50,0,10
#30752,2026-06,counted,paid,fulfilled,2026-06-17 18:59:00 +0100,Shopify Payments,159,0,0,26.5,159,0,132.5,0,26.5
#30753,2026-06,counted,paid,fulfilled,2026-06-17 18:59:00 +0100,Shopify Payments,77,0,0,12.83,77,0,64.16666666666667,0,12.83333333333333
#30754,2026-06,counted,paid,fulfilled,2026-06-17 19:12:00 +0100,Shopify Payments,169,0,0,28.17,169,0,140.8333333333333,0,28.16666666666667
#30755,2026-06,counted,paid,fulfilled,2026-06-17 19:19:00 +0100,Shopify Payments,47.6,0,3.95,8.59,51.55,0,39.66666666666667,3.291666666666667,8.591666666666669
#30756,2026-06,counted,paid,fulfilled,2026-06-17 19:19:00 +0100,Shopify Payments,62,0,0,10.33,62,0,51.66666666666667,0,10.33333333333333
#30757,2026-06,counted,paid,fulfilled,2026-06-17 19:20:00 +0100,Shopify Payments,115.5,0,0,19.25,115.5,0,96.25,0,19.25
#30758,2026-06,counted,paid,fulfilled,2026-06-17 19:28:00 +0100,Shopify Payments,53,0,0,8.83,53,0,44.16666666666667,0,8.833333333333336
#30759,2026-06,counted,paid,fulfilled,2026-06-17 19:44:00 +0100,Shopify Payments,15,0,3.95,3.16,18.95,0,12.5,3.291666666666667,3.158333333333334
#30760,2026-06,counted,paid,fulfilled,2026-06-17 19:51:00 +0100,Shopify Payments,38,0,3.95,6.99,41.95,0,31.66666666666667,3.291666666666667,6.991666666666667
#30761,2026-06,counted,paid,fulfilled,2026-06-17 19:58:00 +0100,PayPal Express Checkout,15,0,3.95,3.16,18.95,0,12.5,3.291666666666667,3.158333333333334
#30762,2026-06,counted,paid,fulfilled,2026-06-17 20:29:00 +0100,Shopify Payments,114,0,0,19,114,0,95,0,19
#30763,2026-06,counted,paid,fulfilled,2026-06-17 20:50:00 +0100,Shopify Payments,62,0,0,10.33,62,0,51.66666666666667,0,10.33333333333333
#30764,2026-06,counted,paid,fulfilled,2026-06-17 21:24:00 +0100,PayPal Express Checkout,WELCOME5,109,5,0,17.33,104,0,86.66666666666667,0,17.33333333333334
#30765,2026-06,counted,paid,fulfilled,2026-06-17 21:43:00 +0100,Shopify Payments,40,0,3.95,7.33,43.95,0,33.33333333333334,3.291666666666667,7.325000000000001
#30766,2026-06,counted,paid,fulfilled,2026-06-17 21:53:00 +0100,Shopify Payments,64,0,0,10.67,64,0,53.33333333333334,0,10.66666666666667
#30767,2026-06,counted,paid,fulfilled,2026-06-17 22:14:00 +0100,Shopify Payments,82,0,0,13.67,82,0,68.33333333333334,0,13.66666666666667
#30768,2026-06,counted,paid,fulfilled,2026-06-18 07:14:00 +0100,PayPal Express Checkout,32,0,3.95,5.99,35.95,0,26.66666666666667,3.291666666666667,5.991666666666668
#30769,2026-06,counted,paid,fulfilled,2026-06-18 07:47:00 +0100,Shopify Payments,87,0,0,14.5,87,0,72.5,0,14.5
#30770,2026-06,counted,paid,fulfilled,2026-06-18 08:22:00 +0100,Shopify Payments,103,0,0,17.17,103,0,85.83333333333334,0,17.16666666666667
#30771,2026-06,counted,paid,fulfilled,2026-06-18 09:05:00 +0100,Shopify Payments,90,0,0,15,90,0,75,0,15
#30772,2026-06,counted,paid,fulfilled,2026-06-18 09:33:00 +0100,Shopify Payments,72,0,0,12,72,0,60,0,12
#30773,2026-06,counted,paid,fulfilled,2026-06-18 10:06:00 +0100,Shopify Payments,22,0,3.95,4.33,25.95,0,18.33333333333334,3.291666666666667,4.325
#30774,2026-06,counted,paid,fulfilled,2026-06-18 10:06:00 +0100,Shopify Payments,47,0,3.95,8.49,50.95,0,39.16666666666667,3.291666666666667,8.491666666666669
#30775,2026-06,counted,paid,fulfilled,2026-06-18 10:29:00 +0100,Shopify Payments,63,0,0,10.5,63,0,52.5,0,10.5
#30776,2026-06,counted,paid,fulfilled,2026-06-18 11:41:00 +0100,Shopify Payments,36,0,3.95,6.66,39.95,0,30,3.291666666666667,6.658333333333334
#30777,2026-06,counted,paid,fulfilled,2026-06-18 12:14:00 +0100,Shopify Payments,16,0,3.95,3.33,19.95,0,13.33333333333333,3.291666666666667,3.325
#30778,2026-06,counted,paid,fulfilled,2026-06-18 12:53:00 +0100,Shopify Payments,50,0,0,8.33,50,0,41.66666666666667,0,8.333333333333334
#30779,2026-06,counted,paid,fulfilled,2026-06-18 13:19:00 +0100,Shopify Payments,109,0,0,18.17,109,0,90.83333333333334,0,18.16666666666667
#30780,2026-06,counted,paid,fulfilled,2026-06-18 13:21:00 +0100,Shopify Payments,135,0,0,22.5,135,0,112.5,0,22.5
#30781,2026-06,counted,paid,fulfilled,2026-06-18 13:30:00 +0100,Shopify Payments,108.5,0,0,18.08,108.5,0,90.41666666666667,0,18.08333333333334
#30782,2026-06,counted,paid,fulfilled,2026-06-18 13:45:00 +0100,Shopify Payments,108,0,0,18,108,0,90,0,18
#30783,2026-06,counted,paid,fulfilled,2026-06-18 13:59:00 +0100,Shopify Payments,SUMMER10,45,4.5,3.95,7.41,44.45,0,33.75,3.291666666666667,7.408333333333334
#30784,2026-06,counted,paid,fulfilled,2026-06-18 14:12:00 +0100,PayPal Express Checkout,48,0,3.95,8.66,51.95,0,40,3.291666666666667,8.658333333333335
#30785,2026-06,counted,paid,fulfilled,2026-06-18 14:49:00 +0100,Shopify Payments,76,0,0,12.67,76,0,63.33333333333334,0,12.66666666666667
#30786,2026-06,counted,paid,fulfilled,2026-06-18 14:57:00 +0100,Shopify Payments,32,0,3.95,5.99,35.95,0,26.66666666666667,3.291666666666667,5.991666666666668
#30787,2026-06,counted,paid,fulfilled,2026-06-18 15:21:00 +0100,PayPal Express Checkout,108,0,0,18,108,0,90,0,18
#30788,2026-06,counted,paid,fulfilled,2026-06-18 16:32:00 +0100,Shopify Payments,SUMMER10,52,5.2,3.95,8.460000000000001,50.75,0,39,3.291666666666667,8.458333333333334
#30789,2026-06,counted,paid,fulfilled,2026-06-18 17:23:00 +0100,Shopify Payments,70,0,0,11.67,70,0,58.33333333333334,0,11.66666666666667
#30790,2026-06,counted,paid,fulfilled,2026-06-18 17:31:00 +0100,Shopify Payments,SUMMER10,19.2,1.92,3.95,3.54,21.23,0,14.4,3.291666666666667,3.538333333333334
#30791,2026-06,counted,paid,fulfilled,2026-06-18 17:43:00 +0100,Shopify Payments,87,0,0,14.5,87,0,72.5,0,14.5
#30792,2026-06,counted,paid,fulfilled,2026-06-18 17:52:00 +0100,Shopify Payments,18,0,3.95,3.66,21.95,0,15,3.291666666666667,3.658333333333333
#30793,2026-06,counted,paid,fulfilled,2026-06-18 17:58:00 +0100,Shopify Payments,WELCOME5,48,5,3.95,7.83,46.95,0,35.83333333333334,3.291666666666667,7.825000000000001
#30794,2026-06,counted,paid,fulfilled,2026-06-18 18:57:00 +0100,Shopify Payments,45.5,0,3.95,8.24,49.45,0,37.91666666666667,3.291666666666667,8.241666666666667
#30795,2026-06,counted,paid,fulfilled,2026-06-18 19:00:00 +0100,PayPal Express Checkout,60,0,0,10,60,0,50,0,10
#30796,2026-06,counted,paid,fulfilled,2026-06-18 19:48:00 +0100,Shopify Payments,WELCOME5,25,5,3.95,3.99,23.95,0,16.66666666666667,3.291666666666667,3.991666666666667
#30797,2026-06,counted,paid,fulfilled,2026-06-18 20:20:00 +0100,Shopify Payments,56,0,0,9.33,56,0,46.66666666666667,0,9.333333333333334
#30798,2026-06,counted,paid,fulfilled,2026-06-18 20:47:00 +0100,Shopify Payments,15,0,3.95,3.16,18.95,0,12.5,3.291666666666667,3.158333333333334
#30799,2026-06,counted,paid,fulfilled,2026-06-18 20:53:00 +0100,Gift card,34,0,3.95,6.33,37.95,0,28.33333333333334,3.291666666666667,6.325000000000001
#30800,2026-06,counted,paid,fulfilled,2026-06-18 20:54:00 +0100,Shopify Payments,25,0,3.95,4.83,28.95,0,20.83333333333334,3.291666666666667,4.825
#30801,2026-06,counted,paid,fulfilled,2026-06-18 21:02:00 +0100,"Gift card, Shopify Payments",25,0,3.95,4.83,28.95,0,20.83333333333334,3.291666666666667,4.825
#30802,2026-06,counted,paid,fulfilled,2026-06-18 21:43:00 +0100,Shopify Payments,63,0,0,10.5,63,0,52.5,0,10.5
#30803,2026-06,counted,paid,fulfilled,2026-06-18 22:25:00 +0100,Shopify Payments,SUMMER10,118,11.8,0,17.7,106.2,0,88.5,0,17.7
#30804,2026-06,counted,paid,fulfilled,2026-06-18 22:26:00 +0100,Shopify Payments,44.5,0,3.95,8.08,48.45,0,37.08333333333334,3.291666666666667,8.075000000000001
#30805,2026-06,counted,paid,fulfilled,2026-06-18 22:52:00 +0100,Shopify Payments,14,0,3.95,2.99,17.95,0,11.66666666666667,3.291666666666667,2.991666666666667
#30806,2026-06,counted,paid,fulfilled,2026-06-19 07:11:00 +0100,PayPal Express Checkout,SUMMER10,63,6.3,0,9.449999999999999,56.7,0,47.25000000000001,0,9.450000000000001
#30807,2026-06,counted,paid,fulfilled,2026-06-19 07:18:00 +0100,Shopify Payments,43,0,3.95,7.83,46.95,0,35.83333333333334,3.291666666666667,7.825000000000001
#30808,2026-06,counted,paid,fulfilled,2026-06-19 07:23:00 +0100,Shopify Payments,114,0,0,19,114,0,95,0,19
#30809,2026-06,counted,paid,fulfilled,2026-06-19 07:54:00 +0100,Shopify Payments,167,0,0,27.83,167,0,139.1666666666667,0,27.83333333333333
#30810,2026-06,counted,paid,fulfilled,2026-06-19 08:42:00 +0100,Shopify Payments,36,0,3.95,6.66,39.95,0,30,3.291666666666667,6.658333333333334
#30811,2026-06,counted,paid,fulfilled,2026-06-19 08:52:00 +0100,PayPal Express Checkout,278,0,0,46.33,278,0,231.6666666666667,0,46.33333333333334
#30812,2026-06,counted,paid,fulfilled,2026-06-19 09:02:00 +0100,Shopify Payments,14,0,3.95,2.99,17.95,0,11.66666666666667,3.291666666666667,2.991666666666667
#30813,2026-06,counted,paid,fulfilled,2026-06-19 09:17:00 +0100,Shopify Payments,41,0,3.95,7.49,44.95,0,34.16666666666667,3.291666666666667,7.491666666666667
#30814,2026-06,counted,paid,fulfilled,2026-06-19 09:40:00 +0100,Shopify Payments,15,0,3.95,3.16,18.95,0,12.5,3.291666666666667,3.158333333333334
#30815,2026-06,counted,paid,fulfilled,2026-06-19 09:44:00 +0100,Shopify Payments,105,0,0,17.5,105,0,87.5,0,17.5
#30816,2026-06,counted,refunded,fulfilled,2026-06-19 10:26:00 +0100,Shopify Payments,45,0,3.95,8.16,48.95,48.95,0,-2.220446049250313e-15,-4.440892098500627e-16
#30817,2026-06,counted,paid,fulfilled,2026-06-19 10:59:00 +0100,Shopify Payments,63,0,0,10.5,63,0,52.5,0,10.5
#30818,2026-06,counted,paid,fulfilled,2026-06-19 11:01:00 +0100,Shopify Payments,38,0,3.95,6.99,41.95,0,31.66666666666667,3.291666666666667,6.991666666666667
#30819,2026-06,counted,paid,fulfilled,2026-06-19 11:02:00 +0100,PayPal Express Checkout,134.5,0,0,22.42,134.5,0,112.0833333333333,0,22.41666666666667
#30820,2026-06,counted,paid,fulfilled,2026-06-19 11:06:00 +0100,Shopify Payments,30,0,3.95,5.66,33.95,0,25,3.291666666666667,5.658333333333334
#30821,2026-06,counted,paid,fulfilled,2026-06-19 11:07:00 +0100,Shopify Payments,14,0,3.95,2.99,17.95,0,11.66666666666667,3.291666666666667,2.991666666666667
#30822,2026-06,counted,paid,fulfilled,2026-06-19 11:17:00 +0100,Shopify Payments,64,0,0,10.67,64,0,53.33333333333334,0,10.66666666666667
#30823,2026-06,counted,partially_refunded,fulfilled,2026-06-19 11:22:00 +0100,Shopify Payments,90,0,0,15,90,18,60,0,12
#30824,2026-06,counted,paid,fulfilled,2026-06-19 11:38:00 +0100,Shopify Payments,36,0,3.95,6.66,39.95,0,30,3.291666666666667,6.658333333333334
#30825,2026-06,counted,paid,fulfilled,2026-06-19 11:42:00 +0100,Shopify Payments,26,0,3.95,4.99,29.95,0,21.66666666666667,3.291666666666667,4.991666666666667
#30826,2026-06,counted,paid,fulfilled,2026-06-19 12:27:00 +0100,Shopify Payments,119,0,0,19.83,119,0,99.16666666666667,0,19.83333333333334
#30827,2026-06,counted,paid,fulfilled,2026-06-19 12:31:00 +0100,PayPal Express Checkout,SUMMER10,69,6.9,0,10.35,62.1,0,51.75,0,10.35
#30828,2026-06,counted,paid,fulfilled,2026-06-19 13:28:00 +0100,Shopify Payments,60,0,0,10,60,0,50,0,10
#30829,2026-06,counted,paid,fulfilled,2026-06-19 13:46:00 +0100,Shopify Payments,113,0,0,18.83,113,0,94.16666666666667,0,18.83333333333334
#30830,2026-06,counted,paid,fulfilled,2026-06-19 13:54:00 +0100,Shopify Payments,78,0,0,13,78,0,65,0,13
#30831,2026-06,counted,refunded,fulfilled,2026-06-19 13:55:00 +0100,PayPal Express Checkout,50,0,0,8.33,50,50,0,0,0
#30832,2026-06,counted,paid,fulfilled,2026-06-19 14:00:00 +0100,Shopify Payments,22,0,3.95,4.33,25.95,0,18.33333333333334,3.291666666666667,4.325
#30833,2026-06,counted,paid,fulfilled,2026-06-19 14:17:00 +0100,Shopify Payments,24,0,3.95,4.66,27.95,0,20,3.291666666666667,4.658333333333333
#30834,2026-06,counted,paid,fulfilled,2026-06-19 14:34:00 +0100,Shopify Payments,135,0,0,22.5,135,0,112.5,0,22.5
#30835,2026-06,counted,paid,fulfilled,2026-06-19 14:50:00 +0100,Shopify Payments,26,0,3.95,4.99,29.95,0,21.66666666666667,3.291666666666667,4.991666666666667
#30836,2026-06,counted,paid,fulfilled,2026-06-19 14:50:00 +0100,Shopify Payments,38,0,3.95,6.99,41.95,0,31.66666666666667,3.291666666666667,6.991666666666667
#30837,2026-06,counted,paid,fulfilled,2026-06-19 14:58:00 +0100,PayPal Express Checkout,126,0,0,21,126,0,105,0,21
#30838,2026-06,counted,paid,fulfilled,2026-06-19 15:22:00 +0100,Shopify Payments,36,0,3.95,6.66,39.95,0,30,3.291666666666667,6.658333333333334
#30839,2026-06,counted,paid,fulfilled,2026-06-19 15:27:00 +0100,Shopify Payments,83,0,0,13.83,83,0,69.16666666666667,0,13.83333333333334
#30840,2026-06,counted,partially_refunded,fulfilled,2026-06-19 15:28:00 +0100,Shopify Payments,18,0,3.95,3.66,21.95,10.98,5.85,3.291666666666667,1.828333333333333
#30841,2026-06,counted,paid,fulfilled,2026-06-19 15:36:00 +0100,PayPal Express Checkout,9,0,3.95,2.16,12.95,0,7.5,3.291666666666667,2.158333333333333
#30842,2026-06,counted,paid,fulfilled,2026-06-19 15:45:00 +0100,Shopify Payments,158,0,0,26.33,158,0,131.6666666666667,0,26.33333333333334
#30843,2026-06,counted,paid,fulfilled,2026-06-19 15:59:00 +0100,Shopify Payments,68,0,0,11.33,68,0,56.66666666666667,0,11.33333333333334
#30844,2026-06,counted,paid,fulfilled,2026-06-19 16:01:00 +0100,Shopify Payments,148,0,0,24.67,148,0,123.3333333333333,0,24.66666666666667
#30845,2026-06,counted,paid,fulfilled,2026-06-19 16:17:00 +0100,Shopify Payments,162,0,0,27,162,0,135,0,27
#30846,2026-06,counted,paid,fulfilled,2026-06-19 17:00:00 +0100,Shopify Payments,SUMMER10,52,5.2,3.95,8.460000000000001,50.75,0,39,3.291666666666667,8.458333333333334
#30847,2026-06,counted,paid,fulfilled,2026-06-19 17:07:00 +0100,Shopify Payments,175.5,0,0,29.25,175.5,0,146.25,0,29.25
#30848,2026-06,counted,paid,fulfilled,2026-06-19 17:10:00 +0100,Shopify Payments,17,0,3.95,3.49,20.95,0,14.16666666666667,3.291666666666667,3.491666666666667
#30849,2026-06,counted,paid,fulfilled,2026-06-19 17:10:00 +0100,Shopify Payments,11,0,3.95,2.49,14.95,0,9.166666666666668,3.291666666666667,2.491666666666667
#30850,2026-06,counted,paid,fulfilled,2026-06-19 18:23:00 +0100,Shopify Payments,18,0,3.95,3.66,21.95,0,15,3.291666666666667,3.658333333333333
#30851,2026-06,counted,paid,fulfilled,2026-06-19 18:23:00 +0100,Shopify Payments,SUMMER10,126,12.6,0,18.9,113.4,0,94.50000000000001,0,18.9
#30852,2026-06,counted,partially_refunded,fulfilled,2026-06-19 18:24:00 +0100,Shopify Payments,80,0,0,13.33,80,16,53.33333333333334,0,10.66666666666667
#30853,2026-06,counted,paid,fulfilled,2026-06-19 18:32:00 +0100,Shopify Payments,SUMMER10,237,23.7,0,35.55,213.3,0,177.75,0,35.55
#30854,2026-06,counted,paid,fulfilled,2026-06-19 18:41:00 +0100,Shopify Payments,83.5,0,0,13.92,83.5,0,69.58333333333334,0,13.91666666666667
#30855,2026-06,counted,paid,fulfilled,2026-06-19 18:56:00 +0100,PayPal Express Checkout,334,0,0,55.67,334,0,278.3333333333334,0,55.66666666666666
#30856,2026-06,counted,paid,fulfilled,2026-06-19 19:36:00 +0100,Shopify Payments,26,0,3.95,4.99,29.95,0,21.66666666666667,3.291666666666667,4.991666666666667
#30857,2026-06,counted,paid,fulfilled,2026-06-19 20:07:00 +0100,Shopify Payments,105,0,0,17.5,105,0,87.5,0,17.5
#30858,2026-06,counted,paid,fulfilled,2026-06-19 20:10:00 +0100,Shopify Payments,52,0,0,8.67,52,0,43.33333333333334,0,8.666666666666668
#30859,2026-06,counted,paid,fulfilled,2026-06-19 21:12:00 +0100,Shopify Payments,40,0,3.95,7.33,43.95,0,33.33333333333334,3.291666666666667,7.325000000000001
#30860,2026-06,counted,paid,fulfilled,2026-06-19 21:22:00 +0100,Shopify Payments,53,0,0,8.83,53,0,44.16666666666667,0,8.833333333333336
#30861,2026-06,counted,paid,fulfilled,2026-06-19 21:41:00 +0100,Shopify Payments,SUMMER10,33,3.3,3.95,5.61,33.65,0,24.75,3.291666666666667,5.608333333333334
#30862,2026-06,counted,paid,fulfilled,2026-06-19 21:43:00 +0100,Shopify Payments,48,0,3.95,8.66,51.95,0,40,3.291666666666667,8.658333333333335
#30863,2026-06,counted,paid,fulfilled,2026-06-19 22:34:00 +0100,Shopify Payments,71,0,0,11.83,71,0,59.16666666666667,0,11.83333333333333
#30864,2026-06,counted,paid,fulfilled,2026-06-20 07:13:00 +0100,Shopify Payments,SUMMER10,83,8.300000000000001,0,12.45,74.7,0,62.25000000000001,0,12.45
#30865,2026-06,counted,paid,fulfilled,2026-06-20 08:01:00 +0100,Shopify Payments,95,0,0,15.83,95,0,79.16666666666667,0,15.83333333333333
#30866,2026-06,counted,paid,fulfilled,2026-06-20 08:19:00 +0100,Shopify Payments,78,0,0,13,78,0,65,0,13
#30867,2026-06,counted,paid,fulfilled,2026-06-20 08:32:00 +0100,Shopify Payments,12,0,3.95,2.66,15.95,0,10,3.291666666666667,2.658333333333333
#30868,2026-06,counted,paid,fulfilled,2026-06-20 08:41:00 +0100,Shopify Payments,110,0,0,18.33,110,0,91.66666666666667,0,18.33333333333334
#30869,2026-06,counted,paid,fulfilled,2026-06-20 09:54:00 +0100,Shopify Payments,79,0,0,13.17,79,0,65.83333333333334,0,13.16666666666667
#30870,2026-06,counted,paid,fulfilled,2026-06-20 10:10:00 +0100,Shopify Payments,63,0,0,10.5,63,0,52.5,0,10.5
#30871,2026-06,counted,paid,fulfilled,2026-06-20 10:52:00 +0100,Shopify Payments,46,0,3.95,8.33,49.95,0,38.33333333333334,3.291666666666667,8.325000000000003
#30872,2026-06,counted,paid,fulfilled,2026-06-20 11:04:00 +0100,Shopify Payments,161,0,0,26.83,161,0,134.1666666666667,0,26.83333333333334
#30873,2026-06,counted,paid,fulfilled,2026-06-20 11:26:00 +0100,Shopify Payments,62,0,0,10.33,62,0,51.66666666666667,0,10.33333333333333
#30874,2026-06,counted,paid,fulfilled,2026-06-20 11:43:00 +0100,PayPal Express Checkout,253,0,0,42.17,253,0,210.8333333333333,0,42.16666666666667
#30875,2026-06,counted,paid,fulfilled,2026-06-20 12:03:00 +0100,Shopify Payments,25,0,3.95,4.83,28.95,0,20.83333333333334,3.291666666666667,4.825
#30876,2026-06,counted,paid,fulfilled,2026-06-20 12:11:00 +0100,Shopify Payments,129,0,0,21.5,129,0,107.5,0,21.5
#30877,2026-06,counted,paid,fulfilled,2026-06-20 12:11:00 +0100,Shopify Payments,44.8,0,3.95,8.130000000000001,48.75,0,37.33333333333334,3.291666666666667,8.125
#30878,2026-06,counted,paid,fulfilled,2026-06-20 12:12:00 +0100,Shopify Payments,172.5,0,0,28.75,172.5,0,143.75,0,28.75
#30879,2026-06,counted,paid,fulfilled,2026-06-20 13:43:00 +0100,Shopify Payments,18,0,3.95,3.66,21.95,0,15,3.291666666666667,3.658333333333333
#30880,2026-06,counted,paid,fulfilled,2026-06-20 14:00:00 +0100,Shopify Payments,17,0,3.95,3.49,20.95,0,14.16666666666667,3.291666666666667,3.491666666666667
#30881,2026-06,counted,paid,fulfilled,2026-06-20 14:50:00 +0100,PayPal Express Checkout,90,0,0,15,90,0,75,0,15
#30882,2026-06,counted,paid,fulfilled,2026-06-20 15:04:00 +0100,Shopify Payments,97,0,0,16.17,97,0,80.83333333333334,0,16.16666666666667
#30883,2026-06,counted,paid,fulfilled,2026-06-20 15:19:00 +0100,Shopify Payments,284,0,0,47.33,284,0,236.6666666666667,0,47.33333333333334
#30884,2026-06,counted,paid,fulfilled,2026-06-20 15:25:00 +0100,Gift card,104,0,0,17.33,104,0,86.66666666666667,0,17.33333333333334
#30885,2026-06,counted,paid,fulfilled,2026-06-20 17:02:00 +0100,Shopify Payments,47,0,3.95,8.49,50.95,0,39.16666666666667,3.291666666666667,8.491666666666669
#30886,2026-06,counted,paid,fulfilled,2026-06-20 17:03:00 +0100,Shopify Payments,85,0,0,14.17,85,0,70.83333333333334,0,14.16666666666667
#30887,2026-06,counted,partially_refunded,fulfilled,2026-06-20 18:19:00 +0100,Shopify Payments,90,0,0,15,90,18,60,0,12
#30888,2026-06,counted,paid,fulfilled,2026-06-20 18:21:00 +0100,Shopify Payments,109,0,0,18.17,109,0,90.83333333333334,0,18.16666666666667
#30889,2026-06,counted,paid,fulfilled,2026-06-20 18:31:00 +0100,PayPal Express Checkout,77,0,0,12.83,77,0,64.16666666666667,0,12.83333333333333
#30890,2026-06,counted,paid,fulfilled,2026-06-20 19:26:00 +0100,Shopify Payments,49,0,3.95,8.83,52.95,0,40.83333333333334,3.291666666666667,8.825000000000001
#30891,2026-06,counted,paid,fulfilled,2026-06-20 19:26:00 +0100,Shopify Payments,42,0,3.95,7.66,45.95,0,35,3.291666666666667,7.658333333333335
#30892,2026-06,counted,paid,fulfilled,2026-06-20 20:22:00 +0100,Shopify Payments,88,0,0,14.67,88,0,73.33333333333334,0,14.66666666666667
#30893,2026-06,counted,paid,fulfilled,2026-06-20 20:24:00 +0100,Shopify Payments,7.5,0,3.95,1.91,11.45,0,6.25,3.291666666666667,1.908333333333333
#30894,2026-06,counted,paid,fulfilled,2026-06-20 21:49:00 +0100,Shopify Payments,100,0,0,16.67,100,0,83.33333333333334,0,16.66666666666667
#30895,2026-06,counted,paid,fulfilled,2026-06-20 21:54:00 +0100,Shopify Payments,133,0,0,22.17,133,0,110.8333333333333,0,22.16666666666667
#30896,2026-06,counted,paid,fulfilled,2026-06-20 22:02:00 +0100,Shopify Payments,62,0,0,10.33,62,0,51.66666666666667,0,10.33333333333333
#30897,2026-06,counted,paid,fulfilled,2026-06-21 07:27:00 +0100,Shopify Payments,181,0,0,30.17,181,0,150.8333333333333,0,30.16666666666667
#30898,2026-06,counted,paid,fulfilled,2026-06-21 07:56:00 +0100,Shopify Payments,49.2,0,3.95,8.859999999999999,53.15,0,41.00000000000001,3.291666666666667,8.858333333333336
#30899,2026-06,counted,paid,fulfilled,2026-06-21 07:57:00 +0100,Shopify Payments,26,0,3.95,4.99,29.95,0,21.66666666666667,3.291666666666667,4.991666666666667
#30900,2026-06,counted,refunded,fulfilled,2026-06-21 08:24:00 +0100,Shopify Payments,36,0,3.95,6.66,39.95,39.95,0,-2.220446049250313e-15,-4.440892098500627e-16
#30901,2026-06,counted,paid,fulfilled,2026-06-21 09:11:00 +0100,Shopify Payments,78,0,0,13,78,0,65,0,13
#30902,2026-06,counted,paid,fulfilled,2026-06-21 09:21:00 +0100,Shopify Payments,9,0,3.95,2.16,12.95,0,7.5,3.291666666666667,2.158333333333333
#30903,2026-06,counted,paid,fulfilled,2026-06-21 09:36:00 +0100,Shopify Payments,76,0,0,12.67,76,0,63.33333333333334,0,12.66666666666667
#30904,2026-06,counted,paid,fulfilled,2026-06-21 09:48:00 +0100,Shopify Payments,156,0,0,26,156,0,130,0,26
#30905,2026-06,counted,paid,fulfilled,2026-06-21 10:12:00 +0100,Shopify Payments,169,0,0,28.17,169,0,140.8333333333333,0,28.16666666666667
#30906,2026-06,counted,paid,fulfilled,2026-06-21 11:05:00 +0100,"Gift card, Shopify Payments",19,0,3.95,3.83,22.95,0,15.83333333333333,3.291666666666667,3.825
#30907,2026-06,counted,paid,fulfilled,2026-06-21 11:05:00 +0100,Shopify Payments,209.5,0,0,34.92,209.5,0,174.5833333333333,0,34.91666666666667
#30908,2026-06,counted,paid,fulfilled,2026-06-21 11:17:00 +0100,Shopify Payments,30,0,3.95,5.66,33.95,0,25,3.291666666666667,5.658333333333334
#30909,2026-06,counted,paid,fulfilled,2026-06-21 11:37:00 +0100,PayPal Express Checkout,37.5,0,3.95,6.91,41.45,0,31.25,3.291666666666667,6.908333333333334
#30910,2026-06,counted,paid,fulfilled,2026-06-21 11:43:00 +0100,Shopify Payments,51,0,0,8.5,51,0,42.5,0,8.500000000000002
#30911,2026-06,counted,paid,fulfilled,2026-06-21 11:48:00 +0100,Shopify Payments,66,0,0,11,66,0,55,0,11
#30912,2026-06,counted,paid,fulfilled,2026-06-21 13:09:00 +0100,PayPal Express Checkout,30,0,3.95,5.66,33.95,0,25,3.291666666666667,5.658333333333334
#30913,2026-06,counted,paid,fulfilled,2026-06-21 13:20:00 +0100,Shopify Payments,49,0,3.95,8.83,52.95,0,40.83333333333334,3.291666666666667,8.825000000000001
#30914,2026-06,counted,paid,fulfilled,2026-06-21 13:34:00 +0100,Shopify Payments,170,0,0,28.33,170,0,141.6666666666667,0,28.33333333333334
#30915,2026-06,counted,paid,fulfilled,2026-06-21 14:22:00 +0100,Shopify Payments,18,0,3.95,3.66,21.95,0,15,3.291666666666667,3.658333333333333
#30916,2026-06,counted,paid,fulfilled,2026-06-21 14:46:00 +0100,Shopify Payments,17,0,3.95,3.49,20.95,0,14.16666666666667,3.291666666666667,3.491666666666667
#30917,2026-06,counted,paid,fulfilled,2026-06-21 14:57:00 +0100,PayPal Express Checkout,15,0,3.95,3.16,18.95,0,12.5,3.291666666666667,3.158333333333334
#30918,2026-06,counted,paid,fulfilled,2026-06-21 16:08:00 +0100,Shopify Payments,24,0,3.95,4.66,27.95,0,20,3.291666666666667,4.658333333333333
#30919,2026-06,counted,paid,fulfilled,2026-06-21 16:21:00 +0100,Shopify Payments,90,0,0,15,90,0,75,0,15
#30920,2026-06,counted,paid,fulfilled,2026-06-21 16:21:00 +0100,Shopify Payments,16,0,3.95,3.33,19.95,0,13.33333333333333,3.291666666666667,3.325
#30921,2026-06,counted,paid,fulfilled,2026-06-21 17:18:00 +0100,Shopify Payments,146,0,0,24.33,146,0,121.6666666666667,0,24.33333333333334
#30922,2026-06,counted,paid,fulfilled,2026-06-21 17:23:00 +0100,"Gift card, Shopify Payments",166,0,0,27.67,166,0,138.3333333333333,0,27.66666666666667
#30923,2026-06,counted,paid,fulfilled,2026-06-21 17:29:00 +0100,Shopify Payments,14,0,3.95,2.99,17.95,0,11.66666666666667,3.291666666666667,2.991666666666667
#30924,2026-06,counted,paid,fulfilled,2026-06-21 17:49:00 +0100,Shopify Payments,WELCOME5,105,5,0,16.67,100,0,83.33333333333334,0,16.66666666666667
#30925,2026-06,counted,paid,fulfilled,2026-06-21 18:06:00 +0100,Shopify Payments,15,0,3.95,3.16,18.95,0,12.5,3.291666666666667,3.158333333333334
#30926,2026-06,counted,paid,fulfilled,2026-06-21 18:43:00 +0100,Shopify Payments,155,0,0,25.83,155,0,129.1666666666667,0,25.83333333333334
#30927,2026-06,counted,paid,fulfilled,2026-06-21 18:50:00 +0100,Shopify Payments,31.5,0,3.95,5.91,35.45,0,26.25,3.291666666666667,5.908333333333334
#30928,2026-06,counted,paid,fulfilled,2026-06-21 19:02:00 +0100,Shopify Payments,78,0,0,13,78,0,65,0,13
#30929,2026-06,counted,paid,fulfilled,2026-06-21 19:32:00 +0100,Shopify Payments,32,0,3.95,5.99,35.95,0,26.66666666666667,3.291666666666667,5.991666666666668
#30930,2026-06,counted,paid,fulfilled,2026-06-21 19:43:00 +0100,Shopify Payments,21,0,3.95,4.16,24.95,0,17.5,3.291666666666667,4.158333333333334
#30931,2026-06,counted,paid,fulfilled,2026-06-21 20:16:00 +0100,Shopify Payments,48,0,3.95,8.66,51.95,0,40,3.291666666666667,8.658333333333335
#30932,2026-06,test order,paid,fulfilled,2026-06-21 21:57:00 +0100,Shopify Payments,test,29,0,3.95,5.49,32.95,0,24.16666666666667,3.291666666666667,5.491666666666667
#30933,2026-06,counted,paid,fulfilled,2026-06-21 22:03:00 +0100,Shopify Payments,24,0,3.95,4.66,27.95,0,20,3.291666666666667,4.658333333333333
#30934,2026-06,counted,paid,fulfilled,2026-06-21 22:42:00 +0100,Shopify Payments,102,0,0,17,102,0,85,0,17
#30935,2026-06,counted,paid,fulfilled,2026-06-21 22:45:00 +0100,Shopify Payments,38,0,3.95,6.99,41.95,0,31.66666666666667,3.291666666666667,6.991666666666667
#30936,2026-06,counted,refunded,fulfilled,2026-06-22 07:37:00 +0100,Shopify Payments,45,0,3.95,8.16,48.95,48.95,0,-2.220446049250313e-15,-4.440892098500627e-16
#30937,2026-06,counted,partially_refunded,fulfilled,2026-06-22 07:55:00 +0100,Shopify Payments,45.5,0,3.95,8.24,49.45,24.73,17.30833333333334,3.291666666666667,4.12
#30938,2026-06,counted,paid,fulfilled,2026-06-22 08:03:00 +0100,Shopify Payments,50,0,0,8.33,50,0,41.66666666666667,0,8.333333333333334
#30939,2026-06,counted,paid,fulfilled,2026-06-22 08:24:00 +0100,Shopify Payments,63,0,0,10.5,63,0,52.5,0,10.5
#30940,2026-06,counted,paid,fulfilled,2026-06-22 09:24:00 +0100,Shopify Payments,83,0,0,13.83,83,0,69.16666666666667,0,13.83333333333334
#30941,2026-06,counted,paid,fulfilled,2026-06-22 09:28:00 +0100,Shopify Payments,237,0,0,39.5,237,0,197.5,0,39.50000000000001
#30942,2026-06,counted,paid,fulfilled,2026-06-22 10:23:00 +0100,Shopify Payments,64,0,0,10.67,64,0,53.33333333333334,0,10.66666666666667
#30943,2026-06,counted,paid,fulfilled,2026-06-22 10:47:00 +0100,Shopify Payments,9,0,3.95,2.16,12.95,0,7.5,3.291666666666667,2.158333333333333
#30944,2026-06,counted,paid,fulfilled,2026-06-22 10:49:00 +0100,Shopify Payments,WELCOME5,59,5,0,9,54,0,45,0,9.000000000000002
#30945,2026-06,counted,paid,fulfilled,2026-06-22 11:15:00 +0100,Shopify Payments,42,0,3.95,7.66,45.95,0,35,3.291666666666667,7.658333333333335
#30946,2026-06,counted,paid,fulfilled,2026-06-22 12:30:00 +0100,Shopify Payments,25,0,3.95,4.83,28.95,0,20.83333333333334,3.291666666666667,4.825
#30947,2026-06,counted,paid,fulfilled,2026-06-22 12:32:00 +0100,Shopify Payments,32,0,3.95,5.99,35.95,0,26.66666666666667,3.291666666666667,5.991666666666668
#30948,2026-06,counted,paid,fulfilled,2026-06-22 12:50:00 +0100,Shopify Payments,22,0,3.95,4.33,25.95,0,18.33333333333334,3.291666666666667,4.325
#30949,2026-06,counted,paid,fulfilled,2026-06-22 13:03:00 +0100,Shopify Payments,75,0,0,12.5,75,0,62.5,0,12.5
#30950,2026-06,counted,paid,fulfilled,2026-06-22 13:07:00 +0100,Shopify Payments,78,0,0,13,78,0,65,0,13
#30951,2026-06,counted,paid,fulfilled,2026-06-22 13:08:00 +0100,Shopify Payments,54,0,0,9,54,0,45,0,9.000000000000002
#30952,2026-06,counted,paid,fulfilled,2026-06-22 14:11:00 +0100,Gift card,92,0,0,15.33,92,0,76.66666666666667,0,15.33333333333334
#30953,2026-06,counted,paid,fulfilled,2026-06-22 14:22:00 +0100,Shopify Payments,19,0,3.95,3.83,22.95,0,15.83333333333333,3.291666666666667,3.825
#30954,2026-06,counted,paid,fulfilled,2026-06-22 14:42:00 +0100,"Gift card, Shopify Payments",21,0,3.95,4.16,24.95,0,17.5,3.291666666666667,4.158333333333334
#30955,2026-06,counted,paid,fulfilled,2026-06-22 15:13:00 +0100,PayPal Express Checkout,51,0,0,8.5,51,0,42.5,0,8.500000000000002
#30956,2026-06,counted,paid,fulfilled,2026-06-22 15:36:00 +0100,Shopify Payments,351,0,0,58.5,351,0,292.5,0,58.50000000000001
#30957,2026-06,counted,paid,fulfilled,2026-06-22 15:51:00 +0100,Shopify Payments,39.5,0,3.95,7.24,43.45,0,32.91666666666667,3.291666666666667,7.241666666666668
#30958,2026-06,counted,paid,fulfilled,2026-06-22 15:57:00 +0100,Shopify Payments,153,0,0,25.5,153,0,127.5,0,25.5
#30959,2026-06,counted,paid,fulfilled,2026-06-22 16:20:00 +0100,PayPal Express Checkout,130,0,0,21.67,130,0,108.3333333333333,0,21.66666666666667
#30960,2026-06,counted,paid,fulfilled,2026-06-22 16:27:00 +0100,Shopify Payments,15,0,3.95,3.16,18.95,0,12.5,3.291666666666667,3.158333333333334
#30961,2026-06,counted,paid,fulfilled,2026-06-22 16:34:00 +0100,PayPal Express Checkout,36,0,3.95,6.66,39.95,0,30,3.291666666666667,6.658333333333334
#30962,2026-06,counted,paid,fulfilled,2026-06-22 16:35:00 +0100,Shopify Payments,104,0,0,17.33,104,0,86.66666666666667,0,17.33333333333334
#30963,2026-06,counted,paid,fulfilled,2026-06-22 17:01:00 +0100,Shopify Payments,64,0,0,10.67,64,0,53.33333333333334,0,10.66666666666667
#30964,2026-06,counted,paid,fulfilled,2026-06-22 17:07:00 +0100,Shopify Payments,24,0,3.95,4.66,27.95,0,20,3.291666666666667,4.658333333333333
#30965,2026-06,counted,paid,fulfilled,2026-06-22 17:11:00 +0100,Shopify Payments,38,0,3.95,6.99,41.95,0,31.66666666666667,3.291666666666667,6.991666666666667
#30966,2026-06,counted,paid,fulfilled,2026-06-22 17:27:00 +0100,PayPal Express Checkout,14,0,3.95,2.99,17.95,0,11.66666666666667,3.291666666666667,2.991666666666667
#30967,2026-06,counted,paid,fulfilled,2026-06-22 18:10:00 +0100,PayPal Express Checkout,74,0,0,12.33,74,0,61.66666666666667,0,12.33333333333333
#30968,2026-06,counted,paid,fulfilled,2026-06-22 19:16:00 +0100,"Gift card, Shopify Payments",185,0,0,30.83,185,0,154.1666666666667,0,30.83333333333334
#30969,2026-06,counted,paid,fulfilled,2026-06-22 20:00:00 +0100,PayPal Express Checkout,SUMMER10,18,1.8,3.95,3.36,20.15,0,13.5,3.291666666666667,3.358333333333334
#30970,2026-06,counted,paid,fulfilled,2026-06-22 21:12:00 +0100,Shopify Payments,SUMMER10,54,5.4,3.95,8.76,52.55,0,40.5,3.291666666666667,8.758333333333335
#30971,2026-06,counted,paid,fulfilled,2026-06-22 21:13:00 +0100,Shopify Payments,80,0,0,13.33,80,0,66.66666666666667,0,13.33333333333333
#30972,2026-06,counted,paid,fulfilled,2026-06-22 21:30:00 +0100,Shopify Payments,117,0,0,19.5,117,0,97.5,0,19.5
#30973,2026-06,counted,paid,fulfilled,2026-06-22 21:59:00 +0100,Shopify Payments,176,0,0,29.33,176,0,146.6666666666667,0,29.33333333333334
#30974,2026-06,counted,paid,fulfilled,2026-06-22 22:07:00 +0100,Shopify Payments,SUMMER10,12,1.2,3.95,2.46,14.75,0,9.000000000000002,3.291666666666667,2.458333333333333
#30975,2026-06,counted,refunded,fulfilled,2026-06-22 22:31:00 +0100,Shopify Payments,106,0,0,17.67,106,106,0,0,0
#30976,2026-06,counted,paid,fulfilled,2026-06-23 07:56:00 +0100,Gift card,28,0,3.95,5.33,31.95,0,23.33333333333334,3.291666666666667,5.325000000000001
#30977,2026-06,counted,paid,fulfilled,2026-06-23 08:13:00 +0100,Shopify Payments,107,0,0,17.83,107,0,89.16666666666667,0,17.83333333333334
#30978,2026-06,counted,paid,fulfilled,2026-06-23 08:36:00 +0100,Shopify Payments,SUMMER10,51,5.1,3.95,8.31,49.85,0,38.25,3.291666666666667,8.308333333333334
#30979,2026-06,counted,paid,fulfilled,2026-06-23 08:45:00 +0100,PayPal Express Checkout,19,0,3.95,3.83,22.95,0,15.83333333333333,3.291666666666667,3.825
#30980,2026-06,counted,paid,fulfilled,2026-06-23 09:05:00 +0100,Shopify Payments,45,0,3.95,8.16,48.95,0,37.5,3.291666666666667,8.158333333333335
#30981,2026-06,counted,paid,fulfilled,2026-06-23 09:05:00 +0100,Shopify Payments,174,0,0,29,174,0,145,0,29
#30982,2026-06,voided/cancelled,voided,unfulfilled,2026-06-23 09:39:00 +0100,Shopify Payments,9.6,0,3.95,2.26,13.55,0,8,3.291666666666667,2.258333333333334
#30983,2026-06,counted,paid,fulfilled,2026-06-23 10:19:00 +0100,Shopify Payments,54,0,0,9,54,0,45,0,9.000000000000002
#30984,2026-06,counted,paid,fulfilled,2026-06-23 10:32:00 +0100,Shopify Payments,36,0,3.95,6.66,39.95,0,30,3.291666666666667,6.658333333333334
#30985,2026-06,counted,paid,fulfilled,2026-06-23 10:51:00 +0100,Shopify Payments,WELCOME5,30,5,3.95,4.83,28.95,0,20.83333333333334,3.291666666666667,4.825
#30986,2026-06,counted,paid,fulfilled,2026-06-23 11:04:00 +0100,Shopify Payments,SUMMER10,18,1.8,3.95,3.36,20.15,0,13.5,3.291666666666667,3.358333333333334
#30987,2026-06,counted,paid,fulfilled,2026-06-23 11:10:00 +0100,Shopify Payments,SUMMER10,85,8.5,0,12.75,76.5,0,63.75,0,12.75
#30988,2026-06,counted,paid,fulfilled,2026-06-23 11:21:00 +0100,Shopify Payments,93,0,0,15.5,93,0,77.5,0,15.5
#30989,2026-06,counted,paid,fulfilled,2026-06-23 11:24:00 +0100,Shopify Payments,22,0,3.95,4.33,25.95,0,18.33333333333334,3.291666666666667,4.325
#30990,2026-06,counted,paid,fulfilled,2026-06-23 11:51:00 +0100,Shopify Payments,42,0,3.95,7.66,45.95,0,35,3.291666666666667,7.658333333333335
#30991,2026-06,counted,paid,fulfilled,2026-06-23 12:11:00 +0100,Shopify Payments,20,0,3.95,3.99,23.95,0,16.66666666666667,3.291666666666667,3.991666666666667
#30992,2026-06,counted,paid,fulfilled,2026-06-23 12:20:00 +0100,Shopify Payments,SUMMER10,33.5,3.35,3.95,5.68,34.1,0,25.125,3.291666666666667,5.683333333333334
#30993,2026-06,counted,paid,fulfilled,2026-06-23 12:44:00 +0100,Shopify Payments,21.5,0,3.95,4.24,25.45,0,17.91666666666667,3.291666666666667,4.241666666666667
#30994,2026-06,counted,paid,fulfilled,2026-06-23 13:04:00 +0100,Shopify Payments,24,0,3.95,4.66,27.95,0,20,3.291666666666667,4.658333333333333
#30995,2026-06,counted,paid,fulfilled,2026-06-23 13:09:00 +0100,Shopify Payments,72.5,0,0,12.08,72.5,0,60.41666666666667,0,12.08333333333333
#30996,2026-06,counted,paid,fulfilled,2026-06-23 13:33:00 +0100,Shopify Payments,43.5,0,3.95,7.91,47.45,0,36.25,3.291666666666667,7.908333333333334
#30997,2026-06,counted,paid,fulfilled,2026-06-23 14:05:00 +0100,Shopify Payments,19,0,3.95,3.83,22.95,0,15.83333333333333,3.291666666666667,3.825
#30998,2026-06,counted,paid,fulfilled,2026-06-23 14:23:00 +0100,Shopify Payments,7.5,0,3.95,1.91,11.45,0,6.25,3.291666666666667,1.908333333333333
#30999,2026-06,counted,paid,fulfilled,2026-06-23 14:25:00 +0100,Shopify Payments,143,0,0,23.83,143,0,119.1666666666667,0,23.83333333333334
#31000,2026-06,counted,paid,fulfilled,2026-06-23 14:27:00 +0100,Shopify Payments,96,0,0,16,96,0,80,0,16
#31001,2026-06,counted,paid,fulfilled,2026-06-23 14:36:00 +0100,Shopify Payments,91,0,0,15.17,91,0,75.83333333333334,0,15.16666666666667
#31002,2026-06,counted,paid,fulfilled,2026-06-23 14:46:00 +0100,Shopify Payments,90,0,0,15,90,0,75,0,15
#31003,2026-06,counted,paid,fulfilled,2026-06-23 15:35:00 +0100,Shopify Payments,SUMMER10,25,2.5,3.95,4.41,26.45,0,18.75,3.291666666666667,4.408333333333333
#31004,2026-06,counted,paid,fulfilled,2026-06-23 16:14:00 +0100,Shopify Payments,16,0,3.95,3.33,19.95,0,13.33333333333333,3.291666666666667,3.325
#31005,2026-06,counted,paid,fulfilled,2026-06-23 16:36:00 +0100,Shopify Payments,139,0,0,23.17,139,0,115.8333333333333,0,23.16666666666667
#31006,2026-06,counted,paid,fulfilled,2026-06-23 16:52:00 +0100,PayPal Express Checkout,12,0,3.95,2.66,15.95,0,10,3.291666666666667,2.658333333333333
#31007,2026-06,counted,paid,fulfilled,2026-06-23 16:57:00 +0100,Shopify Payments,50,0,0,8.33,50,0,41.66666666666667,0,8.333333333333334
#31008,2026-06,counted,paid,fulfilled,2026-06-23 17:09:00 +0100,Shopify Payments,22,0,3.95,4.33,25.95,0,18.33333333333334,3.291666666666667,4.325
#31009,2026-06,counted,paid,fulfilled,2026-06-23 17:21:00 +0100,Shopify Payments,89,0,0,14.83,89,0,74.16666666666667,0,14.83333333333333
#31010,2026-06,counted,paid,fulfilled,2026-06-23 17:42:00 +0100,Shopify Payments,14,0,3.95,2.99,17.95,0,11.66666666666667,3.291666666666667,2.991666666666667
#31011,2026-06,counted,paid,fulfilled,2026-06-23 17:42:00 +0100,PayPal Express Checkout,44,0,3.95,7.99,47.95,0,36.66666666666667,3.291666666666667,7.991666666666668
#31012,2026-06,counted,paid,fulfilled,2026-06-23 17:43:00 +0100,PayPal Express Checkout,30,0,3.95,5.66,33.95,0,25,3.291666666666667,5.658333333333334
#31013,2026-06,counted,paid,fulfilled,2026-06-23 18:34:00 +0100,Shopify Payments,96,0,0,16,96,0,80,0,16
#31014,2026-06,counted,paid,fulfilled,2026-06-23 19:33:00 +0100,Shopify Payments,SUMMER10,21,2.1,3.95,3.81,22.85,0,15.75,3.291666666666667,3.808333333333333
#31015,2026-06,counted,paid,fulfilled,2026-06-23 19:44:00 +0100,Shopify Payments,72,0,0,12,72,0,60,0,12
#31016,2026-06,counted,paid,fulfilled,2026-06-23 19:46:00 +0100,Shopify Payments,64,0,0,10.67,64,0,53.33333333333334,0,10.66666666666667
#31017,2026-06,counted,paid,fulfilled,2026-06-23 19:48:00 +0100,Shopify Payments,54,0,0,9,54,0,45,0,9.000000000000002
#31018,2026-06,counted,paid,fulfilled,2026-06-23 20:25:00 +0100,Shopify Payments,97,0,0,16.17,97,0,80.83333333333334,0,16.16666666666667
#31019,2026-06,counted,paid,fulfilled,2026-06-23 20:44:00 +0100,Shopify Payments,101,0,0,16.83,101,0,84.16666666666667,0,16.83333333333334
#31020,2026-06,counted,paid,fulfilled,2026-06-23 20:52:00 +0100,Shopify Payments,26,0,3.95,4.99,29.95,0,21.66666666666667,3.291666666666667,4.991666666666667
#31021,2026-06,counted,paid,fulfilled,2026-06-23 21:21:00 +0100,Shopify Payments,18,0,3.95,3.66,21.95,0,15,3.291666666666667,3.658333333333333
#31022,2026-06,counted,paid,fulfilled,2026-06-23 21:21:00 +0100,Shopify Payments,WELCOME5,191.5,5,0,31.08,186.5,0,155.4166666666667,0,31.08333333333334
#31023,2026-06,counted,paid,fulfilled,2026-06-23 21:37:00 +0100,Shopify Payments,76,0,0,12.67,76,0,63.33333333333334,0,12.66666666666667
#31024,2026-06,counted,paid,fulfilled,2026-06-23 22:14:00 +0100,Shopify Payments,116,0,0,19.33,116,0,96.66666666666667,0,19.33333333333334
#31025,2026-06,counted,paid,fulfilled,2026-06-23 22:51:00 +0100,Shopify Payments,27,0,3.95,5.16,30.95,0,22.5,3.291666666666667,5.158333333333334
#31026,2026-06,counted,paid,fulfilled,2026-06-24 07:17:00 +0100,PayPal Express Checkout,24,0,3.95,4.66,27.95,0,20,3.291666666666667,4.658333333333333
#31027,2026-06,counted,paid,fulfilled,2026-06-24 07:58:00 +0100,Shopify Payments,WELCOME5,32,5,3.95,5.16,30.95,0,22.5,3.291666666666667,5.158333333333334
#31028,2026-06,counted,paid,fulfilled,2026-06-24 08:49:00 +0100,Shopify Payments,49,0,3.95,8.83,52.95,0,40.83333333333334,3.291666666666667,8.825000000000001
#31029,2026-06,counted,paid,fulfilled,2026-06-24 08:55:00 +0100,Shopify Payments,26,0,3.95,4.99,29.95,0,21.66666666666667,3.291666666666667,4.991666666666667
#31030,2026-06,counted,paid,fulfilled,2026-06-24 09:10:00 +0100,Shopify Payments,175,0,0,29.17,175,0,145.8333333333333,0,29.16666666666667
#31031,2026-06,counted,paid,fulfilled,2026-06-24 09:25:00 +0100,Shopify Payments,64,0,0,10.67,64,0,53.33333333333334,0,10.66666666666667
#31032,2026-06,counted,refunded,fulfilled,2026-06-24 09:38:00 +0100,Shopify Payments,92,0,0,15.33,92,92,0,0,0
#31033,2026-06,counted,paid,fulfilled,2026-06-24 09:43:00 +0100,Shopify Payments,70,0,0,11.67,70,0,58.33333333333334,0,11.66666666666667
#31034,2026-06,counted,paid,fulfilled,2026-06-24 09:56:00 +0100,Shopify Payments,62,0,0,10.33,62,0,51.66666666666667,0,10.33333333333333
#31035,2026-06,counted,paid,fulfilled,2026-06-24 10:01:00 +0100,Shopify Payments,35.5,0,3.95,6.58,39.45,0,29.58333333333334,3.291666666666667,6.575000000000001
#31036,2026-06,counted,paid,fulfilled,2026-06-24 10:19:00 +0100,Shopify Payments,33,0,3.95,6.16,36.95,0,27.5,3.291666666666667,6.158333333333334
#31037,2026-06,counted,partially_refunded,fulfilled,2026-06-24 10:29:00 +0100,Shopify Payments,150,0,0,25,150,45,87.5,0,17.5
#31038,2026-06,counted,paid,fulfilled,2026-06-24 10:31:00 +0100,Shopify Payments,SUMMER10,186,18.6,0,27.9,167.4,0,139.5,0,27.90000000000001
#31039,2026-06,counted,paid,fulfilled,2026-06-24 10:51:00 +0100,Shopify Payments,24,0,3.95,4.66,27.95,0,20,3.291666666666667,4.658333333333333
#31040,2026-06,counted,paid,fulfilled,2026-06-24 11:31:00 +0100,Shopify Payments,158,0,0,26.33,158,0,131.6666666666667,0,26.33333333333334
#31041,2026-06,counted,paid,fulfilled,2026-06-24 11:56:00 +0100,Shopify Payments,28,0,3.95,5.33,31.95,0,23.33333333333334,3.291666666666667,5.325000000000001
#31042,2026-06,counted,paid,fulfilled,2026-06-24 12:23:00 +0100,Shopify Payments,49.5,0,3.95,8.91,53.45,0,41.25,3.291666666666667,8.908333333333335
#31043,2026-06,counted,paid,fulfilled,2026-06-24 12:32:00 +0100,Shopify Payments,25,0,3.95,4.83,28.95,0,20.83333333333334,3.291666666666667,4.825
#31044,2026-06,counted,paid,fulfilled,2026-06-24 12:55:00 +0100,Shopify Payments,WELCOME5,25,5,3.95,3.99,23.95,0,16.66666666666667,3.291666666666667,3.991666666666667
#31045,2026-06,counted,paid,fulfilled,2026-06-24 13:20:00 +0100,Shopify Payments,45,0,3.95,8.16,48.95,0,37.5,3.291666666666667,8.158333333333335
#31046,2026-06,counted,paid,fulfilled,2026-06-24 13:57:00 +0100,Shopify Payments,24,0,3.95,4.66,27.95,0,20,3.291666666666667,4.658333333333333
#31047,2026-06,counted,paid,fulfilled,2026-06-24 14:20:00 +0100,Shopify Payments,91,0,0,15.17,91,0,75.83333333333334,0,15.16666666666667
#31048,2026-06,counted,paid,fulfilled,2026-06-24 14:21:00 +0100,Shopify Payments,158,0,0,26.33,158,0,131.6666666666667,0,26.33333333333334
#31049,2026-06,counted,refunded,fulfilled,2026-06-24 14:57:00 +0100,PayPal Express Checkout,42,0,3.95,7.66,45.95,45.95,0,-2.220446049250313e-15,-4.440892098500627e-16
#31050,2026-06,counted,paid,fulfilled,2026-06-24 14:57:00 +0100,Shopify Payments,117,0,0,19.5,117,0,97.5,0,19.5
#31051,2026-06,counted,paid,fulfilled,2026-06-24 15:00:00 +0100,Shopify Payments,42,0,3.95,7.66,45.95,0,35,3.291666666666667,7.658333333333335
#31052,2026-06,counted,partially_refunded,fulfilled,2026-06-24 15:16:00 +0100,Shopify Payments,78,0,0,13,78,39,32.5,0,6.500000000000001
#31053,2026-06,counted,paid,fulfilled,2026-06-24 15:51:00 +0100,Shopify Payments,SUMMER10,148,14.8,0,22.2,133.2,0,111,0,22.2
#31054,2026-06,counted,paid,fulfilled,2026-06-24 15:55:00 +0100,Shopify Payments,47,0,3.95,8.49,50.95,0,39.16666666666667,3.291666666666667,8.491666666666669
#31055,2026-06,counted,paid,fulfilled,2026-06-24 15:59:00 +0100,Shopify Payments,130,0,0,21.67,130,0,108.3333333333333,0,21.66666666666667
#31056,2026-06,counted,paid,fulfilled,2026-06-24 16:02:00 +0100,Shopify Payments,38,0,3.95,6.99,41.95,0,31.66666666666667,3.291666666666667,6.991666666666667
#31057,2026-06,counted,paid,fulfilled,2026-06-24 16:11:00 +0100,Shopify Payments,173,0,0,28.83,173,0,144.1666666666667,0,28.83333333333334
#31058,2026-06,counted,paid,fulfilled,2026-06-24 16:18:00 +0100,Shopify Payments,41,0,3.95,7.49,44.95,0,34.16666666666667,3.291666666666667,7.491666666666667
#31059,2026-06,counted,paid,fulfilled,2026-06-24 16:20:00 +0100,Shopify Payments,172,0,0,28.67,172,0,143.3333333333333,0,28.66666666666667
#31060,2026-06,counted,paid,fulfilled,2026-06-24 17:23:00 +0100,Shopify Payments,48,0,3.95,8.66,51.95,0,40,3.291666666666667,8.658333333333335
#31061,2026-06,counted,paid,fulfilled,2026-06-24 17:46:00 +0100,Shopify Payments,60,0,0,10,60,0,50,0,10
#31062,2026-06,counted,paid,fulfilled,2026-06-24 17:49:00 +0100,Shopify Payments,77,0,0,12.83,77,0,64.16666666666667,0,12.83333333333333
#31063,2026-06,counted,paid,fulfilled,2026-06-24 18:01:00 +0100,Shopify Payments,9,0,3.95,2.16,12.95,0,7.5,3.291666666666667,2.158333333333333
#31064,2026-06,counted,paid,fulfilled,2026-06-24 18:08:00 +0100,Shopify Payments,47,0,3.95,8.49,50.95,0,39.16666666666667,3.291666666666667,8.491666666666669
#31065,2026-06,counted,paid,fulfilled,2026-06-24 18:25:00 +0100,Shopify Payments,92,0,0,15.33,92,0,76.66666666666667,0,15.33333333333334
#31066,2026-06,counted,paid,fulfilled,2026-06-24 18:29:00 +0100,Shopify Payments,30,0,3.95,5.66,33.95,0,25,3.291666666666667,5.658333333333334
#31067,2026-06,counted,paid,fulfilled,2026-06-24 18:47:00 +0100,Shopify Payments,18,0,3.95,3.66,21.95,0,15,3.291666666666667,3.658333333333333
#31068,2026-06,counted,paid,fulfilled,2026-06-24 19:03:00 +0100,Shopify Payments,172,0,0,28.67,172,0,143.3333333333333,0,28.66666666666667
#31069,2026-06,counted,paid,fulfilled,2026-06-24 19:07:00 +0100,PayPal Express Checkout,15,0,3.95,3.16,18.95,0,12.5,3.291666666666667,3.158333333333334
#31070,2026-06,counted,paid,fulfilled,2026-06-24 19:20:00 +0100,PayPal Express Checkout,17,0,3.95,3.49,20.95,0,14.16666666666667,3.291666666666667,3.491666666666667
#31071,2026-06,counted,paid,fulfilled,2026-06-24 19:26:00 +0100,PayPal Express Checkout,SUMMER10,21,2.1,3.95,3.81,22.85,0,15.75,3.291666666666667,3.808333333333333
#31072,2026-06,counted,paid,fulfilled,2026-06-24 19:44:00 +0100,Shopify Payments,SUMMER10,112,11.2,0,16.8,100.8,0,84,0,16.8
#31073,2026-06,counted,paid,fulfilled,2026-06-24 20:05:00 +0100,Shopify Payments,63,0,0,10.5,63,0,52.5,0,10.5
#31074,2026-06,counted,refunded,fulfilled,2026-06-24 20:10:00 +0100,Shopify Payments,SUMMER10,124,12.4,0,18.6,111.6,111.6,0,0,0
#31075,2026-06,counted,paid,fulfilled,2026-06-24 20:54:00 +0100,Shopify Payments,SUMMER10,28,2.8,3.95,4.86,29.15,0,21,3.291666666666667,4.858333333333333
#31076,2026-06,counted,paid,fulfilled,2026-06-24 21:19:00 +0100,Shopify Payments,151,0,0,25.17,151,0,125.8333333333333,0,25.16666666666667
#31077,2026-06,counted,paid,fulfilled,2026-06-24 21:20:00 +0100,PayPal Express Checkout,42,0,3.95,7.66,45.95,0,35,3.291666666666667,7.658333333333335
#31078,2026-06,counted,paid,fulfilled,2026-06-24 21:22:00 +0100,"Gift card, Shopify Payments",84,0,0,14,84,0,70,0,14
#31079,2026-06,counted,paid,fulfilled,2026-06-24 21:23:00 +0100,Shopify Payments,SUMMER10,12,1.2,3.95,2.46,14.75,0,9.000000000000002,3.291666666666667,2.458333333333333
#31080,2026-06,counted,paid,fulfilled,2026-06-24 21:23:00 +0100,Shopify Payments,42,0,3.95,7.66,45.95,0,35,3.291666666666667,7.658333333333335
#31081,2026-06,counted,paid,fulfilled,2026-06-24 22:00:00 +0100,Shopify Payments,61.5,0,0,10.25,61.5,0,51.25,0,10.25
#31082,2026-06,counted,paid,fulfilled,2026-06-24 22:04:00 +0100,Shopify Payments,40,0,3.95,7.33,43.95,0,33.33333333333334,3.291666666666667,7.325000000000001
#31083,2026-06,counted,paid,fulfilled,2026-06-24 22:07:00 +0100,Shopify Payments,30,0,3.95,5.66,33.95,0,25,3.291666666666667,5.658333333333334
#31084,2026-06,counted,paid,fulfilled,2026-06-24 22:38:00 +0100,Shopify Payments,167,0,0,27.83,167,0,139.1666666666667,0,27.83333333333333
#31085,2026-06,counted,paid,fulfilled,2026-06-24 22:42:00 +0100,Shopify Payments,44,0,3.95,7.99,47.95,0,36.66666666666667,3.291666666666667,7.991666666666668
#31086,2026-06,counted,paid,fulfilled,2026-06-24 22:58:00 +0100,Shopify Payments,157,0,0,26.17,157,0,130.8333333333333,0,26.16666666666667
#31087,2026-06,counted,paid,fulfilled,2026-06-25 07:23:00 +0100,Shopify Payments,160,0,0,26.67,160,0,133.3333333333333,0,26.66666666666667
#31088,2026-06,counted,paid,fulfilled,2026-06-25 07:42:00 +0100,Shopify Payments,15,0,3.95,3.16,18.95,0,12.5,3.291666666666667,3.158333333333334
#31089,2026-06,counted,paid,fulfilled,2026-06-25 07:47:00 +0100,Shopify Payments,52,0,0,8.67,52,0,43.33333333333334,0,8.666666666666668
#31090,2026-06,counted,paid,fulfilled,2026-06-25 08:02:00 +0100,Shopify Payments,67,0,0,11.17,67,0,55.83333333333334,0,11.16666666666667
#31091,2026-06,counted,paid,fulfilled,2026-06-25 08:05:00 +0100,Shopify Payments,119,0,0,19.83,119,0,99.16666666666667,0,19.83333333333334
#31092,2026-06,counted,paid,fulfilled,2026-06-25 09:37:00 +0100,Shopify Payments,133,0,0,22.17,133,0,110.8333333333333,0,22.16666666666667
#31093,2026-06,counted,paid,fulfilled,2026-06-25 09:57:00 +0100,Shopify Payments,33,0,3.95,6.16,36.95,0,27.5,3.291666666666667,6.158333333333334
#31094,2026-06,counted,paid,fulfilled,2026-06-25 10:08:00 +0100,Shopify Payments,178,0,0,29.67,178,0,148.3333333333333,0,29.66666666666667
#31095,2026-06,counted,paid,fulfilled,2026-06-25 10:45:00 +0100,Shopify Payments,153,0,0,25.5,153,0,127.5,0,25.5
#31096,2026-06,counted,paid,fulfilled,2026-06-25 11:06:00 +0100,Shopify Payments,58,0,0,9.67,58,0,48.33333333333334,0,9.666666666666668
#31097,2026-06,counted,paid,fulfilled,2026-06-25 11:31:00 +0100,Shopify Payments,117,0,0,19.5,117,0,97.5,0,19.5
#31098,2026-06,counted,paid,fulfilled,2026-06-25 11:41:00 +0100,Shopify Payments,44,0,3.95,7.99,47.95,0,36.66666666666667,3.291666666666667,7.991666666666668
#31099,2026-06,counted,paid,fulfilled,2026-06-25 11:52:00 +0100,PayPal Express Checkout,64,0,0,10.67,64,0,53.33333333333334,0,10.66666666666667
#31100,2026-06,counted,paid,fulfilled,2026-06-25 12:31:00 +0100,Shopify Payments,118,0,0,19.67,118,0,98.33333333333334,0,19.66666666666667
#31101,2026-06,counted,paid,fulfilled,2026-06-25 13:17:00 +0100,Shopify Payments,36,0,3.95,6.66,39.95,0,30,3.291666666666667,6.658333333333334
#31102,2026-06,counted,paid,fulfilled,2026-06-25 13:35:00 +0100,Shopify Payments,15,0,3.95,3.16,18.95,0,12.5,3.291666666666667,3.158333333333334
#31103,2026-06,counted,paid,fulfilled,2026-06-25 14:23:00 +0100,Shopify Payments,22,0,3.95,4.33,25.95,0,18.33333333333334,3.291666666666667,4.325
#31104,2026-06,counted,paid,fulfilled,2026-06-25 14:29:00 +0100,PayPal Express Checkout,132,0,0,22,132,0,110,0,22
#31105,2026-06,counted,paid,fulfilled,2026-06-25 14:46:00 +0100,Shopify Payments,116,0,0,19.33,116,0,96.66666666666667,0,19.33333333333334
#31106,2026-06,counted,paid,fulfilled,2026-06-25 15:10:00 +0100,Shopify Payments,16,0,3.95,3.33,19.95,0,13.33333333333333,3.291666666666667,3.325
#31107,2026-06,counted,paid,fulfilled,2026-06-25 15:18:00 +0100,Shopify Payments,35.5,0,3.95,6.58,39.45,0,29.58333333333334,3.291666666666667,6.575000000000001
#31108,2026-06,counted,paid,fulfilled,2026-06-25 16:09:00 +0100,Shopify Payments,44,0,3.95,7.99,47.95,0,36.66666666666667,3.291666666666667,7.991666666666668
#31109,2026-06,counted,paid,fulfilled,2026-06-25 17:07:00 +0100,Shopify Payments,30,0,3.95,5.66,33.95,0,25,3.291666666666667,5.658333333333334
#31110,2026-06,counted,paid,fulfilled,2026-06-25 17:27:00 +0100,Shopify Payments,51,0,0,8.5,51,0,42.5,0,8.500000000000002
#31111,2026-06,counted,paid,fulfilled,2026-06-25 17:32:00 +0100,Shopify Payments,16,0,3.95,3.33,19.95,0,13.33333333333333,3.291666666666667,3.325
#31112,2026-06,counted,paid,fulfilled,2026-06-25 18:04:00 +0100,Shopify Payments,51,0,0,8.5,51,0,42.5,0,8.500000000000002
#31113,2026-06,counted,paid,fulfilled,2026-06-25 18:22:00 +0100,Shopify Payments,60.5,0,0,10.08,60.5,0,50.41666666666667,0,10.08333333333334
#31114,2026-06,counted,paid,fulfilled,2026-06-25 18:30:00 +0100,Shopify Payments,33,0,3.95,6.16,36.95,0,27.5,3.291666666666667,6.158333333333334
#31115,2026-06,counted,paid,fulfilled,2026-06-25 18:35:00 +0100,Shopify Payments,31.5,0,3.95,5.91,35.45,0,26.25,3.291666666666667,5.908333333333334
#31116,2026-06,counted,paid,fulfilled,2026-06-25 18:52:00 +0100,Shopify Payments,28,0,3.95,5.33,31.95,0,23.33333333333334,3.291666666666667,5.325000000000001
#31117,2026-06,counted,paid,fulfilled,2026-06-25 19:04:00 +0100,Shopify Payments,162,0,0,27,162,0,135,0,27
#31118,2026-06,counted,paid,fulfilled,2026-06-25 19:06:00 +0100,Gift card,45,0,3.95,8.16,48.95,0,37.5,3.291666666666667,8.158333333333335
#31119,2026-06,counted,paid,fulfilled,2026-06-25 19:18:00 +0100,Shopify Payments,30,0,3.95,5.66,33.95,0,25,3.291666666666667,5.658333333333334
#31120,2026-06,counted,paid,fulfilled,2026-06-25 19:38:00 +0100,Shopify Payments,164,0,0,27.33,164,0,136.6666666666667,0,27.33333333333334
#31121,2026-06,counted,paid,fulfilled,2026-06-25 19:40:00 +0100,Shopify Payments,28,0,3.95,5.33,31.95,0,23.33333333333334,3.291666666666667,5.325000000000001
#31122,2026-06,counted,paid,fulfilled,2026-06-25 19:51:00 +0100,Shopify Payments,38,0,3.95,6.99,41.95,0,31.66666666666667,3.291666666666667,6.991666666666667
#31123,2026-06,counted,paid,fulfilled,2026-06-25 20:06:00 +0100,Shopify Payments,WELCOME5,172,5,0,27.83,167,0,139.1666666666667,0,27.83333333333333
#31124,2026-06,counted,paid,fulfilled,2026-06-25 20:17:00 +0100,PayPal Express Checkout,161,0,0,26.83,161,0,134.1666666666667,0,26.83333333333334
#31125,2026-06,counted,paid,fulfilled,2026-06-25 21:14:00 +0100,Shopify Payments,9.6,0,3.95,2.26,13.55,0,8,3.291666666666667,2.258333333333334
#31126,2026-06,counted,paid,fulfilled,2026-06-25 21:31:00 +0100,Shopify Payments,138,0,0,23,138,0,115,0,23
#31127,2026-06,counted,paid,fulfilled,2026-06-25 21:45:00 +0100,Shopify Payments,SUMMER10,101.5,10.15,0,15.23,91.34999999999999,0,76.125,0,15.225
#31128,2026-06,counted,paid,fulfilled,2026-06-25 21:54:00 +0100,Shopify Payments,108,0,0,18,108,0,90,0,18
#31129,2026-06,counted,paid,fulfilled,2026-06-25 22:03:00 +0100,Shopify Payments,42,0,3.95,7.66,45.95,0,35,3.291666666666667,7.658333333333335
#31130,2026-06,counted,paid,fulfilled,2026-06-25 22:14:00 +0100,PayPal Express Checkout,24,0,3.95,4.66,27.95,0,20,3.291666666666667,4.658333333333333
#31131,2026-06,counted,paid,fulfilled,2026-06-25 22:28:00 +0100,Shopify Payments,64,0,0,10.67,64,0,53.33333333333334,0,10.66666666666667
#31132,2026-06,counted,paid,fulfilled,2026-06-26 07:12:00 +0100,Shopify Payments,WELCOME5,28,5,3.95,4.49,26.95,0,19.16666666666667,3.291666666666667,4.491666666666667
#31133,2026-06,counted,paid,fulfilled,2026-06-26 07:15:00 +0100,Shopify Payments,94,0,0,15.67,94,0,78.33333333333334,0,15.66666666666667
#31134,2026-06,counted,paid,fulfilled,2026-06-26 07:38:00 +0100,Shopify Payments,39,0,3.95,7.16,42.95,0,32.5,3.291666666666667,7.158333333333335
#31135,2026-06,counted,paid,fulfilled,2026-06-26 07:53:00 +0100,Shopify Payments,170,0,0,28.33,170,0,141.6666666666667,0,28.33333333333334
#31136,2026-06,counted,paid,fulfilled,2026-06-26 08:04:00 +0100,"Gift card, Shopify Payments",17,0,3.95,3.49,20.95,0,14.16666666666667,3.291666666666667,3.491666666666667
#31137,2026-06,counted,paid,fulfilled,2026-06-26 08:15:00 +0100,Shopify Payments,42,0,3.95,7.66,45.95,0,35,3.291666666666667,7.658333333333335
#31138,2026-06,counted,paid,fulfilled,2026-06-26 08:40:00 +0100,Shopify Payments,26,0,3.95,4.99,29.95,0,21.66666666666667,3.291666666666667,4.991666666666667
#31139,2026-06,counted,paid,fulfilled,2026-06-26 08:48:00 +0100,Shopify Payments,58,0,0,9.67,58,0,48.33333333333334,0,9.666666666666668
#31140,2026-06,counted,paid,fulfilled,2026-06-26 08:57:00 +0100,Shopify Payments,76,0,0,12.67,76,0,63.33333333333334,0,12.66666666666667
#31141,2026-06,counted,paid,fulfilled,2026-06-26 09:01:00 +0100,Shopify Payments,84,0,0,14,84,0,70,0,14
#31142,2026-06,counted,paid,fulfilled,2026-06-26 09:15:00 +0100,Shopify Payments,21,0,3.95,4.16,24.95,0,17.5,3.291666666666667,4.158333333333334
#31143,2026-06,counted,paid,fulfilled,2026-06-26 09:25:00 +0100,PayPal Express Checkout,88,0,0,14.67,88,0,73.33333333333334,0,14.66666666666667
#31144,2026-06,counted,paid,fulfilled,2026-06-26 09:41:00 +0100,Shopify Payments,15,0,3.95,3.16,18.95,0,12.5,3.291666666666667,3.158333333333334
#31145,2026-06,counted,paid,fulfilled,2026-06-26 09:41:00 +0100,Shopify Payments,33,0,3.95,6.16,36.95,0,27.5,3.291666666666667,6.158333333333334
#31146,2026-06,counted,paid,fulfilled,2026-06-26 09:50:00 +0100,Shopify Payments,57,0,0,9.5,57,0,47.5,0,9.5
#31147,2026-06,counted,paid,fulfilled,2026-06-26 10:16:00 +0100,Shopify Payments,90,0,0,15,90,0,75,0,15
#31148,2026-06,counted,paid,fulfilled,2026-06-26 10:17:00 +0100,Shopify Payments,SUMMER10,45,4.5,3.95,7.41,44.45,0,33.75,3.291666666666667,7.408333333333334
#31149,2026-06,counted,paid,fulfilled,2026-06-26 11:18:00 +0100,Shopify Payments,89,0,0,14.83,89,0,74.16666666666667,0,14.83333333333333
#31150,2026-06,counted,paid,fulfilled,2026-06-26 11:46:00 +0100,Shopify Payments,24,0,3.95,4.66,27.95,0,20,3.291666666666667,4.658333333333333
#31151,2026-06,counted,paid,fulfilled,2026-06-26 11:47:00 +0100,Shopify Payments,9,0,3.95,2.16,12.95,0,7.5,3.291666666666667,2.158333333333333
#31152,2026-06,counted,paid,fulfilled,2026-06-26 12:06:00 +0100,Shopify Payments,96,0,0,16,96,0,80,0,16
#31153,2026-06,counted,paid,fulfilled,2026-06-26 12:23:00 +0100,Shopify Payments,14,0,3.95,2.99,17.95,0,11.66666666666667,3.291666666666667,2.991666666666667
#31154,2026-06,counted,paid,fulfilled,2026-06-26 12:49:00 +0100,Shopify Payments,SUMMER10,78,7.8,0,11.7,70.2,0,58.50000000000001,0,11.7
#31155,2026-06,counted,paid,fulfilled,2026-06-26 13:02:00 +0100,Shopify Payments,95,0,0,15.83,95,0,79.16666666666667,0,15.83333333333333
#31156,2026-06,counted,paid,fulfilled,2026-06-26 14:24:00 +0100,Shopify Payments,SUMMER10,59,5.9,0,8.85,53.1,0,44.25,0,8.850000000000001
#31157,2026-06,counted,paid,fulfilled,2026-06-26 14:33:00 +0100,PayPal Express Checkout,33,0,3.95,6.16,36.95,0,27.5,3.291666666666667,6.158333333333334
#31158,2026-06,counted,paid,fulfilled,2026-06-26 15:27:00 +0100,Shopify Payments,85,0,0,14.17,85,0,70.83333333333334,0,14.16666666666667
#31159,2026-06,counted,paid,fulfilled,2026-06-26 15:44:00 +0100,Shopify Payments,91,0,0,15.17,91,0,75.83333333333334,0,15.16666666666667
#31160,2026-06,counted,paid,fulfilled,2026-06-26 15:51:00 +0100,Shopify Payments,56,0,0,9.33,56,0,46.66666666666667,0,9.333333333333334
#31161,2026-06,counted,paid,fulfilled,2026-06-26 16:20:00 +0100,Shopify Payments,SUMMER10,59,5.9,0,8.85,53.1,0,44.25,0,8.850000000000001
#31162,2026-06,counted,paid,fulfilled,2026-06-26 16:53:00 +0100,Shopify Payments,51,0,0,8.5,51,0,42.5,0,8.500000000000002
#31163,2026-06,counted,paid,fulfilled,2026-06-26 17:13:00 +0100,Shopify Payments,SUMMER10,90,9,0,13.5,81,0,67.5,0,13.5
#31164,2026-06,counted,paid,fulfilled,2026-06-26 18:08:00 +0100,Shopify Payments,36,0,3.95,6.66,39.95,0,30,3.291666666666667,6.658333333333334
#31165,2026-06,counted,paid,fulfilled,2026-06-26 18:21:00 +0100,Shopify Payments,208,0,0,34.67,208,0,173.3333333333333,0,34.66666666666667
#31166,2026-06,counted,paid,fulfilled,2026-06-26 18:49:00 +0100,Shopify Payments,114,0,0,19,114,0,95,0,19
#31167,2026-06,counted,paid,fulfilled,2026-06-26 18:53:00 +0100,Shopify Payments,20,0,3.95,3.99,23.95,0,16.66666666666667,3.291666666666667,3.991666666666667
#31168,2026-06,counted,paid,fulfilled,2026-06-26 19:02:00 +0100,Shopify Payments,54,0,0,9,54,0,45,0,9.000000000000002
#31169,2026-06,counted,paid,fulfilled,2026-06-26 19:07:00 +0100,Shopify Payments,SUMMER10,29,2.9,3.95,5.01,30.05,0,21.75,3.291666666666667,5.008333333333334
#31170,2026-06,counted,paid,fulfilled,2026-06-26 19:14:00 +0100,Shopify Payments,59,0,0,9.83,59,0,49.16666666666667,0,9.833333333333334
#31171,2026-06,counted,paid,fulfilled,2026-06-26 20:35:00 +0100,Shopify Payments,9,0,3.95,2.16,12.95,0,7.5,3.291666666666667,2.158333333333333
#31172,2026-06,counted,paid,fulfilled,2026-06-26 21:19:00 +0100,Shopify Payments,7.5,0,3.95,1.91,11.45,0,6.25,3.291666666666667,1.908333333333333
#31173,2026-06,counted,paid,fulfilled,2026-06-26 21:35:00 +0100,Shopify Payments,SUMMER10,30,3,3.95,5.16,30.95,0,22.5,3.291666666666667,5.158333333333334
#31174,2026-06,counted,paid,fulfilled,2026-06-26 22:08:00 +0100,Shopify Payments,158,0,0,26.33,158,0,131.6666666666667,0,26.33333333333334
#31175,2026-06,counted,paid,fulfilled,2026-06-27 07:12:00 +0100,Shopify Payments,9,0,3.95,2.16,12.95,0,7.5,3.291666666666667,2.158333333333333
#31176,2026-06,counted,paid,fulfilled,2026-06-27 07:21:00 +0100,Shopify Payments,26,0,3.95,4.99,29.95,0,21.66666666666667,3.291666666666667,4.991666666666667
#31177,2026-06,counted,paid,fulfilled,2026-06-27 07:39:00 +0100,Shopify Payments,90,0,0,15,90,0,75,0,15
#31178,2026-06,counted,paid,fulfilled,2026-06-27 07:40:00 +0100,Shopify Payments,SUMMER10,74.5,7.45,0,11.18,67.05,0,55.875,0,11.175
#31179,2026-06,counted,paid,fulfilled,2026-06-27 07:54:00 +0100,Shopify Payments,48,0,3.95,8.66,51.95,0,40,3.291666666666667,8.658333333333335
#31180,2026-06,counted,paid,fulfilled,2026-06-27 07:56:00 +0100,PayPal Express Checkout,291,0,0,48.5,291,0,242.5,0,48.50000000000001
#31181,2026-06,counted,paid,fulfilled,2026-06-27 09:19:00 +0100,Shopify Payments,136,0,0,22.67,136,0,113.3333333333333,0,22.66666666666667
#31182,2026-06,counted,paid,fulfilled,2026-06-27 09:25:00 +0100,Shopify Payments,39,0,3.95,7.16,42.95,0,32.5,3.291666666666667,7.158333333333335
#31183,2026-06,counted,paid,fulfilled,2026-06-27 09:31:00 +0100,Shopify Payments,SUMMER10,33,3.3,3.95,5.61,33.65,0,24.75,3.291666666666667,5.608333333333334
#31184,2026-06,counted,refunded,fulfilled,2026-06-27 09:38:00 +0100,Shopify Payments,66,0,0,11,66,66,0,0,0
#31185,2026-06,counted,paid,fulfilled,2026-06-27 10:14:00 +0100,Shopify Payments,SUMMER10,78,7.8,0,11.7,70.2,0,58.50000000000001,0,11.7
#31186,2026-06,counted,paid,fulfilled,2026-06-27 10:31:00 +0100,PayPal Express Checkout,237,0,0,39.5,237,0,197.5,0,39.50000000000001
#31187,2026-06,counted,paid,fulfilled,2026-06-27 10:53:00 +0100,Shopify Payments,SUMMER10,15,1.5,3.95,2.91,17.45,0,11.25,3.291666666666667,2.908333333333334
#31188,2026-06,counted,paid,fulfilled,2026-06-27 11:04:00 +0100,Shopify Payments,SUMMER10,100,10,0,15,90,0,75,0,15
#31189,2026-06,counted,paid,fulfilled,2026-06-27 11:13:00 +0100,Shopify Payments,317,0,0,52.83,317,0,264.1666666666667,0,52.83333333333334
#31190,2026-06,counted,paid,fulfilled,2026-06-27 11:20:00 +0100,Shopify Payments,52,0,0,8.67,52,0,43.33333333333334,0,8.666666666666668
#31191,2026-06,counted,paid,fulfilled,2026-06-27 11:29:00 +0100,Shopify Payments,80,0,0,13.33,80,0,66.66666666666667,0,13.33333333333333
#31192,2026-06,counted,paid,fulfilled,2026-06-27 11:48:00 +0100,Shopify Payments,119,0,0,19.83,119,0,99.16666666666667,0,19.83333333333334
#31193,2026-06,counted,paid,fulfilled,2026-06-27 12:20:00 +0100,Shopify Payments,187,0,0,31.17,187,0,155.8333333333333,0,31.16666666666667
#31194,2026-06,counted,paid,fulfilled,2026-06-27 12:44:00 +0100,Shopify Payments,31,0,3.95,5.83,34.95,0,25.83333333333334,3.291666666666667,5.825000000000001
#31195,2026-06,counted,paid,fulfilled,2026-06-27 12:51:00 +0100,Shopify Payments,36,0,3.95,6.66,39.95,0,30,3.291666666666667,6.658333333333334
#31196,2026-06,counted,paid,fulfilled,2026-06-27 14:10:00 +0100,Shopify Payments,46,0,3.95,8.33,49.95,0,38.33333333333334,3.291666666666667,8.325000000000003
#31197,2026-06,counted,partially_refunded,fulfilled,2026-06-27 14:42:00 +0100,Shopify Payments,26,0,3.95,4.99,29.95,8.99,14.175,3.291666666666667,3.493333333333333
#31198,2026-06,counted,paid,fulfilled,2026-06-27 15:11:00 +0100,Shopify Payments,86,0,0,14.33,86,0,71.66666666666667,0,14.33333333333333
#31199,2026-06,counted,paid,fulfilled,2026-06-27 15:30:00 +0100,Shopify Payments,137,0,0,22.83,137,0,114.1666666666667,0,22.83333333333334
#31200,2026-06,counted,paid,fulfilled,2026-06-27 16:14:00 +0100,Shopify Payments,131,0,0,21.83,131,0,109.1666666666667,0,21.83333333333334
#31201,2026-06,counted,paid,fulfilled,2026-06-27 16:30:00 +0100,Gift card,96,0,0,16,96,0,80,0,16
#31202,2026-06,counted,paid,fulfilled,2026-06-27 16:47:00 +0100,Shopify Payments,193,0,0,32.17,193,0,160.8333333333333,0,32.16666666666667
#31203,2026-06,counted,paid,fulfilled,2026-06-27 17:23:00 +0100,Shopify Payments,90,0,0,15,90,0,75,0,15
#31204,2026-06,counted,paid,fulfilled,2026-06-27 17:57:00 +0100,Shopify Payments,24,0,3.95,4.66,27.95,0,20,3.291666666666667,4.658333333333333
#31205,2026-06,counted,paid,fulfilled,2026-06-27 18:06:00 +0100,Shopify Payments,75,0,0,12.5,75,0,62.5,0,12.5
#31206,2026-06,counted,paid,fulfilled,2026-06-27 18:47:00 +0100,Shopify Payments,39,0,3.95,7.16,42.95,0,32.5,3.291666666666667,7.158333333333335
#31207,2026-06,counted,paid,fulfilled,2026-06-27 18:59:00 +0100,PayPal Express Checkout,SUMMER10,46,4.6,3.95,7.56,45.35,0,34.5,3.291666666666667,7.558333333333334
#31208,2026-06,counted,paid,fulfilled,2026-06-27 19:08:00 +0100,Shopify Payments,42,0,3.95,7.66,45.95,0,35,3.291666666666667,7.658333333333335
#31209,2026-06,counted,paid,fulfilled,2026-06-27 19:31:00 +0100,Shopify Payments,33,0,3.95,6.16,36.95,0,27.5,3.291666666666667,6.158333333333334
#31210,2026-06,counted,partially_refunded,fulfilled,2026-06-27 19:31:00 +0100,PayPal Express Checkout,45,0,3.95,8.16,48.95,24.48,17.1,3.291666666666667,4.078333333333334
#31211,2026-06,counted,paid,fulfilled,2026-06-27 19:36:00 +0100,Shopify Payments,128,0,0,21.33,128,0,106.6666666666667,0,21.33333333333334
#31212,2026-06,counted,paid,fulfilled,2026-06-27 20:42:00 +0100,Shopify Payments,346,0,0,57.67,346,0,288.3333333333334,0,57.66666666666667
#31213,2026-06,counted,paid,fulfilled,2026-06-27 20:45:00 +0100,Shopify Payments,SUMMER10,90,9,0,13.5,81,0,67.5,0,13.5
#31214,2026-06,counted,paid,fulfilled,2026-06-27 20:56:00 +0100,Gift card,40,0,3.95,7.33,43.95,0,33.33333333333334,3.291666666666667,7.325000000000001
#31215,2026-06,counted,paid,fulfilled,2026-06-27 21:01:00 +0100,Shopify Payments,30,0,3.95,5.66,33.95,0,25,3.291666666666667,5.658333333333334
#31216,2026-06,counted,paid,fulfilled,2026-06-27 21:24:00 +0100,Shopify Payments,53,0,0,8.83,53,0,44.16666666666667,0,8.833333333333336
#31217,2026-06,counted,paid,fulfilled,2026-06-27 22:07:00 +0100,Shopify Payments,169,0,0,28.17,169,0,140.8333333333333,0,28.16666666666667
#31218,2026-06,counted,refunded,fulfilled,2026-06-27 22:17:00 +0100,Shopify Payments,127,0,0,21.17,127,127,0,0,0
#31219,2026-06,counted,paid,fulfilled,2026-06-27 22:23:00 +0100,Shopify Payments,SUMMER10,34,3.4,3.95,5.76,34.55,0,25.5,3.291666666666667,5.758333333333335
#31220,2026-06,counted,partially_refunded,fulfilled,2026-06-27 22:34:00 +0100,PayPal Express Checkout,96,0,0,16,96,19.2,64,0,12.8
#31221,2026-06,counted,paid,fulfilled,2026-06-27 22:49:00 +0100,Shopify Payments,18,0,3.95,3.66,21.95,0,15,3.291666666666667,3.658333333333333
#31222,2026-06,counted,paid,fulfilled,2026-06-28 07:04:00 +0100,Shopify Payments,SUMMER10,28,2.8,3.95,4.86,29.15,0,21,3.291666666666667,4.858333333333333
#31223,2026-06,counted,paid,fulfilled,2026-06-28 07:23:00 +0100,Shopify Payments,SUMMER10,74,7.4,0,11.1,66.59999999999999,0,55.5,0,11.1
#31224,2026-06,counted,paid,fulfilled,2026-06-28 07:44:00 +0100,Shopify Payments,9,0,3.95,2.16,12.95,0,7.5,3.291666666666667,2.158333333333333
#31225,2026-06,counted,paid,fulfilled,2026-06-28 08:43:00 +0100,Shopify Payments,116,0,0,19.33,116,0,96.66666666666667,0,19.33333333333334
#31226,2026-06,counted,paid,fulfilled,2026-06-28 09:14:00 +0100,Shopify Payments,22,0,3.95,4.33,25.95,0,18.33333333333334,3.291666666666667,4.325
#31227,2026-06,counted,paid,fulfilled,2026-06-28 09:31:00 +0100,Shopify Payments,26,0,3.95,4.99,29.95,0,21.66666666666667,3.291666666666667,4.991666666666667
#31228,2026-06,counted,paid,fulfilled,2026-06-28 09:37:00 +0100,PayPal Express Checkout,SUMMER10,192,19.2,0,28.8,172.8,0,144,0,28.8
#31229,2026-06,counted,paid,fulfilled,2026-06-28 09:38:00 +0100,Shopify Payments,19,0,3.95,3.83,22.95,0,15.83333333333333,3.291666666666667,3.825
#31230,2026-06,counted,paid,fulfilled,2026-06-28 10:21:00 +0100,Shopify Payments,102,0,0,17,102,0,85,0,17
#31231,2026-06,counted,paid,fulfilled,2026-06-28 11:02:00 +0100,Shopify Payments,SUMMER10,108,10.8,0,16.2,97.2,0,81,0,16.2
#31232,2026-06,counted,paid,fulfilled,2026-06-28 11:40:00 +0100,Shopify Payments,14,0,3.95,2.99,17.95,0,11.66666666666667,3.291666666666667,2.991666666666667
#31233,2026-06,counted,paid,fulfilled,2026-06-28 11:55:00 +0100,Shopify Payments,25,0,3.95,4.83,28.95,0,20.83333333333334,3.291666666666667,4.825
#31234,2026-06,counted,paid,fulfilled,2026-06-28 12:31:00 +0100,Shopify Payments,19,0,3.95,3.83,22.95,0,15.83333333333333,3.291666666666667,3.825
#31235,2026-06,counted,paid,fulfilled,2026-06-28 13:40:00 +0100,Shopify Payments,17,0,3.95,3.49,20.95,0,14.16666666666667,3.291666666666667,3.491666666666667
#31236,2026-06,counted,paid,fulfilled,2026-06-28 14:37:00 +0100,PayPal Express Checkout,54,0,0,9,54,0,45,0,9.000000000000002
#31237,2026-06,counted,paid,fulfilled,2026-06-28 14:52:00 +0100,Shopify Payments,28,0,3.95,5.33,31.95,0,23.33333333333334,3.291666666666667,5.325000000000001
#31238,2026-06,counted,paid,fulfilled,2026-06-28 15:09:00 +0100,Shopify Payments,66,0,0,11,66,0,55,0,11
#31239,2026-06,counted,paid,fulfilled,2026-06-28 15:13:00 +0100,Shopify Payments,16,0,3.95,3.33,19.95,0,13.33333333333333,3.291666666666667,3.325
#31240,2026-06,counted,paid,fulfilled,2026-06-28 15:24:00 +0100,Shopify Payments,11,0,3.95,2.49,14.95,0,9.166666666666668,3.291666666666667,2.491666666666667
#31241,2026-06,counted,paid,fulfilled,2026-06-28 16:09:00 +0100,Shopify Payments,15,0,3.95,3.16,18.95,0,12.5,3.291666666666667,3.158333333333334
#31242,2026-06,counted,paid,fulfilled,2026-06-28 16:31:00 +0100,Shopify Payments,9,0,3.95,2.16,12.95,0,7.5,3.291666666666667,2.158333333333333
#31243,2026-06,counted,paid,fulfilled,2026-06-28 16:36:00 +0100,Shopify Payments,129,0,0,21.5,129,0,107.5,0,21.5
#31244,2026-06,counted,paid,fulfilled,2026-06-28 16:46:00 +0100,Shopify Payments,98,0,0,16.33,98,0,81.66666666666667,0,16.33333333333334
#31245,2026-06,counted,paid,fulfilled,2026-06-28 16:49:00 +0100,Shopify Payments,126,0,0,21,126,0,105,0,21
#31246,2026-06,counted,paid,fulfilled,2026-06-28 17:06:00 +0100,Shopify Payments,152,0,0,25.33,152,0,126.6666666666667,0,25.33333333333334
#31247,2026-06,counted,partially_refunded,fulfilled,2026-06-28 17:07:00 +0100,Shopify Payments,SUMMER10,151,15.1,0,22.65,135.9,27.18,90.60000000000001,0,18.12
#31248,2026-06,counted,paid,fulfilled,2026-06-28 18:09:00 +0100,Shopify Payments,33,0,3.95,6.16,36.95,0,27.5,3.291666666666667,6.158333333333334
#31249,2026-06,counted,paid,fulfilled,2026-06-28 18:16:00 +0100,Shopify Payments,78,0,0,13,78,0,65,0,13
#31250,2026-06,counted,paid,fulfilled,2026-06-28 19:05:00 +0100,Shopify Payments,110,0,0,18.33,110,0,91.66666666666667,0,18.33333333333334
#31251,2026-06,counted,paid,fulfilled,2026-06-28 19:11:00 +0100,Shopify Payments,156,0,0,26,156,0,130,0,26
#31252,2026-06,counted,paid,fulfilled,2026-06-28 19:20:00 +0100,Shopify Payments,36,0,3.95,6.66,39.95,0,30,3.291666666666667,6.658333333333334
#31253,2026-06,counted,paid,fulfilled,2026-06-28 19:37:00 +0100,Shopify Payments,58,0,0,9.67,58,0,48.33333333333334,0,9.666666666666668
#31254,2026-06,counted,paid,fulfilled,2026-06-28 19:41:00 +0100,Shopify Payments,SUMMER10,24,2.4,3.95,4.26,25.55,0,18,3.291666666666667,4.258333333333334
#31255,2026-06,counted,paid,fulfilled,2026-06-28 19:47:00 +0100,Shopify Payments,67,0,0,11.17,67,0,55.83333333333334,0,11.16666666666667
#31256,2026-06,counted,paid,fulfilled,2026-06-28 19:51:00 +0100,Shopify Payments,11,0,3.95,2.49,14.95,0,9.166666666666668,3.291666666666667,2.491666666666667
#31257,2026-06,counted,paid,fulfilled,2026-06-28 19:53:00 +0100,Shopify Payments,40,0,3.95,7.33,43.95,0,33.33333333333334,3.291666666666667,7.325000000000001
#31258,2026-06,counted,paid,fulfilled,2026-06-28 20:09:00 +0100,Shopify Payments,119,0,0,19.83,119,0,99.16666666666667,0,19.83333333333334
#31259,2026-06,voided/cancelled,voided,unfulfilled,2026-06-28 21:27:00 +0100,Shopify Payments,29.5,0,3.95,5.58,33.45,0,24.58333333333334,3.291666666666667,5.575000000000001
#31260,2026-06,counted,paid,fulfilled,2026-06-28 21:32:00 +0100,Shopify Payments,14,0,3.95,2.99,17.95,0,11.66666666666667,3.291666666666667,2.991666666666667
#31261,2026-06,counted,paid,fulfilled,2026-06-28 21:53:00 +0100,Shopify Payments,40,0,3.95,7.33,43.95,0,33.33333333333334,3.291666666666667,7.325000000000001
#31262,2026-06,counted,paid,fulfilled,2026-06-28 22:02:00 +0100,Shopify Payments,7.5,0,3.95,1.91,11.45,0,6.25,3.291666666666667,1.908333333333333
#31263,2026-06,counted,paid,fulfilled,2026-06-28 22:17:00 +0100,Shopify Payments,36,0,3.95,6.66,39.95,0,30,3.291666666666667,6.658333333333334
#31264,2026-06,counted,paid,fulfilled,2026-06-28 22:18:00 +0100,Shopify Payments,38,0,3.95,6.99,41.95,0,31.66666666666667,3.291666666666667,6.991666666666667
#31265,2026-06,counted,paid,fulfilled,2026-06-28 22:25:00 +0100,Shopify Payments,139,0,0,23.17,139,0,115.8333333333333,0,23.16666666666667
#31266,2026-06,counted,paid,fulfilled,2026-06-28 22:37:00 +0100,Shopify Payments,56,0,0,9.33,56,0,46.66666666666667,0,9.333333333333334
#31267,2026-06,counted,paid,fulfilled,2026-06-28 22:37:00 +0100,Shopify Payments,WELCOME5,38,5,3.95,6.16,36.95,0,27.5,3.291666666666667,6.158333333333334
#31268,2026-06,counted,partially_refunded,fulfilled,2026-06-29 07:01:00 +0100,Shopify Payments,52,0,0,8.67,52,26,21.66666666666667,0,4.333333333333334
#31269,2026-06,counted,paid,fulfilled,2026-06-29 07:31:00 +0100,Shopify Payments,62,0,0,10.33,62,0,51.66666666666667,0,10.33333333333333
#31270,2026-06,counted,paid,fulfilled,2026-06-29 07:48:00 +0100,Shopify Payments,18,0,3.95,3.66,21.95,0,15,3.291666666666667,3.658333333333333
#31271,2026-06,counted,paid,fulfilled,2026-06-29 08:30:00 +0100,Shopify Payments,SUMMER10,68,6.8,0,10.2,61.2,0,51.00000000000001,0,10.2
#31272,2026-06,counted,paid,fulfilled,2026-06-29 08:35:00 +0100,Shopify Payments,50,0,0,8.33,50,0,41.66666666666667,0,8.333333333333334
#31273,2026-06,counted,paid,fulfilled,2026-06-29 09:32:00 +0100,Shopify Payments,73,0,0,12.17,73,0,60.83333333333334,0,12.16666666666667
#31274,2026-06,counted,paid,fulfilled,2026-06-29 09:36:00 +0100,Shopify Payments,84,0,0,14,84,0,70,0,14
#31275,2026-06,counted,paid,fulfilled,2026-06-29 09:55:00 +0100,Shopify Payments,SUMMER10,36,3.6,3.95,6.06,36.35,0,27,3.291666666666667,6.058333333333334
#31276,2026-06,counted,paid,fulfilled,2026-06-29 10:07:00 +0100,Shopify Payments,84,0,0,14,84,0,70,0,14
#31277,2026-06,counted,paid,fulfilled,2026-06-29 10:17:00 +0100,Shopify Payments,174,0,0,29,174,0,145,0,29
#31278,2026-06,counted,paid,fulfilled,2026-06-29 10:32:00 +0100,Shopify Payments,76,0,0,12.67,76,0,63.33333333333334,0,12.66666666666667
#31279,2026-06,counted,paid,fulfilled,2026-06-29 10:33:00 +0100,Shopify Payments,SUMMER10,15,1.5,3.95,2.91,17.45,0,11.25,3.291666666666667,2.908333333333334
#31280,2026-06,counted,paid,fulfilled,2026-06-29 11:25:00 +0100,Shopify Payments,45,0,3.95,8.16,48.95,0,37.5,3.291666666666667,8.158333333333335
#31281,2026-06,counted,paid,fulfilled,2026-06-29 12:00:00 +0100,Shopify Payments,58.5,0,0,9.75,58.5,0,48.75,0,9.750000000000002
#31282,2026-06,counted,paid,fulfilled,2026-06-29 12:21:00 +0100,Shopify Payments,127,0,0,21.17,127,0,105.8333333333333,0,21.16666666666667
#31283,2026-06,counted,paid,fulfilled,2026-06-29 12:24:00 +0100,Shopify Payments,145,0,0,24.17,145,0,120.8333333333333,0,24.16666666666667
#31284,2026-06,counted,paid,fulfilled,2026-06-29 13:28:00 +0100,Shopify Payments,56,0,0,9.33,56,0,46.66666666666667,0,9.333333333333334
#31285,2026-06,counted,paid,fulfilled,2026-06-29 13:46:00 +0100,Shopify Payments,19,0,3.95,3.83,22.95,0,15.83333333333333,3.291666666666667,3.825
#31286,2026-06,counted,paid,fulfilled,2026-06-29 14:00:00 +0100,"Gift card, Shopify Payments",27,0,3.95,5.16,30.95,0,22.5,3.291666666666667,5.158333333333334
#31287,2026-06,counted,paid,fulfilled,2026-06-29 14:13:00 +0100,Shopify Payments,80.5,0,0,13.42,80.5,0,67.08333333333334,0,13.41666666666667
#31288,2026-06,counted,paid,fulfilled,2026-06-29 14:42:00 +0100,Shopify Payments,79,0,0,13.17,79,0,65.83333333333334,0,13.16666666666667
#31289,2026-06,counted,paid,fulfilled,2026-06-29 15:22:00 +0100,Shopify Payments,64.5,0,0,10.75,64.5,0,53.75,0,10.75
#31290,2026-06,counted,paid,fulfilled,2026-06-29 15:23:00 +0100,Shopify Payments,171,0,0,28.5,171,0,142.5,0,28.5
#31291,2026-06,counted,paid,fulfilled,2026-06-29 15:45:00 +0100,Shopify Payments,76,0,0,12.67,76,0,63.33333333333334,0,12.66666666666667
#31292,2026-06,counted,paid,fulfilled,2026-06-29 16:01:00 +0100,Shopify Payments,66,0,0,11,66,0,55,0,11
#31293,2026-06,counted,paid,fulfilled,2026-06-29 16:46:00 +0100,Shopify Payments,27,0,3.95,5.16,30.95,0,22.5,3.291666666666667,5.158333333333334
#31294,2026-06,counted,paid,fulfilled,2026-06-29 17:03:00 +0100,Shopify Payments,70,0,0,11.67,70,0,58.33333333333334,0,11.66666666666667
#31295,2026-06,counted,paid,fulfilled,2026-06-29 17:25:00 +0100,Shopify Payments,65,0,0,10.83,65,0,54.16666666666667,0,10.83333333333333
#31296,2026-06,counted,paid,fulfilled,2026-06-29 17:28:00 +0100,Shopify Payments,55,0,0,9.17,55,0,45.83333333333334,0,9.166666666666668
#31297,2026-06,counted,paid,fulfilled,2026-06-29 17:41:00 +0100,Shopify Payments,260,0,0,43.33,260,0,216.6666666666667,0,43.33333333333334
#31298,2026-06,counted,partially_refunded,fulfilled,2026-06-29 17:55:00 +0100,Shopify Payments,91,0,0,15.17,91,45.5,37.91666666666667,0,7.583333333333333
#31299,2026-06,counted,paid,fulfilled,2026-06-29 18:05:00 +0100,Shopify Payments,85,0,0,14.17,85,0,70.83333333333334,0,14.16666666666667
#31300,2026-06,counted,paid,fulfilled,2026-06-29 18:18:00 +0100,Shopify Payments,82,0,0,13.67,82,0,68.33333333333334,0,13.66666666666667
#31301,2026-06,counted,paid,fulfilled,2026-06-29 18:30:00 +0100,Shopify Payments,108,0,0,18,108,0,90,0,18
#31302,2026-06,counted,paid,fulfilled,2026-06-29 18:40:00 +0100,Shopify Payments,WELCOME5,125,5,0,20,120,0,100,0,20
#31303,2026-06,counted,paid,fulfilled,2026-06-29 18:46:00 +0100,Shopify Payments,48,0,3.95,8.66,51.95,0,40,3.291666666666667,8.658333333333335
#31304,2026-06,counted,paid,fulfilled,2026-06-29 19:21:00 +0100,Shopify Payments,20,0,3.95,3.99,23.95,0,16.66666666666667,3.291666666666667,3.991666666666667
#31305,2026-06,counted,paid,fulfilled,2026-06-29 19:31:00 +0100,Shopify Payments,32,0,3.95,5.99,35.95,0,26.66666666666667,3.291666666666667,5.991666666666668
#31306,2026-06,counted,paid,fulfilled,2026-06-29 20:19:00 +0100,Shopify Payments,9,0,3.95,2.16,12.95,0,7.5,3.291666666666667,2.158333333333333
#31307,2026-06,counted,paid,fulfilled,2026-06-29 20:21:00 +0100,Shopify Payments,128,0,0,21.33,128,0,106.6666666666667,0,21.33333333333334
#31308,2026-06,counted,paid,fulfilled,2026-06-29 21:11:00 +0100,Shopify Payments,78,0,0,13,78,0,65,0,13
#31309,2026-06,counted,paid,fulfilled,2026-06-29 21:13:00 +0100,Shopify Payments,34,0,3.95,6.33,37.95,0,28.33333333333334,3.291666666666667,6.325000000000001
#31310,2026-06,counted,paid,fulfilled,2026-06-29 21:54:00 +0100,Shopify Payments,15,0,3.95,3.16,18.95,0,12.5,3.291666666666667,3.158333333333334
#31311,2026-06,counted,paid,fulfilled,2026-06-29 22:16:00 +0100,Shopify Payments,15,0,3.95,3.16,18.95,0,12.5,3.291666666666667,3.158333333333334
#31312,2026-06,counted,paid,fulfilled,2026-06-30 07:02:00 +0100,Shopify Payments,174,0,0,29,174,0,145,0,29
#31313,2026-06,counted,paid,fulfilled,2026-06-30 07:07:00 +0100,Shopify Payments,80,0,0,13.33,80,0,66.66666666666667,0,13.33333333333333
#31314,2026-06,counted,paid,fulfilled,2026-06-30 07:29:00 +0100,Shopify Payments,51,0,0,8.5,51,0,42.5,0,8.500000000000002
#31315,2026-06,counted,paid,fulfilled,2026-06-30 07:52:00 +0100,Shopify Payments,9,0,3.95,2.16,12.95,0,7.5,3.291666666666667,2.158333333333333
#31316,2026-06,counted,paid,fulfilled,2026-06-30 08:10:00 +0100,Shopify Payments,115,0,0,19.17,115,0,95.83333333333334,0,19.16666666666667
#31317,2026-06,counted,paid,fulfilled,2026-06-30 08:56:00 +0100,Shopify Payments,28,0,3.95,5.33,31.95,0,23.33333333333334,3.291666666666667,5.325000000000001
#31318,2026-06,counted,paid,fulfilled,2026-06-30 09:08:00 +0100,Shopify Payments,132,0,0,22,132,0,110,0,22
#31319,2026-06,counted,paid,fulfilled,2026-06-30 09:27:00 +0100,Shopify Payments,60,0,0,10,60,0,50,0,10
#31320,2026-06,counted,paid,fulfilled,2026-06-30 10:12:00 +0100,PayPal Express Checkout,36,0,3.95,6.66,39.95,0,30,3.291666666666667,6.658333333333334
#31321,2026-06,counted,paid,fulfilled,2026-06-30 10:15:00 +0100,PayPal Express Checkout,52,0,0,8.67,52,0,43.33333333333334,0,8.666666666666668
#31322,2026-06,counted,paid,fulfilled,2026-06-30 10:46:00 +0100,Shopify Payments,40,0,3.95,7.33,43.95,0,33.33333333333334,3.291666666666667,7.325000000000001
#31323,2026-06,counted,refunded,fulfilled,2026-06-30 10:54:00 +0100,Gift card,11,0,3.95,2.49,14.95,14.95,0,8.881784197001252e-16,1.480297366166876e-16
#31324,2026-06,counted,refunded,fulfilled,2026-06-30 11:46:00 +0100,Shopify Payments,SUMMER10,20,2,3.95,3.66,21.95,21.95,0,8.881784197001252e-16,1.480297366166876e-16
#31325,2026-06,counted,paid,fulfilled,2026-06-30 11:49:00 +0100,Shopify Payments,11,0,3.95,2.49,14.95,0,9.166666666666668,3.291666666666667,2.491666666666667
#31326,2026-06,counted,paid,fulfilled,2026-06-30 11:49:00 +0100,Shopify Payments,27,0,3.95,5.16,30.95,0,22.5,3.291666666666667,5.158333333333334
#31327,2026-06,unshipped,refunded,unfulfilled,2026-06-30 12:19:00 +0100,Shopify Payments,WELCOME5,81,5,0,12.67,76,76,0,0,0
#31328,2026-06,counted,paid,fulfilled,2026-06-30 13:04:00 +0100,PayPal Express Checkout,128,0,0,21.33,128,0,106.6666666666667,0,21.33333333333334
#31329,2026-06,counted,paid,fulfilled,2026-06-30 13:48:00 +0100,Shopify Payments,72,0,0,12,72,0,60,0,12
#31330,2026-06,counted,paid,fulfilled,2026-06-30 14:14:00 +0100,Shopify Payments,20,0,3.95,3.99,23.95,0,16.66666666666667,3.291666666666667,3.991666666666667
#31331,2026-06,counted,paid,fulfilled,2026-06-30 14:19:00 +0100,Shopify Payments,46,0,3.95,8.33,49.95,0,38.33333333333334,3.291666666666667,8.325000000000003
#31332,2026-06,counted,paid,fulfilled,2026-06-30 15:00:00 +0100,Shopify Payments,15,0,3.95,3.16,18.95,0,12.5,3.291666666666667,3.158333333333334
#31333,2026-06,counted,paid,fulfilled,2026-06-30 15:03:00 +0100,Shopify Payments,124,0,0,20.67,124,0,103.3333333333333,0,20.66666666666667
#31334,2026-06,counted,paid,fulfilled,2026-06-30 15:14:00 +0100,Shopify Payments,127,0,0,21.17,127,0,105.8333333333333,0,21.16666666666667
#31335,2026-06,counted,paid,fulfilled,2026-06-30 15:29:00 +0100,Shopify Payments,SUMMER10,26.6,2.66,3.95,4.65,27.89,0,19.95,3.291666666666667,4.648333333333333
#31336,2026-06,counted,paid,fulfilled,2026-06-30 16:02:00 +0100,PayPal Express Checkout,46,0,3.95,8.33,49.95,0,38.33333333333334,3.291666666666667,8.325000000000003
#31337,2026-06,counted,paid,fulfilled,2026-06-30 16:35:00 +0100,Shopify Payments,144,0,0,24,144,0,120,0,24
#31338,2026-06,counted,paid,fulfilled,2026-06-30 16:51:00 +0100,Shopify Payments,WELCOME5,96,5,0,15.17,91,0,75.83333333333334,0,15.16666666666667
#31339,2026-06,counted,paid,fulfilled,2026-06-30 18:41:00 +0100,Shopify Payments,36,0,3.95,6.66,39.95,0,30,3.291666666666667,6.658333333333334
#31340,2026-06,counted,paid,fulfilled,2026-06-30 18:52:00 +0100,Shopify Payments,153,0,0,25.5,153,0,127.5,0,25.5
#31341,2026-06,counted,paid,fulfilled,2026-06-30 19:06:00 +0100,Shopify Payments,SUMMER10,38,3.8,3.95,6.36,38.15,0,28.5,3.291666666666667,6.358333333333335
#31342,2026-06,counted,paid,fulfilled,2026-06-30 19:32:00 +0100,Shopify Payments,51,0,0,8.5,51,0,42.5,0,8.500000000000002
#31343,2026-06,counted,paid,fulfilled,2026-06-30 19:40:00 +0100,Shopify Payments,19.5,0,3.95,3.91,23.45,0,16.25,3.291666666666667,3.908333333333334
#31344,2026-06,counted,paid,fulfilled,2026-06-30 20:38:00 +0100,Shopify Payments,30,0,3.95,5.66,33.95,0,25,3.291666666666667,5.658333333333334
#31345,2026-06,counted,paid,fulfilled,2026-06-30 20:57:00 +0100,Shopify Payments,74,0,0,12.33,74,0,61.66666666666667,0,12.33333333333333
#31346,2026-06,counted,paid,fulfilled,2026-06-30 21:31:00 +0100,Shopify Payments,135,0,0,22.5,135,0,112.5,0,22.5
#31347,2026-06,counted,paid,fulfilled,2026-06-30 22:27:00 +0100,Shopify Payments,69,0,0,11.5,69,0,57.5,0,11.5
#31348,2026-06,counted,paid,fulfilled,2026-06-30 22:51:00 +0100,Shopify Payments,87,0,0,14.5,87,0,72.5,0,14.5
#31349,2026-06,counted,paid,fulfilled,2026-06-30 22:52:00 +0100,Shopify Payments,126,0,0,21,126,0,105,0,21
#31350,2026-06,counted,paid,fulfilled,2026-06-30 22:53:00 +0100,"Gift card, Shopify Payments",18,0,3.95,3.66,21.95,0,15,3.291666666666667,3.658333333333333
#31351,2026-07,counted,paid,fulfilled,2026-07-01 07:03:00 +0100,PayPal Express Checkout,52,0,0,8.67,52,0,43.33333333333334,0,8.666666666666668
#31352,2026-07,counted,paid,fulfilled,2026-07-01 07:05:00 +0100,Shopify Payments,29,0,3.95,5.49,32.95,0,24.16666666666667,3.291666666666667,5.491666666666667
#31353,2026-07,counted,paid,fulfilled,2026-07-01 07:19:00 +0100,Shopify Payments,32,0,3.95,5.99,35.95,0,26.66666666666667,3.291666666666667,5.991666666666668
#31354,2026-07,counted,paid,fulfilled,2026-07-01 07:30:00 +0100,Shopify Payments,80,0,0,13.33,80,0,66.66666666666667,0,13.33333333333333
#31355,2026-07,counted,refunded,fulfilled,2026-07-01 08:03:00 +0100,Shopify Payments,19,0,3.95,3.83,22.95,22.95,0,8.881784197001252e-16,1.480297366166876e-16
#31356,2026-07,counted,paid,fulfilled,2026-07-01 08:33:00 +0100,Shopify Payments,SUMMER10,81,8.1,0,12.15,72.90000000000001,0,60.75000000000001,0,12.15
#31357,2026-07,counted,paid,fulfilled,2026-07-01 09:11:00 +0100,Shopify Payments,32,0,3.95,5.99,35.95,0,26.66666666666667,3.291666666666667,5.991666666666668
#31358,2026-07,counted,paid,fulfilled,2026-07-01 09:15:00 +0100,Shopify Payments,SUMMER10,36,3.6,3.95,6.06,36.35,0,27,3.291666666666667,6.058333333333334
#31359,2026-07,counted,paid,fulfilled,2026-07-01 09:20:00 +0100,Shopify Payments,36,0,3.95,6.66,39.95,0,30,3.291666666666667,6.658333333333334
#31360,2026-07,counted,paid,fulfilled,2026-07-01 09:24:00 +0100,Shopify Payments,91,0,0,15.17,91,0,75.83333333333334,0,15.16666666666667
#31361,2026-07,counted,paid,fulfilled,2026-07-01 09:52:00 +0100,Shopify Payments,84,0,0,14,84,0,70,0,14
#31362,2026-07,counted,partially_refunded,fulfilled,2026-07-01 10:17:00 +0100,Shopify Payments,28,0,3.95,5.33,31.95,15.98,10.01666666666667,3.291666666666667,2.661666666666667
#31363,2026-07,counted,paid,fulfilled,2026-07-01 10:22:00 +0100,Shopify Payments,167,0,0,27.83,167,0,139.1666666666667,0,27.83333333333333
#31364,2026-07,counted,paid,fulfilled,2026-07-01 10:34:00 +0100,Shopify Payments,WELCOME5,24,5,3.95,3.83,22.95,0,15.83333333333333,3.291666666666667,3.825
#31365,2026-07,counted,paid,fulfilled,2026-07-01 10:36:00 +0100,Shopify Payments,48,0,3.95,8.66,51.95,0,40,3.291666666666667,8.658333333333335
#31366,2026-07,counted,paid,fulfilled,2026-07-01 10:53:00 +0100,Shopify Payments,111,0,0,18.5,111,0,92.5,0,18.5
#31367,2026-07,counted,paid,fulfilled,2026-07-01 11:10:00 +0100,Shopify Payments,17,0,3.95,3.49,20.95,0,14.16666666666667,3.291666666666667,3.491666666666667
#31368,2026-07,counted,paid,fulfilled,2026-07-01 11:23:00 +0100,Shopify Payments,92,0,0,15.33,92,0,76.66666666666667,0,15.33333333333334
#31369,2026-07,counted,paid,fulfilled,2026-07-01 11:55:00 +0100,Shopify Payments,45,0,3.95,8.16,48.95,0,37.5,3.291666666666667,8.158333333333335
#31370,2026-07,counted,paid,fulfilled,2026-07-01 12:21:00 +0100,Shopify Payments,WELCOME5,128,5,0,20.5,123,0,102.5,0,20.5
#31371,2026-07,counted,paid,fulfilled,2026-07-01 13:35:00 +0100,Shopify Payments,9,0,3.95,2.16,12.95,0,7.5,3.291666666666667,2.158333333333333
#31372,2026-07,counted,paid,fulfilled,2026-07-01 13:38:00 +0100,"Gift card, Shopify Payments",63,0,0,10.5,63,0,52.5,0,10.5
#31373,2026-07,counted,paid,fulfilled,2026-07-01 14:11:00 +0100,PayPal Express Checkout,84,0,0,14,84,0,70,0,14
#31374,2026-07,counted,paid,fulfilled,2026-07-01 14:30:00 +0100,PayPal Express Checkout,18,0,3.95,3.66,21.95,0,15,3.291666666666667,3.658333333333333
#31375,2026-07,counted,paid,fulfilled,2026-07-01 14:53:00 +0100,Shopify Payments,60,0,0,10,60,0,50,0,10
#31376,2026-07,counted,paid,fulfilled,2026-07-01 14:54:00 +0100,Shopify Payments,36,0,3.95,6.66,39.95,0,30,3.291666666666667,6.658333333333334
#31377,2026-07,counted,paid,fulfilled,2026-07-01 15:07:00 +0100,Shopify Payments,135,0,0,22.5,135,0,112.5,0,22.5
#31378,2026-07,counted,paid,fulfilled,2026-07-01 16:13:00 +0100,Shopify Payments,28,0,3.95,5.33,31.95,0,23.33333333333334,3.291666666666667,5.325000000000001
#31379,2026-07,counted,paid,fulfilled,2026-07-01 16:53:00 +0100,PayPal Express Checkout,36,0,3.95,6.66,39.95,0,30,3.291666666666667,6.658333333333334
#31380,2026-07,counted,paid,fulfilled,2026-07-01 17:18:00 +0100,Shopify Payments,129,0,0,21.5,129,0,107.5,0,21.5
#31381,2026-07,counted,paid,fulfilled,2026-07-01 17:49:00 +0100,Shopify Payments,28,0,3.95,5.33,31.95,0,23.33333333333334,3.291666666666667,5.325000000000001
#31382,2026-07,counted,paid,fulfilled,2026-07-01 18:35:00 +0100,Shopify Payments,21,0,3.95,4.16,24.95,0,17.5,3.291666666666667,4.158333333333334
#31383,2026-07,counted,paid,fulfilled,2026-07-01 18:50:00 +0100,Shopify Payments,48.5,0,3.95,8.74,52.45,0,40.41666666666667,3.291666666666667,8.741666666666669
#31384,2026-07,counted,paid,fulfilled,2026-07-01 19:21:00 +0100,Shopify Payments,42,0,3.95,7.66,45.95,0,35,3.291666666666667,7.658333333333335
#31385,2026-07,counted,paid,fulfilled,2026-07-01 19:22:00 +0100,Shopify Payments,44,0,3.95,7.99,47.95,0,36.66666666666667,3.291666666666667,7.991666666666668
#31386,2026-07,counted,paid,fulfilled,2026-07-01 19:24:00 +0100,Shopify Payments,21,0,3.95,4.16,24.95,0,17.5,3.291666666666667,4.158333333333334
#31387,2026-07,counted,paid,fulfilled,2026-07-01 21:01:00 +0100,Shopify Payments,65,0,0,10.83,65,0,54.16666666666667,0,10.83333333333333
#31388,2026-07,counted,paid,fulfilled,2026-07-01 21:32:00 +0100,"Gift card, Shopify Payments",SUMMER10,7.5,0.75,3.95,1.78,10.7,0,5.625,3.291666666666667,1.783333333333333
#31389,2026-07,counted,paid,fulfilled,2026-07-01 21:42:00 +0100,Shopify Payments,45,0,3.95,8.16,48.95,0,37.5,3.291666666666667,8.158333333333335
#31390,2026-07,counted,paid,fulfilled,2026-07-01 21:44:00 +0100,Shopify Payments,116,0,0,19.33,116,0,96.66666666666667,0,19.33333333333334
#31391,2026-07,counted,paid,fulfilled,2026-07-01 21:45:00 +0100,Shopify Payments,36,0,3.95,6.66,39.95,0,30,3.291666666666667,6.658333333333334
#31392,2026-07,counted,paid,fulfilled,2026-07-01 21:48:00 +0100,Shopify Payments,102,0,0,17,102,0,85,0,17
#31393,2026-07,counted,paid,fulfilled,2026-07-01 22:07:00 +0100,Shopify Payments,83,0,0,13.83,83,0,69.16666666666667,0,13.83333333333334
#31394,2026-07,counted,paid,fulfilled,2026-07-01 22:16:00 +0100,Gift card,84,0,0,14,84,0,70,0,14
#31395,2026-07,counted,paid,fulfilled,2026-07-01 22:47:00 +0100,Shopify Payments,198,0,0,33,198,0,165,0,33
#31396,2026-07,counted,paid,fulfilled,2026-07-01 22:50:00 +0100,Shopify Payments,36,0,3.95,6.66,39.95,0,30,3.291666666666667,6.658333333333334
#31397,2026-07,counted,paid,fulfilled,2026-07-01 22:57:00 +0100,Shopify Payments,6,0,3.95,1.66,9.949999999999999,0,5,3.291666666666667,1.658333333333333
#31398,2026-07,counted,paid,fulfilled,2026-07-02 07:02:00 +0100,Gift card,90,0,0,15,90,0,75,0,15
#31399,2026-07,counted,paid,fulfilled,2026-07-02 08:17:00 +0100,Shopify Payments,30,0,3.95,5.66,33.95,0,25,3.291666666666667,5.658333333333334
#31400,2026-07,counted,paid,fulfilled,2026-07-02 09:04:00 +0100,Shopify Payments,28,0,3.95,5.33,31.95,0,23.33333333333334,3.291666666666667,5.325000000000001
#31401,2026-07,counted,paid,fulfilled,2026-07-02 09:16:00 +0100,PayPal Express Checkout,15,0,3.95,3.16,18.95,0,12.5,3.291666666666667,3.158333333333334
#31402,2026-07,counted,paid,fulfilled,2026-07-02 09:22:00 +0100,Shopify Payments,26,0,3.95,4.99,29.95,0,21.66666666666667,3.291666666666667,4.991666666666667
#31403,2026-07,counted,paid,fulfilled,2026-07-02 09:29:00 +0100,Shopify Payments,SUMMER10,11,1.1,3.95,2.31,13.85,0,8.25,3.291666666666667,2.308333333333334
#31404,2026-07,test order,paid,fulfilled,2026-07-02 09:38:00 +0100,Bogus Gateway (for testing),248,0,0,41.33,248,0,206.6666666666667,0,41.33333333333334
#31405,2026-07,counted,paid,fulfilled,2026-07-02 09:55:00 +0100,Shopify Payments,51,0,0,8.5,51,0,42.5,0,8.500000000000002
#31406,2026-07,counted,paid,fulfilled,2026-07-02 10:10:00 +0100,Shopify Payments,16,0,3.95,3.33,19.95,0,13.33333333333333,3.291666666666667,3.325
#31407,2026-07,counted,paid,fulfilled,2026-07-02 10:23:00 +0100,Shopify Payments,27,0,3.95,5.16,30.95,0,22.5,3.291666666666667,5.158333333333334
#31408,2026-07,counted,paid,fulfilled,2026-07-02 10:31:00 +0100,Shopify Payments,42,0,3.95,7.66,45.95,0,35,3.291666666666667,7.658333333333335
#31409,2026-07,counted,paid,fulfilled,2026-07-02 10:57:00 +0100,Shopify Payments,22,0,3.95,4.33,25.95,0,18.33333333333334,3.291666666666667,4.325
#31410,2026-07,counted,paid,fulfilled,2026-07-02 11:04:00 +0100,Shopify Payments,198,0,0,33,198,0,165,0,33
#31411,2026-07,counted,paid,fulfilled,2026-07-02 11:23:00 +0100,Shopify Payments,WELCOME5,45,5,3.95,7.33,43.95,0,33.33333333333334,3.291666666666667,7.325000000000001
#31412,2026-07,counted,paid,fulfilled,2026-07-02 11:32:00 +0100,Shopify Payments,32,0,3.95,5.99,35.95,0,26.66666666666667,3.291666666666667,5.991666666666668
#31413,2026-07,counted,paid,fulfilled,2026-07-02 11:52:00 +0100,Shopify Payments,22.5,0,3.95,4.41,26.45,0,18.75,3.291666666666667,4.408333333333333
#31414,2026-07,counted,paid,fulfilled,2026-07-02 12:17:00 +0100,Shopify Payments,40,0,3.95,7.33,43.95,0,33.33333333333334,3.291666666666667,7.325000000000001
#31415,2026-07,counted,paid,fulfilled,2026-07-02 12:33:00 +0100,Shopify Payments,124,0,0,20.67,124,0,103.3333333333333,0,20.66666666666667
#31416,2026-07,counted,paid,fulfilled,2026-07-02 13:17:00 +0100,PayPal Express Checkout,68,0,0,11.33,68,0,56.66666666666667,0,11.33333333333334
#31417,2026-07,counted,paid,fulfilled,2026-07-02 13:24:00 +0100,Shopify Payments,45,0,3.95,8.16,48.95,0,37.5,3.291666666666667,8.158333333333335
#31418,2026-07,counted,paid,fulfilled,2026-07-02 14:06:00 +0100,Shopify Payments,53,0,0,8.83,53,0,44.16666666666667,0,8.833333333333336
#31419,2026-07,counted,paid,fulfilled,2026-07-02 14:11:00 +0100,Shopify Payments,85,0,0,14.17,85,0,70.83333333333334,0,14.16666666666667
#31420,2026-07,counted,paid,fulfilled,2026-07-02 14:36:00 +0100,Shopify Payments,51,0,0,8.5,51,0,42.5,0,8.500000000000002
#31421,2026-07,counted,paid,fulfilled,2026-07-02 15:14:00 +0100,Shopify Payments,79,0,0,13.17,79,0,65.83333333333334,0,13.16666666666667
#31422,2026-07,counted,paid,fulfilled,2026-07-02 15:49:00 +0100,Shopify Payments,25,0,3.95,4.83,28.95,0,20.83333333333334,3.291666666666667,4.825
#31423,2026-07,counted,paid,fulfilled,2026-07-02 16:39:00 +0100,PayPal Express Checkout,22,0,3.95,4.33,25.95,0,18.33333333333334,3.291666666666667,4.325
#31424,2026-07,counted,paid,fulfilled,2026-07-02 16:57:00 +0100,Shopify Payments,131,0,0,21.83,131,0,109.1666666666667,0,21.83333333333334
#31425,2026-07,counted,paid,fulfilled,2026-07-02 16:58:00 +0100,Shopify Payments,123,0,0,20.5,123,0,102.5,0,20.5
#31426,2026-07,counted,paid,fulfilled,2026-07-02 17:39:00 +0100,Shopify Payments,110,0,0,18.33,110,0,91.66666666666667,0,18.33333333333334
#31427,2026-07,counted,paid,fulfilled,2026-07-02 17:46:00 +0100,Shopify Payments,69,0,0,11.5,69,0,57.5,0,11.5
#31428,2026-07,counted,paid,fulfilled,2026-07-02 17:46:00 +0100,Shopify Payments,56,0,0,9.33,56,0,46.66666666666667,0,9.333333333333334
#31429,2026-07,counted,paid,fulfilled,2026-07-02 18:36:00 +0100,Shopify Payments,66,0,0,11,66,0,55,0,11
#31430,2026-07,counted,paid,fulfilled,2026-07-02 18:41:00 +0100,Shopify Payments,38,0,3.95,6.99,41.95,0,31.66666666666667,3.291666666666667,6.991666666666667
#31431,2026-07,counted,paid,fulfilled,2026-07-02 18:54:00 +0100,Shopify Payments,144,0,0,24,144,0,120,0,24
#31432,2026-07,counted,paid,fulfilled,2026-07-02 19:20:00 +0100,Shopify Payments,153,0,0,25.5,153,0,127.5,0,25.5
#31433,2026-07,counted,paid,fulfilled,2026-07-02 19:36:00 +0100,Shopify Payments,42,0,3.95,7.66,45.95,0,35,3.291666666666667,7.658333333333335
#31434,2026-07,counted,paid,fulfilled,2026-07-02 20:21:00 +0100,Shopify Payments,SUMMER10,201,20.1,0,30.15,180.9,0,150.75,0,30.15
#31435,2026-07,counted,paid,fulfilled,2026-07-02 20:23:00 +0100,Shopify Payments,25,0,3.95,4.83,28.95,0,20.83333333333334,3.291666666666667,4.825
#31436,2026-07,counted,paid,fulfilled,2026-07-02 21:24:00 +0100,Shopify Payments,SUMMER10,240,24,0,36,216,0,180,0,36.00000000000001
#31437,2026-07,counted,paid,fulfilled,2026-07-02 21:29:00 +0100,Shopify Payments,36,0,3.95,6.66,39.95,0,30,3.291666666666667,6.658333333333334
#31438,2026-07,counted,paid,fulfilled,2026-07-02 21:36:00 +0100,Shopify Payments,60,0,0,10,60,0,50,0,10
#31439,2026-07,counted,paid,fulfilled,2026-07-02 21:49:00 +0100,Shopify Payments,20,0,3.95,3.99,23.95,0,16.66666666666667,3.291666666666667,3.991666666666667
#31440,2026-07,counted,paid,fulfilled,2026-07-02 21:56:00 +0100,Shopify Payments,119,0,0,19.83,119,0,99.16666666666667,0,19.83333333333334
#31441,2026-07,counted,paid,fulfilled,2026-07-02 21:58:00 +0100,Shopify Payments,SUMMER10,42,4.2,3.95,6.96,41.75,0,31.5,3.291666666666667,6.958333333333333
#31442,2026-07,counted,paid,fulfilled,2026-07-02 21:59:00 +0100,Shopify Payments,57,0,0,9.5,57,0,47.5,0,9.5
#31443,2026-07,counted,paid,fulfilled,2026-07-02 22:20:00 +0100,Shopify Payments,39.5,0,3.95,7.24,43.45,0,32.91666666666667,3.291666666666667,7.241666666666668
#31444,2026-07,counted,partially_refunded,fulfilled,2026-07-02 22:52:00 +0100,Shopify Payments,39,0,3.95,7.16,42.95,21.48,14.6,3.291666666666667,3.578333333333333
#31445,2026-07,counted,paid,fulfilled,2026-07-03 07:00:00 +0100,Shopify Payments,89,0,0,14.83,89,0,74.16666666666667,0,14.83333333333333
#31446,2026-07,counted,paid,fulfilled,2026-07-03 07:20:00 +0100,Shopify Payments,16,0,3.95,3.33,19.95,0,13.33333333333333,3.291666666666667,3.325
#31447,2026-07,counted,paid,fulfilled,2026-07-03 07:46:00 +0100,Shopify Payments,64,0,0,10.67,64,0,53.33333333333334,0,10.66666666666667
#31448,2026-07,counted,paid,fulfilled,2026-07-03 07:58:00 +0100,Gift card,45,0,3.95,8.16,48.95,0,37.5,3.291666666666667,8.158333333333335
#31449,2026-07,counted,paid,fulfilled,2026-07-03 09:02:00 +0100,Shopify Payments,110,0,0,18.33,110,0,91.66666666666667,0,18.33333333333334
#31450,2026-07,counted,paid,fulfilled,2026-07-03 09:16:00 +0100,Shopify Payments,79,0,0,13.17,79,0,65.83333333333334,0,13.16666666666667
#31451,2026-07,counted,paid,fulfilled,2026-07-03 09:28:00 +0100,Shopify Payments,36,0,3.95,6.66,39.95,0,30,3.291666666666667,6.658333333333334
#31452,2026-07,counted,refunded,fulfilled,2026-07-03 09:40:00 +0100,Shopify Payments,65,0,0,10.83,65,65,0,0,0
#31453,2026-07,counted,paid,fulfilled,2026-07-03 09:46:00 +0100,Shopify Payments,110,0,0,18.33,110,0,91.66666666666667,0,18.33333333333334
#31454,2026-07,counted,paid,fulfilled,2026-07-03 09:52:00 +0100,Shopify Payments,72,0,0,12,72,0,60,0,12
#31455,2026-07,counted,paid,fulfilled,2026-07-03 10:05:00 +0100,PayPal Express Checkout,73,0,0,12.17,73,0,60.83333333333334,0,12.16666666666667
#31456,2026-07,counted,paid,fulfilled,2026-07-03 10:17:00 +0100,Shopify Payments,76,0,0,12.67,76,0,63.33333333333334,0,12.66666666666667
#31457,2026-07,counted,paid,fulfilled,2026-07-03 10:40:00 +0100,PayPal Express Checkout,WELCOME5,50,5,3.95,8.16,48.95,0,37.5,3.291666666666667,8.158333333333335
#31458,2026-07,counted,paid,fulfilled,2026-07-03 10:55:00 +0100,Shopify Payments,349,0,0,58.17,349,0,290.8333333333334,0,58.16666666666666
#31459,2026-07,counted,paid,fulfilled,2026-07-03 11:31:00 +0100,Shopify Payments,111,0,0,18.5,111,0,92.5,0,18.5
#31460,2026-07,counted,paid,fulfilled,2026-07-03 11:39:00 +0100,Shopify Payments,33,0,3.95,6.16,36.95,0,27.5,3.291666666666667,6.158333333333334
#31461,2026-07,counted,partially_refunded,fulfilled,2026-07-03 11:51:00 +0100,Shopify Payments,80,0,0,13.33,80,16,53.33333333333334,0,10.66666666666667
#31462,2026-07,counted,paid,fulfilled,2026-07-03 11:52:00 +0100,Shopify Payments,18,0,3.95,3.66,21.95,0,15,3.291666666666667,3.658333333333333
#31463,2026-07,counted,paid,fulfilled,2026-07-03 11:59:00 +0100,Shopify Payments,42,0,3.95,7.66,45.95,0,35,3.291666666666667,7.658333333333335
#31464,2026-07,counted,paid,fulfilled,2026-07-03 12:07:00 +0100,Shopify Payments,WELCOME5,243,5,0,39.67,238,0,198.3333333333333,0,39.66666666666667
#31465,2026-07,counted,paid,fulfilled,2026-07-03 12:30:00 +0100,"Gift card, Shopify Payments",79.2,0,0,13.2,79.2,0,66,0,13.2
#31466,2026-07,counted,paid,fulfilled,2026-07-03 12:42:00 +0100,Shopify Payments,92,0,0,15.33,92,0,76.66666666666667,0,15.33333333333334
#31467,2026-07,counted,paid,fulfilled,2026-07-03 12:52:00 +0100,Shopify Payments,74,0,0,12.33,74,0,61.66666666666667,0,12.33333333333333
#31468,2026-07,counted,paid,fulfilled,2026-07-03 12:59:00 +0100,Shopify Payments,SUMMER10,72,7.2,0,10.8,64.8,0,54,0,10.8
#31469,2026-07,counted,paid,fulfilled,2026-07-03 13:04:00 +0100,Shopify Payments,SUMMER10,33,3.3,3.95,5.61,33.65,0,24.75,3.291666666666667,5.608333333333334
#31470,2026-07,counted,paid,fulfilled,2026-07-03 13:26:00 +0100,Shopify Payments,206.5,0,0,34.42,206.5,0,172.0833333333333,0,34.41666666666667
#31471,2026-07,counted,paid,fulfilled,2026-07-03 14:43:00 +0100,Shopify Payments,12,0,3.95,2.66,15.95,0,10,3.291666666666667,2.658333333333333
#31472,2026-07,counted,paid,fulfilled,2026-07-03 14:50:00 +0100,Shopify Payments,25,0,3.95,4.83,28.95,0,20.83333333333334,3.291666666666667,4.825
#31473,2026-07,counted,paid,fulfilled,2026-07-03 15:24:00 +0100,Shopify Payments,12,0,3.95,2.66,15.95,0,10,3.291666666666667,2.658333333333333
#31474,2026-07,counted,paid,fulfilled,2026-07-03 15:24:00 +0100,Shopify Payments,25,0,3.95,4.83,28.95,0,20.83333333333334,3.291666666666667,4.825
#31475,2026-07,counted,paid,fulfilled,2026-07-03 15:41:00 +0100,PayPal Express Checkout,36,0,3.95,6.66,39.95,0,30,3.291666666666667,6.658333333333334
#31476,2026-07,counted,paid,fulfilled,2026-07-03 17:43:00 +0100,Shopify Payments,7.5,0,3.95,1.91,11.45,0,6.25,3.291666666666667,1.908333333333333
#31477,2026-07,counted,paid,fulfilled,2026-07-03 18:00:00 +0100,Shopify Payments,42,0,3.95,7.66,45.95,0,35,3.291666666666667,7.658333333333335
#31478,2026-07,counted,paid,fulfilled,2026-07-03 18:15:00 +0100,Shopify Payments,9,0,3.95,2.16,12.95,0,7.5,3.291666666666667,2.158333333333333
#31479,2026-07,counted,paid,fulfilled,2026-07-03 18:45:00 +0100,Shopify Payments,30,0,3.95,5.66,33.95,0,25,3.291666666666667,5.658333333333334
#31480,2026-07,counted,paid,fulfilled,2026-07-03 18:47:00 +0100,Shopify Payments,25,0,3.95,4.83,28.95,0,20.83333333333334,3.291666666666667,4.825
#31481,2026-07,counted,paid,fulfilled,2026-07-03 18:52:00 +0100,Shopify Payments,73.5,0,0,12.25,73.5,0,61.25,0,12.25
#31482,2026-07,counted,paid,fulfilled,2026-07-03 19:11:00 +0100,Shopify Payments,114,0,0,19,114,0,95,0,19
#31483,2026-07,counted,paid,fulfilled,2026-07-03 19:17:00 +0100,Shopify Payments,9,0,3.95,2.16,12.95,0,7.5,3.291666666666667,2.158333333333333
#31484,2026-07,counted,paid,fulfilled,2026-07-03 19:18:00 +0100,Gift card,199,0,0,33.17,199,0,165.8333333333333,0,33.16666666666667
#31485,2026-07,counted,paid,fulfilled,2026-07-03 19:20:00 +0100,PayPal Express Checkout,60,0,0,10,60,0,50,0,10
#31486,2026-07,counted,paid,fulfilled,2026-07-03 19:49:00 +0100,Shopify Payments,SUMMER10,121,12.1,0,18.15,108.9,0,90.75000000000001,0,18.15
#31487,2026-07,counted,paid,fulfilled,2026-07-03 19:51:00 +0100,Shopify Payments,33,0,3.95,6.16,36.95,0,27.5,3.291666666666667,6.158333333333334
#31488,2026-07,counted,paid,fulfilled,2026-07-03 20:06:00 +0100,Shopify Payments,111,0,0,18.5,111,0,92.5,0,18.5
#31489,2026-07,counted,paid,fulfilled,2026-07-03 20:17:00 +0100,PayPal Express Checkout,28,0,3.95,5.33,31.95,0,23.33333333333334,3.291666666666667,5.325000000000001
#31490,2026-07,counted,paid,fulfilled,2026-07-03 20:19:00 +0100,Shopify Payments,25,0,3.95,4.83,28.95,0,20.83333333333334,3.291666666666667,4.825
#31491,2026-07,counted,paid,fulfilled,2026-07-03 20:29:00 +0100,Shopify Payments,96,0,0,16,96,0,80,0,16
#31492,2026-07,counted,paid,fulfilled,2026-07-03 20:34:00 +0100,Shopify Payments,82,0,0,13.67,82,0,68.33333333333334,0,13.66666666666667
#31493,2026-07,counted,paid,fulfilled,2026-07-03 20:46:00 +0100,Shopify Payments,117.5,0,0,19.58,117.5,0,97.91666666666667,0,19.58333333333334
#31494,2026-07,counted,paid,fulfilled,2026-07-03 20:47:00 +0100,Shopify Payments,56,0,0,9.33,56,0,46.66666666666667,0,9.333333333333334
#31495,2026-07,counted,paid,fulfilled,2026-07-03 20:49:00 +0100,Gift card,46,0,3.95,8.33,49.95,0,38.33333333333334,3.291666666666667,8.325000000000003
#31496,2026-07,counted,paid,fulfilled,2026-07-03 21:29:00 +0100,Shopify Payments,62,0,0,10.33,62,0,51.66666666666667,0,10.33333333333333
#31497,2026-07,counted,paid,fulfilled,2026-07-03 21:42:00 +0100,Shopify Payments,123,0,0,20.5,123,0,102.5,0,20.5
#31498,2026-07,counted,paid,fulfilled,2026-07-03 21:50:00 +0100,Shopify Payments,24,0,3.95,4.66,27.95,0,20,3.291666666666667,4.658333333333333
#31499,2026-07,counted,paid,fulfilled,2026-07-03 22:24:00 +0100,Shopify Payments,70,0,0,11.67,70,0,58.33333333333334,0,11.66666666666667
#31500,2026-07,counted,paid,fulfilled,2026-07-04 07:29:00 +0100,Gift card,124,0,0,20.67,124,0,103.3333333333333,0,20.66666666666667
#31501,2026-07,counted,paid,fulfilled,2026-07-04 08:23:00 +0100,PayPal Express Checkout,14,0,3.95,2.99,17.95,0,11.66666666666667,3.291666666666667,2.991666666666667
#31502,2026-07,counted,refunded,fulfilled,2026-07-04 08:40:00 +0100,Gift card,30,0,3.95,5.66,33.95,33.95,0,-2.220446049250313e-15,-4.440892098500627e-16
#31503,2026-07,counted,paid,fulfilled,2026-07-04 09:18:00 +0100,Shopify Payments,156,0,0,26,156,0,130,0,26
#31504,2026-07,counted,paid,fulfilled,2026-07-04 09:27:00 +0100,Shopify Payments,83,0,0,13.83,83,0,69.16666666666667,0,13.83333333333334
#31505,2026-07,counted,paid,fulfilled,2026-07-04 09:41:00 +0100,Shopify Payments,51,0,0,8.5,51,0,42.5,0,8.500000000000002
#31506,2026-07,counted,paid,fulfilled,2026-07-04 10:29:00 +0100,Shopify Payments,183,0,0,30.5,183,0,152.5,0,30.5
#31507,2026-07,counted,paid,fulfilled,2026-07-04 10:43:00 +0100,Shopify Payments,52,0,0,8.67,52,0,43.33333333333334,0,8.666666666666668
#31508,2026-07,counted,paid,fulfilled,2026-07-04 11:02:00 +0100,Shopify Payments,119,0,0,19.83,119,0,99.16666666666667,0,19.83333333333334
#31509,2026-07,counted,paid,fulfilled,2026-07-04 11:11:00 +0100,PayPal Express Checkout,188,0,0,31.33,188,0,156.6666666666667,0,31.33333333333334
#31510,2026-07,counted,paid,fulfilled,2026-07-04 11:21:00 +0100,Shopify Payments,47,0,3.95,8.49,50.95,0,39.16666666666667,3.291666666666667,8.491666666666669
#31511,2026-07,counted,paid,fulfilled,2026-07-04 11:22:00 +0100,PayPal Express Checkout,24,0,3.95,4.66,27.95,0,20,3.291666666666667,4.658333333333333
#31512,2026-07,counted,partially_refunded,fulfilled,2026-07-04 11:48:00 +0100,Shopify Payments,38,0,3.95,6.99,41.95,20.98,14.18333333333333,3.291666666666667,3.495
#31513,2026-07,counted,paid,fulfilled,2026-07-04 11:58:00 +0100,Shopify Payments,16,0,3.95,3.33,19.95,0,13.33333333333333,3.291666666666667,3.325
#31514,2026-07,counted,paid,fulfilled,2026-07-04 12:43:00 +0100,"Gift card, Shopify Payments",149,0,0,24.83,149,0,124.1666666666667,0,24.83333333333334
#31515,2026-07,counted,paid,fulfilled,2026-07-04 13:31:00 +0100,PayPal Express Checkout,152,0,0,25.33,152,0,126.6666666666667,0,25.33333333333334
#31516,2026-07,counted,paid,fulfilled,2026-07-04 14:04:00 +0100,Shopify Payments,72,0,0,12,72,0,60,0,12
#31517,2026-07,counted,paid,fulfilled,2026-07-04 14:28:00 +0100,Shopify Payments,66,0,0,11,66,0,55,0,11
#31518,2026-07,counted,paid,fulfilled,2026-07-04 14:41:00 +0100,Shopify Payments,162,0,0,27,162,0,135,0,27
#31519,2026-07,counted,paid,fulfilled,2026-07-04 14:45:00 +0100,Shopify Payments,75.5,0,0,12.58,75.5,0,62.91666666666667,0,12.58333333333334
#31520,2026-07,counted,paid,fulfilled,2026-07-04 14:56:00 +0100,Shopify Payments,36,0,3.95,6.66,39.95,0,30,3.291666666666667,6.658333333333334
#31521,2026-07,counted,paid,fulfilled,2026-07-04 15:09:00 +0100,Gift card,87,0,0,14.5,87,0,72.5,0,14.5
#31522,2026-07,counted,paid,fulfilled,2026-07-04 15:53:00 +0100,Shopify Payments,117,0,0,19.5,117,0,97.5,0,19.5
#31523,2026-07,counted,paid,fulfilled,2026-07-04 16:26:00 +0100,Shopify Payments,187,0,0,31.17,187,0,155.8333333333333,0,31.16666666666667
#31524,2026-07,counted,paid,fulfilled,2026-07-04 16:36:00 +0100,Shopify Payments,14,0,3.95,2.99,17.95,0,11.66666666666667,3.291666666666667,2.991666666666667
#31525,2026-07,counted,paid,fulfilled,2026-07-04 16:41:00 +0100,Shopify Payments,130,0,0,21.67,130,0,108.3333333333333,0,21.66666666666667
#31526,2026-07,counted,paid,fulfilled,2026-07-04 16:52:00 +0100,Shopify Payments,SUMMER10,48,4.8,3.95,7.86,47.15,0,36.00000000000001,3.291666666666667,7.858333333333335
#31527,2026-07,counted,paid,fulfilled,2026-07-04 17:00:00 +0100,Shopify Payments,54.5,0,0,9.08,54.5,0,45.41666666666667,0,9.083333333333334
#31528,2026-07,counted,paid,fulfilled,2026-07-04 17:20:00 +0100,Shopify Payments,57,0,0,9.5,57,0,47.5,0,9.5
#31529,2026-07,counted,paid,fulfilled,2026-07-04 17:21:00 +0100,Shopify Payments,43,0,3.95,7.83,46.95,0,35.83333333333334,3.291666666666667,7.825000000000001
#31530,2026-07,counted,paid,fulfilled,2026-07-04 17:37:00 +0100,PayPal Express Checkout,19,0,3.95,3.83,22.95,0,15.83333333333333,3.291666666666667,3.825
#31531,2026-07,counted,paid,fulfilled,2026-07-04 17:42:00 +0100,Shopify Payments,22,0,3.95,4.33,25.95,0,18.33333333333334,3.291666666666667,4.325
#31532,2026-07,counted,paid,fulfilled,2026-07-04 17:58:00 +0100,Shopify Payments,141,0,0,23.5,141,0,117.5,0,23.5
#31533,2026-07,counted,paid,fulfilled,2026-07-04 18:33:00 +0100,Shopify Payments,36,0,3.95,6.66,39.95,0,30,3.291666666666667,6.658333333333334
#31534,2026-07,counted,paid,fulfilled,2026-07-04 18:34:00 +0100,Shopify Payments,27,0,3.95,5.16,30.95,0,22.5,3.291666666666667,5.158333333333334
#31535,2026-07,counted,paid,fulfilled,2026-07-04 18:35:00 +0100,Shopify Payments,18,0,3.95,3.66,21.95,0,15,3.291666666666667,3.658333333333333
#31536,2026-07,counted,paid,fulfilled,2026-07-04 18:44:00 +0100,Shopify Payments,113,0,0,18.83,113,0,94.16666666666667,0,18.83333333333334
#31537,2026-07,counted,paid,fulfilled,2026-07-04 19:00:00 +0100,Shopify Payments,SUMMER10,15,1.5,3.95,2.91,17.45,0,11.25,3.291666666666667,2.908333333333334
#31538,2026-07,counted,paid,fulfilled,2026-07-04 19:13:00 +0100,Shopify Payments,14,0,3.95,2.99,17.95,0,11.66666666666667,3.291666666666667,2.991666666666667
#31539,2026-07,counted,paid,fulfilled,2026-07-04 19:18:00 +0100,Shopify Payments,93,0,0,15.5,93,0,77.5,0,15.5
#31540,2026-07,counted,paid,fulfilled,2026-07-04 19:18:00 +0100,PayPal Express Checkout,14,0,3.95,2.99,17.95,0,11.66666666666667,3.291666666666667,2.991666666666667
#31541,2026-07,counted,paid,fulfilled,2026-07-04 19:33:00 +0100,Shopify Payments,53,0,0,8.83,53,0,44.16666666666667,0,8.833333333333336
#31542,2026-07,counted,paid,fulfilled,2026-07-04 19:53:00 +0100,Shopify Payments,125,0,0,20.83,125,0,104.1666666666667,0,20.83333333333334
#31543,2026-07,counted,paid,fulfilled,2026-07-04 20:09:00 +0100,Shopify Payments,169,0,0,28.17,169,0,140.8333333333333,0,28.16666666666667
#31544,2026-07,counted,paid,fulfilled,2026-07-04 20:29:00 +0100,Shopify Payments,12,0,3.95,2.66,15.95,0,10,3.291666666666667,2.658333333333333
#31545,2026-07,counted,partially_refunded,fulfilled,2026-07-04 20:30:00 +0100,Shopify Payments,SUMMER10,79.5,7.95,0,11.93,71.55,21.47,41.73333333333333,0,8.346666666666668
#31546,2026-07,counted,paid,fulfilled,2026-07-04 20:45:00 +0100,Shopify Payments,54,0,0,9,54,0,45,0,9.000000000000002
#31547,2026-07,counted,refunded,fulfilled,2026-07-04 20:47:00 +0100,Shopify Payments,59.5,0,0,9.92,59.5,59.5,0,0,0
#31548,2026-07,counted,paid,fulfilled,2026-07-04 20:51:00 +0100,Shopify Payments,20,0,3.95,3.99,23.95,0,16.66666666666667,3.291666666666667,3.991666666666667
#31549,2026-07,counted,paid,fulfilled,2026-07-04 21:05:00 +0100,Shopify Payments,120,0,0,20,120,0,100,0,20
#31550,2026-07,counted,paid,fulfilled,2026-07-04 21:11:00 +0100,Shopify Payments,12,0,3.95,2.66,15.95,0,10,3.291666666666667,2.658333333333333
#31551,2026-07,counted,paid,fulfilled,2026-07-04 21:15:00 +0100,Shopify Payments,94,0,0,15.67,94,0,78.33333333333334,0,15.66666666666667
#31552,2026-07,counted,paid,fulfilled,2026-07-04 21:18:00 +0100,Shopify Payments,14,0,3.95,2.99,17.95,0,11.66666666666667,3.291666666666667,2.991666666666667
#31553,2026-07,counted,paid,fulfilled,2026-07-04 21:20:00 +0100,Shopify Payments,SUMMER10,30,3,3.95,5.16,30.95,0,22.5,3.291666666666667,5.158333333333334
#31554,2026-07,counted,partially_refunded,fulfilled,2026-07-04 21:50:00 +0100,Shopify Payments,52,0,0,8.67,52,15.6,30.33333333333334,0,6.066666666666667
#31555,2026-07,counted,paid,fulfilled,2026-07-04 22:45:00 +0100,Shopify Payments,71,0,0,11.83,71,0,59.16666666666667,0,11.83333333333333
#31556,2026-07,counted,refunded,fulfilled,2026-07-04 22:49:00 +0100,Shopify Payments,230,0,0,38.33,230,230,0,0,0
#31557,2026-07,counted,paid,fulfilled,2026-07-04 22:55:00 +0100,Shopify Payments,20,0,3.95,3.99,23.95,0,16.66666666666667,3.291666666666667,3.991666666666667
#31558,2026-07,counted,paid,fulfilled,2026-07-04 22:55:00 +0100,Shopify Payments,60,0,0,10,60,0,50,0,10
#31559,2026-07,counted,paid,fulfilled,2026-07-05 07:31:00 +0100,Shopify Payments,SUMMER10,6,0.6,3.95,1.56,9.35,0,4.500000000000001,3.291666666666667,1.558333333333334
#31560,2026-07,counted,paid,fulfilled,2026-07-05 07:41:00 +0100,Shopify Payments,100,0,0,16.67,100,0,83.33333333333334,0,16.66666666666667
#31561,2026-07,counted,paid,fulfilled,2026-07-05 08:00:00 +0100,Shopify Payments,72,0,0,12,72,0,60,0,12
#31562,2026-07,counted,paid,fulfilled,2026-07-05 08:52:00 +0100,PayPal Express Checkout,14,0,3.95,2.99,17.95,0,11.66666666666667,3.291666666666667,2.991666666666667
#31563,2026-07,counted,paid,fulfilled,2026-07-05 09:03:00 +0100,"Gift card, Shopify Payments",20,0,3.95,3.99,23.95,0,16.66666666666667,3.291666666666667,3.991666666666667
#31564,2026-07,counted,paid,fulfilled,2026-07-05 09:35:00 +0100,Shopify Payments,28,0,3.95,5.33,31.95,0,23.33333333333334,3.291666666666667,5.325000000000001
#31565,2026-07,counted,paid,fulfilled,2026-07-05 10:13:00 +0100,Shopify Payments,216,0,0,36,216,0,180,0,36.00000000000001
#31566,2026-07,counted,paid,fulfilled,2026-07-05 10:20:00 +0100,Shopify Payments,22,0,3.95,4.33,25.95,0,18.33333333333334,3.291666666666667,4.325
#31567,2026-07,counted,paid,fulfilled,2026-07-05 10:27:00 +0100,Shopify Payments,90,0,0,15,90,0,75,0,15
#31568,2026-07,counted,paid,fulfilled,2026-07-05 10:34:00 +0100,Shopify Payments,41,0,3.95,7.49,44.95,0,34.16666666666667,3.291666666666667,7.491666666666667
#31569,2026-07,counted,paid,fulfilled,2026-07-05 10:48:00 +0100,Shopify Payments,40,0,3.95,7.33,43.95,0,33.33333333333334,3.291666666666667,7.325000000000001
#31570,2026-07,counted,paid,fulfilled,2026-07-05 11:12:00 +0100,Shopify Payments,93,0,0,15.5,93,0,77.5,0,15.5
#31571,2026-07,counted,paid,fulfilled,2026-07-05 11:16:00 +0100,Shopify Payments,38,0,3.95,6.99,41.95,0,31.66666666666667,3.291666666666667,6.991666666666667
#31572,2026-07,counted,partially_refunded,fulfilled,2026-07-05 12:05:00 +0100,Shopify Payments,WELCOME5,45,5,3.95,7.33,43.95,21.98,15.01666666666667,3.291666666666667,3.661666666666667
#31573,2026-07,counted,paid,fulfilled,2026-07-05 12:06:00 +0100,Shopify Payments,116,0,0,19.33,116,0,96.66666666666667,0,19.33333333333334
#31574,2026-07,counted,paid,fulfilled,2026-07-05 12:07:00 +0100,Shopify Payments,67.5,0,0,11.25,67.5,0,56.25,0,11.25
#31575,2026-07,counted,paid,fulfilled,2026-07-05 12:18:00 +0100,Gift card,20,0,3.95,3.99,23.95,0,16.66666666666667,3.291666666666667,3.991666666666667
#31576,2026-07,counted,paid,fulfilled,2026-07-05 12:45:00 +0100,Shopify Payments,105,0,0,17.5,105,0,87.5,0,17.5
#31577,2026-07,counted,paid,fulfilled,2026-07-05 12:59:00 +0100,Shopify Payments,38,0,3.95,6.99,41.95,0,31.66666666666667,3.291666666666667,6.991666666666667
#31578,2026-07,counted,paid,fulfilled,2026-07-05 13:23:00 +0100,Shopify Payments,158,0,0,26.33,158,0,131.6666666666667,0,26.33333333333334
#31579,2026-07,counted,paid,fulfilled,2026-07-05 13:35:00 +0100,Shopify Payments,30,0,3.95,5.66,33.95,0,25,3.291666666666667,5.658333333333334
#31580,2026-07,counted,paid,fulfilled,2026-07-05 13:35:00 +0100,PayPal Express Checkout,21,0,3.95,4.16,24.95,0,17.5,3.291666666666667,4.158333333333334
#31581,2026-07,counted,paid,fulfilled,2026-07-05 14:39:00 +0100,Shopify Payments,SUMMER10,51,5.1,3.95,8.31,49.85,0,38.25,3.291666666666667,8.308333333333334
#31582,2026-07,counted,paid,fulfilled,2026-07-05 14:43:00 +0100,Shopify Payments,20,0,3.95,3.99,23.95,0,16.66666666666667,3.291666666666667,3.991666666666667
#31583,2026-07,counted,paid,fulfilled,2026-07-05 14:54:00 +0100,Shopify Payments,97,0,0,16.17,97,0,80.83333333333334,0,16.16666666666667
#31584,2026-07,counted,paid,fulfilled,2026-07-05 15:57:00 +0100,Shopify Payments,SUMMER10,30,3,3.95,5.16,30.95,0,22.5,3.291666666666667,5.158333333333334
#31585,2026-07,counted,paid,fulfilled,2026-07-05 16:20:00 +0100,Shopify Payments,21,0,3.95,4.16,24.95,0,17.5,3.291666666666667,4.158333333333334
#31586,2026-07,counted,paid,fulfilled,2026-07-05 16:56:00 +0100,PayPal Express Checkout,12,0,3.95,2.66,15.95,0,10,3.291666666666667,2.658333333333333
#31587,2026-07,counted,paid,fulfilled,2026-07-05 17:10:00 +0100,Shopify Payments,99,0,0,16.5,99,0,82.5,0,16.5
#31588,2026-07,counted,paid,fulfilled,2026-07-05 17:10:00 +0100,Shopify Payments,62,0,0,10.33,62,0,51.66666666666667,0,10.33333333333333
#31589,2026-07,counted,paid,fulfilled,2026-07-05 17:38:00 +0100,Shopify Payments,28,0,3.95,5.33,31.95,0,23.33333333333334,3.291666666666667,5.325000000000001
#31590,2026-07,counted,paid,fulfilled,2026-07-05 18:27:00 +0100,Shopify Payments,135,0,0,22.5,135,0,112.5,0,22.5
#31591,2026-07,counted,paid,fulfilled,2026-07-05 18:49:00 +0100,Shopify Payments,48,0,3.95,8.66,51.95,0,40,3.291666666666667,8.658333333333335
#31592,2026-07,counted,paid,fulfilled,2026-07-05 19:01:00 +0100,Shopify Payments,64,0,0,10.67,64,0,53.33333333333334,0,10.66666666666667
#31593,2026-07,counted,paid,fulfilled,2026-07-05 19:20:00 +0100,Shopify Payments,209,0,0,34.83,209,0,174.1666666666667,0,34.83333333333334
#31594,2026-07,counted,paid,fulfilled,2026-07-05 19:24:00 +0100,Shopify Payments,84,0,0,14,84,0,70,0,14
#31595,2026-07,counted,paid,fulfilled,2026-07-05 19:27:00 +0100,Shopify Payments,46,0,3.95,8.33,49.95,0,38.33333333333334,3.291666666666667,8.325000000000003
#31596,2026-07,counted,paid,fulfilled,2026-07-05 20:08:00 +0100,Shopify Payments,20,0,3.95,3.99,23.95,0,16.66666666666667,3.291666666666667,3.991666666666667
#31597,2026-07,counted,paid,fulfilled,2026-07-05 20:24:00 +0100,Gift card,97.5,0,0,16.25,97.5,0,81.25,0,16.25
#31598,2026-07,test order,paid,fulfilled,2026-07-05 20:33:00 +0100,Shopify Payments,test,6,0,3.95,1.66,9.949999999999999,0,5,3.291666666666667,1.658333333333333
#31599,2026-07,counted,paid,fulfilled,2026-07-05 20:41:00 +0100,PayPal Express Checkout,20,0,3.95,3.99,23.95,0,16.66666666666667,3.291666666666667,3.991666666666667
#31600,2026-07,counted,paid,fulfilled,2026-07-05 20:52:00 +0100,Shopify Payments,146,0,0,24.33,146,0,121.6666666666667,0,24.33333333333334
#31601,2026-07,counted,paid,fulfilled,2026-07-05 20:55:00 +0100,Shopify Payments,24,0,3.95,4.66,27.95,0,20,3.291666666666667,4.658333333333333
#31602,2026-07,counted,paid,fulfilled,2026-07-05 21:00:00 +0100,Shopify Payments,22,0,3.95,4.33,25.95,0,18.33333333333334,3.291666666666667,4.325
#31603,2026-07,counted,paid,fulfilled,2026-07-05 21:11:00 +0100,Shopify Payments,31,0,3.95,5.83,34.95,0,25.83333333333334,3.291666666666667,5.825000000000001
#31604,2026-07,counted,paid,fulfilled,2026-07-05 21:58:00 +0100,Shopify Payments,80,0,0,13.33,80,0,66.66666666666667,0,13.33333333333333
#31605,2026-07,counted,paid,fulfilled,2026-07-05 22:38:00 +0100,Shopify Payments,138,0,0,23,138,0,115,0,23
#31606,2026-07,counted,paid,fulfilled,2026-07-05 22:41:00 +0100,Shopify Payments,36,0,3.95,6.66,39.95,0,30,3.291666666666667,6.658333333333334
#31607,2026-07,counted,refunded,fulfilled,2026-07-06 07:22:00 +0100,Shopify Payments,112,0,0,18.67,112,112,0,0,0
#31608,2026-07,counted,paid,fulfilled,2026-07-06 07:35:00 +0100,Shopify Payments,128.5,0,0,21.42,128.5,0,107.0833333333333,0,21.41666666666667
#31609,2026-07,counted,paid,fulfilled,2026-07-06 07:39:00 +0100,Shopify Payments,45,0,3.95,8.16,48.95,0,37.5,3.291666666666667,8.158333333333335
#31610,2026-07,counted,paid,fulfilled,2026-07-06 07:50:00 +0100,Shopify Payments,32,0,3.95,5.99,35.95,0,26.66666666666667,3.291666666666667,5.991666666666668
#31611,2026-07,counted,paid,fulfilled,2026-07-06 07:57:00 +0100,Shopify Payments,62,0,0,10.33,62,0,51.66666666666667,0,10.33333333333333
#31612,2026-07,counted,paid,fulfilled,2026-07-06 08:37:00 +0100,Shopify Payments,34,0,3.95,6.33,37.95,0,28.33333333333334,3.291666666666667,6.325000000000001
#31613,2026-07,counted,paid,fulfilled,2026-07-06 08:40:00 +0100,Shopify Payments,21,0,3.95,4.16,24.95,0,17.5,3.291666666666667,4.158333333333334
#31614,2026-07,counted,paid,fulfilled,2026-07-06 09:33:00 +0100,Shopify Payments,96,0,0,16,96,0,80,0,16
#31615,2026-07,counted,paid,fulfilled,2026-07-06 09:42:00 +0100,Shopify Payments,43,0,3.95,7.83,46.95,0,35.83333333333334,3.291666666666667,7.825000000000001
#31616,2026-07,counted,paid,fulfilled,2026-07-06 09:48:00 +0100,Shopify Payments,171,0,0,28.5,171,0,142.5,0,28.5
#31617,2026-07,counted,paid,fulfilled,2026-07-06 10:01:00 +0100,Shopify Payments,7.5,0,3.95,1.91,11.45,0,6.25,3.291666666666667,1.908333333333333
#31618,2026-07,counted,paid,fulfilled,2026-07-06 10:19:00 +0100,Shopify Payments,SUMMER10,53,5.3,3.95,8.609999999999999,51.65,0,39.75000000000001,3.291666666666667,8.608333333333336
#31619,2026-07,counted,paid,fulfilled,2026-07-06 10:47:00 +0100,"Gift card, Shopify Payments",SUMMER10,40,4,3.95,6.66,39.95,0,30,3.291666666666667,6.658333333333334
#31620,2026-07,test order,paid,fulfilled,2026-07-06 10:55:00 +0100,Bogus Gateway (for testing),63,0,0,10.5,63,0,52.5,0,10.5
#31621,2026-07,counted,paid,fulfilled,2026-07-06 11:09:00 +0100,Shopify Payments,WELCOME5,20,5,3.95,3.16,18.95,0,12.5,3.291666666666667,3.158333333333334
#31622,2026-07,counted,paid,fulfilled,2026-07-06 11:42:00 +0100,Shopify Payments,30,0,3.95,5.66,33.95,0,25,3.291666666666667,5.658333333333334
#31623,2026-07,counted,paid,fulfilled,2026-07-06 12:33:00 +0100,Shopify Payments,50,0,0,8.33,50,0,41.66666666666667,0,8.333333333333334
#31624,2026-07,counted,paid,fulfilled,2026-07-06 12:40:00 +0100,Shopify Payments,11,0,3.95,2.49,14.95,0,9.166666666666668,3.291666666666667,2.491666666666667
#31625,2026-07,counted,paid,fulfilled,2026-07-06 13:33:00 +0100,Shopify Payments,135,0,0,22.5,135,0,112.5,0,22.5
#31626,2026-07,counted,paid,fulfilled,2026-07-06 13:35:00 +0100,Shopify Payments,93,0,0,15.5,93,0,77.5,0,15.5
#31627,2026-07,counted,paid,fulfilled,2026-07-06 13:42:00 +0100,PayPal Express Checkout,14,0,3.95,2.99,17.95,0,11.66666666666667,3.291666666666667,2.991666666666667
#31628,2026-07,counted,paid,fulfilled,2026-07-06 13:57:00 +0100,Shopify Payments,SUMMER10,158,15.8,0,23.7,142.2,0,118.5,0,23.7
#31629,2026-07,counted,paid,fulfilled,2026-07-06 13:58:00 +0100,Shopify Payments,194,0,0,32.33,194,0,161.6666666666667,0,32.33333333333334
#31630,2026-07,counted,paid,fulfilled,2026-07-06 14:02:00 +0100,Shopify Payments,34,0,3.95,6.33,37.95,0,28.33333333333334,3.291666666666667,6.325000000000001
#31631,2026-07,counted,paid,fulfilled,2026-07-06 14:07:00 +0100,Shopify Payments,90,0,0,15,90,0,75,0,15
#31632,2026-07,counted,paid,fulfilled,2026-07-06 14:12:00 +0100,Shopify Payments,22,0,3.95,4.33,25.95,0,18.33333333333334,3.291666666666667,4.325
#31633,2026-07,counted,paid,fulfilled,2026-07-06 14:19:00 +0100,PayPal Express Checkout,191,0,0,31.83,191,0,159.1666666666667,0,31.83333333333334
#31634,2026-07,counted,paid,fulfilled,2026-07-06 14:33:00 +0100,Shopify Payments,WELCOME5,81,5,0,12.67,76,0,63.33333333333334,0,12.66666666666667
#31635,2026-07,counted,paid,fulfilled,2026-07-06 14:50:00 +0100,Shopify Payments,38,0,3.95,6.99,41.95,0,31.66666666666667,3.291666666666667,6.991666666666667
#31636,2026-07,counted,paid,fulfilled,2026-07-06 15:01:00 +0100,Shopify Payments,SUMMER10,93,9.300000000000001,0,13.95,83.7,0,69.75,0,13.95
#31637,2026-07,counted,paid,fulfilled,2026-07-06 15:04:00 +0100,Shopify Payments,WELCOME5,25,5,3.95,3.99,23.95,0,16.66666666666667,3.291666666666667,3.991666666666667
#31638,2026-07,counted,paid,fulfilled,2026-07-06 15:08:00 +0100,Shopify Payments,101,0,0,16.83,101,0,84.16666666666667,0,16.83333333333334
#31639,2026-07,counted,paid,fulfilled,2026-07-06 15:09:00 +0100,Shopify Payments,SUMMER10,22,2.2,3.95,3.96,23.75,0,16.5,3.291666666666667,3.958333333333333
#31640,2026-07,counted,paid,fulfilled,2026-07-06 15:27:00 +0100,Shopify Payments,19,0,3.95,3.83,22.95,0,15.83333333333333,3.291666666666667,3.825
#31641,2026-07,counted,paid,fulfilled,2026-07-06 15:43:00 +0100,Shopify Payments,29,0,3.95,5.49,32.95,0,24.16666666666667,3.291666666666667,5.491666666666667
#31642,2026-07,counted,paid,fulfilled,2026-07-06 16:06:00 +0100,Shopify Payments,291,0,0,48.5,291,0,242.5,0,48.50000000000001
#31643,2026-07,counted,paid,fulfilled,2026-07-06 16:32:00 +0100,Shopify Payments,9,0,3.95,2.16,12.95,0,7.5,3.291666666666667,2.158333333333333
#31644,2026-07,counted,paid,fulfilled,2026-07-06 16:32:00 +0100,Shopify Payments,19,0,3.95,3.83,22.95,0,15.83333333333333,3.291666666666667,3.825
#31645,2026-07,counted,paid,fulfilled,2026-07-06 16:43:00 +0100,Shopify Payments,109,0,0,18.17,109,0,90.83333333333334,0,18.16666666666667
#31646,2026-07,counted,paid,fulfilled,2026-07-06 17:39:00 +0100,Shopify Payments,108,0,0,18,108,0,90,0,18
#31647,2026-07,counted,paid,fulfilled,2026-07-06 17:52:00 +0100,Shopify Payments,SUMMER10,24,2.4,3.95,4.26,25.55,0,18,3.291666666666667,4.258333333333334
#31648,2026-07,counted,paid,fulfilled,2026-07-06 18:21:00 +0100,Shopify Payments,35,0,3.95,6.49,38.95,0,29.16666666666667,3.291666666666667,6.491666666666668
#31649,2026-07,counted,refunded,fulfilled,2026-07-06 18:23:00 +0100,Shopify Payments,98,0,0,16.33,98,98,0,0,0
#31650,2026-07,counted,paid,fulfilled,2026-07-06 19:00:00 +0100,PayPal Express Checkout,32,0,3.95,5.99,35.95,0,26.66666666666667,3.291666666666667,5.991666666666668
#31651,2026-07,counted,paid,fulfilled,2026-07-06 19:02:00 +0100,Shopify Payments,56,0,0,9.33,56,0,46.66666666666667,0,9.333333333333334
#31652,2026-07,counted,paid,fulfilled,2026-07-06 19:12:00 +0100,Shopify Payments,38,0,3.95,6.99,41.95,0,31.66666666666667,3.291666666666667,6.991666666666667
#31653,2026-07,counted,paid,fulfilled,2026-07-06 19:41:00 +0100,Shopify Payments,SUMMER10,29,2.9,3.95,5.01,30.05,0,21.75,3.291666666666667,5.008333333333334
#31654,2026-07,counted,refunded,fulfilled,2026-07-06 19:58:00 +0100,Shopify Payments,103,0,0,17.17,103,103,0,0,0
#31655,2026-07,counted,paid,fulfilled,2026-07-06 20:13:00 +0100,Shopify Payments,110.5,0,0,18.42,110.5,0,92.08333333333334,0,18.41666666666667
#31656,2026-07,counted,paid,fulfilled,2026-07-06 20:15:00 +0100,Shopify Payments,32,0,3.95,5.99,35.95,0,26.66666666666667,3.291666666666667,5.991666666666668
#31657,2026-07,counted,paid,fulfilled,2026-07-06 20:34:00 +0100,Shopify Payments,25,0,3.95,4.83,28.95,0,20.83333333333334,3.291666666666667,4.825
#31658,2026-07,counted,paid,fulfilled,2026-07-06 20:42:00 +0100,Shopify Payments,94,0,0,15.67,94,0,78.33333333333334,0,15.66666666666667
#31659,2026-07,counted,paid,fulfilled,2026-07-06 21:27:00 +0100,PayPal Express Checkout,24.6,0,3.95,4.76,28.55,0,20.5,3.291666666666667,4.758333333333335
#31660,2026-07,counted,paid,fulfilled,2026-07-06 21:49:00 +0100,Shopify Payments,92.5,0,0,15.42,92.5,0,77.08333333333334,0,15.41666666666667
#31661,2026-07,counted,paid,fulfilled,2026-07-06 22:53:00 +0100,Shopify Payments,19.5,0,3.95,3.91,23.45,0,16.25,3.291666666666667,3.908333333333334
#31662,2026-07,counted,paid,fulfilled,2026-07-07 07:10:00 +0100,Shopify Payments,187,0,0,31.17,187,0,155.8333333333333,0,31.16666666666667
#31663,2026-07,counted,paid,fulfilled,2026-07-07 07:47:00 +0100,Shopify Payments,45,0,3.95,8.16,48.95,0,37.5,3.291666666666667,8.158333333333335
#31664,2026-07,counted,paid,fulfilled,2026-07-07 08:00:00 +0100,Shopify Payments,95,0,0,15.83,95,0,79.16666666666667,0,15.83333333333333
#31665,2026-07,counted,paid,fulfilled,2026-07-07 08:14:00 +0100,Shopify Payments,21,0,3.95,4.16,24.95,0,17.5,3.291666666666667,4.158333333333334
#31666,2026-07,counted,paid,fulfilled,2026-07-07 09:01:00 +0100,Shopify Payments,82,0,0,13.67,82,0,68.33333333333334,0,13.66666666666667
#31667,2026-07,counted,paid,fulfilled,2026-07-07 10:06:00 +0100,Shopify Payments,WELCOME5,53,5,3.95,8.66,51.95,0,40,3.291666666666667,8.658333333333335
#31668,2026-07,counted,paid,fulfilled,2026-07-07 10:09:00 +0100,Shopify Payments,15,0,3.95,3.16,18.95,0,12.5,3.291666666666667,3.158333333333334
#31669,2026-07,counted,paid,fulfilled,2026-07-07 10:18:00 +0100,Shopify Payments,298.5,0,0,49.75,298.5,0,248.75,0,49.75000000000001
#31670,2026-07,counted,paid,fulfilled,2026-07-07 10:19:00 +0100,Shopify Payments,48,0,3.95,8.66,51.95,0,40,3.291666666666667,8.658333333333335
#31671,2026-07,counted,paid,fulfilled,2026-07-07 10:21:00 +0100,Shopify Payments,59,0,0,9.83,59,0,49.16666666666667,0,9.833333333333334
#31672,2026-07,counted,paid,fulfilled,2026-07-07 10:27:00 +0100,Shopify Payments,30,0,3.95,5.66,33.95,0,25,3.291666666666667,5.658333333333334
#31673,2026-07,counted,paid,fulfilled,2026-07-07 10:29:00 +0100,Shopify Payments,41,0,3.95,7.49,44.95,0,34.16666666666667,3.291666666666667,7.491666666666667
#31674,2026-07,counted,paid,fulfilled,2026-07-07 10:39:00 +0100,Shopify Payments,21,0,3.95,4.16,24.95,0,17.5,3.291666666666667,4.158333333333334
#31675,2026-07,counted,paid,fulfilled,2026-07-07 11:02:00 +0100,Shopify Payments,120,0,0,20,120,0,100,0,20
#31676,2026-07,counted,paid,fulfilled,2026-07-07 11:18:00 +0100,Shopify Payments,36,0,3.95,6.66,39.95,0,30,3.291666666666667,6.658333333333334
#31677,2026-07,counted,paid,fulfilled,2026-07-07 11:28:00 +0100,Shopify Payments,149,0,0,24.83,149,0,124.1666666666667,0,24.83333333333334
#31678,2026-07,counted,paid,fulfilled,2026-07-07 11:34:00 +0100,Shopify Payments,9,0,3.95,2.16,12.95,0,7.5,3.291666666666667,2.158333333333333
#31679,2026-07,counted,paid,fulfilled,2026-07-07 11:53:00 +0100,PayPal Express Checkout,121,0,0,20.17,121,0,100.8333333333333,0,20.16666666666667
#31680,2026-07,counted,paid,fulfilled,2026-07-07 12:37:00 +0100,Shopify Payments,70,0,0,11.67,70,0,58.33333333333334,0,11.66666666666667
#31681,2026-07,counted,paid,fulfilled,2026-07-07 12:42:00 +0100,Shopify Payments,34,0,3.95,6.33,37.95,0,28.33333333333334,3.291666666666667,6.325000000000001
#31682,2026-07,counted,paid,fulfilled,2026-07-07 12:43:00 +0100,PayPal Express Checkout,69,0,0,11.5,69,0,57.5,0,11.5
#31683,2026-07,counted,paid,fulfilled,2026-07-07 12:59:00 +0100,Shopify Payments,21,0,3.95,4.16,24.95,0,17.5,3.291666666666667,4.158333333333334
#31684,2026-07,counted,paid,fulfilled,2026-07-07 13:18:00 +0100,Shopify Payments,34,0,3.95,6.33,37.95,0,28.33333333333334,3.291666666666667,6.325000000000001
#31685,2026-07,counted,paid,fulfilled,2026-07-07 13:47:00 +0100,PayPal Express Checkout,41,0,3.95,7.49,44.95,0,34.16666666666667,3.291666666666667,7.491666666666667
#31686,2026-07,counted,paid,fulfilled,2026-07-07 13:58:00 +0100,Shopify Payments,65,0,0,10.83,65,0,54.16666666666667,0,10.83333333333333
#31687,2026-07,counted,paid,fulfilled,2026-07-07 14:55:00 +0100,Shopify Payments,SUMMER10,56,5.6,0,8.4,50.4,0,42,0,8.4
#31688,2026-07,counted,paid,fulfilled,2026-07-07 15:36:00 +0100,Shopify Payments,63,0,0,10.5,63,0,52.5,0,10.5
#31689,2026-07,counted,paid,fulfilled,2026-07-07 15:41:00 +0100,"Gift card, Shopify Payments",21,0,3.95,4.16,24.95,0,17.5,3.291666666666667,4.158333333333334
#31690,2026-07,counted,paid,fulfilled,2026-07-07 15:50:00 +0100,Shopify Payments,88,0,0,14.67,88,0,73.33333333333334,0,14.66666666666667
#31691,2026-07,counted,paid,fulfilled,2026-07-07 16:14:00 +0100,Shopify Payments,152,0,0,25.33,152,0,126.6666666666667,0,25.33333333333334
#31692,2026-07,counted,refunded,fulfilled,2026-07-07 16:18:00 +0100,Shopify Payments,SUMMER10,143,14.3,0,21.45,128.7,128.7,0,0,0
#31693,2026-07,counted,paid,fulfilled,2026-07-07 16:44:00 +0100,Shopify Payments,60,0,0,10,60,0,50,0,10
#31694,2026-07,counted,paid,fulfilled,2026-07-07 17:15:00 +0100,Shopify Payments,177,0,0,29.5,177,0,147.5,0,29.5
#31695,2026-07,counted,paid,fulfilled,2026-07-07 17:18:00 +0100,Shopify Payments,38,0,3.95,6.99,41.95,0,31.66666666666667,3.291666666666667,6.991666666666667
#31696,2026-07,counted,paid,fulfilled,2026-07-07 17:20:00 +0100,Shopify Payments,WELCOME5,123,5,0,19.67,118,0,98.33333333333334,0,19.66666666666667
#31697,2026-07,counted,paid,fulfilled,2026-07-07 17:28:00 +0100,Shopify Payments,64,0,0,10.67,64,0,53.33333333333334,0,10.66666666666667
#31698,2026-07,counted,paid,fulfilled,2026-07-07 17:49:00 +0100,Shopify Payments,24,0,3.95,4.66,27.95,0,20,3.291666666666667,4.658333333333333
#31699,2026-07,counted,paid,fulfilled,2026-07-07 18:16:00 +0100,Shopify Payments,102,0,0,17,102,0,85,0,17
#31700,2026-07,counted,paid,fulfilled,2026-07-07 18:54:00 +0100,"Gift card, Shopify Payments",72,0,0,12,72,0,60,0,12
#31701,2026-07,counted,paid,fulfilled,2026-07-07 19:05:00 +0100,Shopify Payments,SUMMER10,32,3.2,3.95,5.46,32.75,0,24,3.291666666666667,5.458333333333334
#31702,2026-07,counted,paid,fulfilled,2026-07-07 19:09:00 +0100,Shopify Payments,26,0,3.95,4.99,29.95,0,21.66666666666667,3.291666666666667,4.991666666666667
#31703,2026-07,counted,paid,fulfilled,2026-07-07 19:24:00 +0100,Shopify Payments,109,0,0,18.17,109,0,90.83333333333334,0,18.16666666666667
#31704,2026-07,counted,paid,fulfilled,2026-07-07 19:58:00 +0100,Shopify Payments,SUMMER10,209,20.9,0,31.35,188.1,0,156.75,0,31.35
#31705,2026-07,counted,paid,fulfilled,2026-07-07 20:18:00 +0100,Shopify Payments,17,0,3.95,3.49,20.95,0,14.16666666666667,3.291666666666667,3.491666666666667
#31706,2026-07,counted,paid,fulfilled,2026-07-07 21:40:00 +0100,PayPal Express Checkout,32,0,3.95,5.99,35.95,0,26.66666666666667,3.291666666666667,5.991666666666668
#31707,2026-07,counted,paid,fulfilled,2026-07-07 21:48:00 +0100,Shopify Payments,128,0,0,21.33,128,0,106.6666666666667,0,21.33333333333334
#31708,2026-07,counted,paid,fulfilled,2026-07-07 22:01:00 +0100,Shopify Payments,WELCOME5,26,5,3.95,4.16,24.95,0,17.5,3.291666666666667,4.158333333333334
#31709,2026-07,counted,paid,fulfilled,2026-07-07 22:03:00 +0100,Shopify Payments,72,0,0,12,72,0,60,0,12
#31710,2026-07,counted,paid,fulfilled,2026-07-07 22:30:00 +0100,Shopify Payments,22,0,3.95,4.33,25.95,0,18.33333333333334,3.291666666666667,4.325
#31711,2026-07,counted,paid,fulfilled,2026-07-07 22:38:00 +0100,Shopify Payments,181,0,0,30.17,181,0,150.8333333333333,0,30.16666666666667
#31712,2026-07,counted,paid,fulfilled,2026-07-07 22:54:00 +0100,Shopify Payments,45,0,3.95,8.16,48.95,0,37.5,3.291666666666667,8.158333333333335
#31713,2026-07,counted,paid,fulfilled,2026-07-08 07:02:00 +0100,Shopify Payments,24,0,3.95,4.66,27.95,0,20,3.291666666666667,4.658333333333333
#31714,2026-07,counted,partially_refunded,fulfilled,2026-07-08 07:09:00 +0100,Shopify Payments,SUMMER10,14,1.4,3.95,2.76,16.55,4.97,6.358333333333333,3.291666666666667,1.93
#31715,2026-07,counted,paid,fulfilled,2026-07-08 07:13:00 +0100,Shopify Payments,140,0,0,23.33,140,0,116.6666666666667,0,23.33333333333334
#31716,2026-07,counted,paid,fulfilled,2026-07-08 07:34:00 +0100,Shopify Payments,SUMMER10,11,1.1,3.95,2.31,13.85,0,8.25,3.291666666666667,2.308333333333334
#31717,2026-07,counted,paid,fulfilled,2026-07-08 07:50:00 +0100,Shopify Payments,49.5,0,3.95,8.91,53.45,0,41.25,3.291666666666667,8.908333333333335
#31718,2026-07,counted,paid,fulfilled,2026-07-08 08:10:00 +0100,Shopify Payments,180,0,0,30,180,0,150,0,30
#31719,2026-07,counted,paid,fulfilled,2026-07-08 08:15:00 +0100,Shopify Payments,45,0,3.95,8.16,48.95,0,37.5,3.291666666666667,8.158333333333335
#31720,2026-07,counted,paid,fulfilled,2026-07-08 08:17:00 +0100,Shopify Payments,11,0,3.95,2.49,14.95,0,9.166666666666668,3.291666666666667,2.491666666666667
#31721,2026-07,counted,paid,fulfilled,2026-07-08 09:14:00 +0100,Shopify Payments,WELCOME5,108,5,0,17.17,103,0,85.83333333333334,0,17.16666666666667
#31722,2026-07,counted,paid,fulfilled,2026-07-08 09:36:00 +0100,Shopify Payments,WELCOME5,129,5,0,20.67,124,0,103.3333333333333,0,20.66666666666667
#31723,2026-07,counted,paid,fulfilled,2026-07-08 09:51:00 +0100,Shopify Payments,19,0,3.95,3.83,22.95,0,15.83333333333333,3.291666666666667,3.825
#31724,2026-07,counted,paid,fulfilled,2026-07-08 09:53:00 +0100,PayPal Express Checkout,85,0,0,14.17,85,0,70.83333333333334,0,14.16666666666667
#31725,2026-07,counted,paid,fulfilled,2026-07-08 09:58:00 +0100,Shopify Payments,90,0,0,15,90,0,75,0,15
#31726,2026-07,counted,partially_refunded,fulfilled,2026-07-08 10:04:00 +0100,Shopify Payments,37.5,0,3.95,6.91,41.45,20.73,13.975,3.291666666666667,3.453333333333334
#31727,2026-07,counted,paid,fulfilled,2026-07-08 10:20:00 +0100,Shopify Payments,92,0,0,15.33,92,0,76.66666666666667,0,15.33333333333334
#31728,2026-07,counted,paid,fulfilled,2026-07-08 10:35:00 +0100,Shopify Payments,52,0,0,8.67,52,0,43.33333333333334,0,8.666666666666668
#31729,2026-07,counted,paid,fulfilled,2026-07-08 11:09:00 +0100,Shopify Payments,11,0,3.95,2.49,14.95,0,9.166666666666668,3.291666666666667,2.491666666666667
#31730,2026-07,counted,paid,fulfilled,2026-07-08 11:21:00 +0100,Shopify Payments,86,0,0,14.33,86,0,71.66666666666667,0,14.33333333333333
#31731,2026-07,counted,paid,fulfilled,2026-07-08 11:57:00 +0100,Shopify Payments,230,0,0,38.33,230,0,191.6666666666667,0,38.33333333333334
#31732,2026-07,counted,paid,fulfilled,2026-07-08 12:16:00 +0100,PayPal Express Checkout,30,0,3.95,5.66,33.95,0,25,3.291666666666667,5.658333333333334
#31733,2026-07,counted,paid,fulfilled,2026-07-08 12:28:00 +0100,Shopify Payments,52,0,0,8.67,52,0,43.33333333333334,0,8.666666666666668
#31734,2026-07,counted,paid,fulfilled,2026-07-08 12:30:00 +0100,Shopify Payments,7.5,0,3.95,1.91,11.45,0,6.25,3.291666666666667,1.908333333333333
#31735,2026-07,counted,paid,fulfilled,2026-07-08 12:47:00 +0100,Shopify Payments,76,0,0,12.67,76,0,63.33333333333334,0,12.66666666666667
#31736,2026-07,counted,paid,fulfilled,2026-07-08 12:49:00 +0100,"Gift card, Shopify Payments",26,0,3.95,4.99,29.95,0,21.66666666666667,3.291666666666667,4.991666666666667
#31737,2026-07,counted,paid,fulfilled,2026-07-08 13:11:00 +0100,Shopify Payments,21,0,3.95,4.16,24.95,0,17.5,3.291666666666667,4.158333333333334
#31738,2026-07,counted,paid,fulfilled,2026-07-08 13:26:00 +0100,Shopify Payments,115,0,0,19.17,115,0,95.83333333333334,0,19.16666666666667
#31739,2026-07,counted,paid,fulfilled,2026-07-08 13:40:00 +0100,Shopify Payments,24,0,3.95,4.66,27.95,0,20,3.291666666666667,4.658333333333333
#31740,2026-07,counted,paid,fulfilled,2026-07-08 14:09:00 +0100,Shopify Payments,15,0,3.95,3.16,18.95,0,12.5,3.291666666666667,3.158333333333334
#31741,2026-07,counted,paid,fulfilled,2026-07-08 15:33:00 +0100,Shopify Payments,153,0,0,25.5,153,0,127.5,0,25.5
#31742,2026-07,counted,paid,fulfilled,2026-07-08 15:57:00 +0100,Shopify Payments,58,0,0,9.67,58,0,48.33333333333334,0,9.666666666666668
#31743,2026-07,counted,paid,fulfilled,2026-07-08 15:58:00 +0100,Shopify Payments,9,0,3.95,2.16,12.95,0,7.5,3.291666666666667,2.158333333333333
#31744,2026-07,counted,paid,fulfilled,2026-07-08 16:08:00 +0100,Shopify Payments,198,0,0,33,198,0,165,0,33
#31745,2026-07,counted,paid,fulfilled,2026-07-08 16:16:00 +0100,PayPal Express Checkout,15,0,3.95,3.16,18.95,0,12.5,3.291666666666667,3.158333333333334
#31746,2026-07,counted,paid,fulfilled,2026-07-08 16:17:00 +0100,"Gift card, Shopify Payments",90,0,0,15,90,0,75,0,15
#31747,2026-07,counted,paid,fulfilled,2026-07-08 17:04:00 +0100,Shopify Payments,16,0,3.95,3.33,19.95,0,13.33333333333333,3.291666666666667,3.325
#31748,2026-07,counted,paid,fulfilled,2026-07-08 17:19:00 +0100,PayPal Express Checkout,WELCOME5,33,5,3.95,5.33,31.95,0,23.33333333333334,3.291666666666667,5.325000000000001
#31749,2026-07,counted,paid,fulfilled,2026-07-08 17:43:00 +0100,Shopify Payments,45,0,3.95,8.16,48.95,0,37.5,3.291666666666667,8.158333333333335
#31750,2026-07,unshipped,refunded,unfulfilled,2026-07-08 17:49:00 +0100,Shopify Payments,72,0,0,12,72,72,0,0,0
#31751,2026-07,counted,paid,fulfilled,2026-07-08 17:54:00 +0100,Shopify Payments,SUMMER10,109,10.9,0,16.35,98.09999999999999,0,81.75,0,16.35
#31752,2026-07,counted,paid,fulfilled,2026-07-08 18:40:00 +0100,Shopify Payments,80,0,0,13.33,80,0,66.66666666666667,0,13.33333333333333
#31753,2026-07,counted,paid,fulfilled,2026-07-08 19:15:00 +0100,Shopify Payments,50,0,0,8.33,50,0,41.66666666666667,0,8.333333333333334
#31754,2026-07,counted,paid,fulfilled,2026-07-08 19:25:00 +0100,Shopify Payments,136,0,0,22.67,136,0,113.3333333333333,0,22.66666666666667
#31755,2026-07,counted,paid,fulfilled,2026-07-08 19:42:00 +0100,Shopify Payments,11,0,3.95,2.49,14.95,0,9.166666666666668,3.291666666666667,2.491666666666667
#31756,2026-07,counted,paid,fulfilled,2026-07-08 20:09:00 +0100,Shopify Payments,24,0,3.95,4.66,27.95,0,20,3.291666666666667,4.658333333333333
#31757,2026-07,counted,paid,fulfilled,2026-07-08 20:15:00 +0100,Shopify Payments,15,0,3.95,3.16,18.95,0,12.5,3.291666666666667,3.158333333333334
#31758,2026-07,counted,paid,fulfilled,2026-07-08 20:59:00 +0100,Shopify Payments,91,0,0,15.17,91,0,75.83333333333334,0,15.16666666666667
#31759,2026-07,counted,paid,fulfilled,2026-07-08 21:12:00 +0100,Shopify Payments,22,0,3.95,4.33,25.95,0,18.33333333333334,3.291666666666667,4.325
#31760,2026-07,counted,paid,fulfilled,2026-07-08 21:28:00 +0100,Shopify Payments,12,0,3.95,2.66,15.95,0,10,3.291666666666667,2.658333333333333
#31761,2026-07,counted,paid,fulfilled,2026-07-08 21:36:00 +0100,Shopify Payments,SUMMER10,30,3,3.95,5.16,30.95,0,22.5,3.291666666666667,5.158333333333334
#31762,2026-07,counted,paid,fulfilled,2026-07-08 21:41:00 +0100,PayPal Express Checkout,61,0,0,10.17,61,0,50.83333333333334,0,10.16666666666667
#31763,2026-07,counted,paid,fulfilled,2026-07-08 21:52:00 +0100,Shopify Payments,42,0,3.95,7.66,45.95,0,35,3.291666666666667,7.658333333333335
#31764,2026-07,counted,paid,fulfilled,2026-07-09 07:22:00 +0100,"Gift card, Shopify Payments",44,0,3.95,7.99,47.95,0,36.66666666666667,3.291666666666667,7.991666666666668
#31765,2026-07,counted,paid,fulfilled,2026-07-09 08:11:00 +0100,Shopify Payments,22,0,3.95,4.33,25.95,0,18.33333333333334,3.291666666666667,4.325
#31766,2026-07,counted,paid,fulfilled,2026-07-09 08:59:00 +0100,Shopify Payments,86,0,0,14.33,86,0,71.66666666666667,0,14.33333333333333
#31767,2026-07,counted,paid,fulfilled,2026-07-09 09:23:00 +0100,Shopify Payments,SUMMER10,73,7.3,0,10.95,65.7,0,54.75000000000001,0,10.95
#31768,2026-07,counted,paid,fulfilled,2026-07-09 10:11:00 +0100,Shopify Payments,38,0,3.95,6.99,41.95,0,31.66666666666667,3.291666666666667,6.991666666666667
#31769,2026-07,counted,paid,fulfilled,2026-07-09 10:45:00 +0100,Shopify Payments,83,0,0,13.83,83,0,69.16666666666667,0,13.83333333333334
#31770,2026-07,counted,paid,fulfilled,2026-07-09 10:47:00 +0100,Shopify Payments,48,0,3.95,8.66,51.95,0,40,3.291666666666667,8.658333333333335
#31771,2026-07,counted,paid,fulfilled,2026-07-09 11:11:00 +0100,Shopify Payments,139,0,0,23.17,139,0,115.8333333333333,0,23.16666666666667
#31772,2026-07,counted,paid,fulfilled,2026-07-09 11:30:00 +0100,Shopify Payments,30,0,3.95,5.66,33.95,0,25,3.291666666666667,5.658333333333334
#31773,2026-07,counted,paid,fulfilled,2026-07-09 12:32:00 +0100,Shopify Payments,108,0,0,18,108,0,90,0,18
#31774,2026-07,counted,paid,fulfilled,2026-07-09 12:40:00 +0100,Shopify Payments,28,0,3.95,5.33,31.95,0,23.33333333333334,3.291666666666667,5.325000000000001
#31775,2026-07,counted,paid,fulfilled,2026-07-09 13:08:00 +0100,Shopify Payments,WELCOME5,97.5,5,0,15.42,92.5,0,77.08333333333334,0,15.41666666666667
#31776,2026-07,counted,paid,fulfilled,2026-07-09 13:11:00 +0100,Shopify Payments,54,0,0,9,54,0,45,0,9.000000000000002
#31777,2026-07,counted,paid,fulfilled,2026-07-09 13:19:00 +0100,Shopify Payments,SUMMER10,84,8.4,0,12.6,75.59999999999999,0,63,0,12.6
#31778,2026-07,counted,paid,fulfilled,2026-07-09 13:56:00 +0100,Shopify Payments,17,0,3.95,3.49,20.95,0,14.16666666666667,3.291666666666667,3.491666666666667
#31779,2026-07,counted,paid,fulfilled,2026-07-09 13:57:00 +0100,PayPal Express Checkout,43,0,3.95,7.83,46.95,0,35.83333333333334,3.291666666666667,7.825000000000001
#31780,2026-07,counted,paid,fulfilled,2026-07-09 14:26:00 +0100,Shopify Payments,22,0,3.95,4.33,25.95,0,18.33333333333334,3.291666666666667,4.325
#31781,2026-07,counted,paid,fulfilled,2026-07-09 14:43:00 +0100,Shopify Payments,57,0,0,9.5,57,0,47.5,0,9.5
#31782,2026-07,counted,paid,fulfilled,2026-07-09 14:57:00 +0100,Shopify Payments,57,0,0,9.5,57,0,47.5,0,9.5
#31783,2026-07,counted,paid,fulfilled,2026-07-09 15:34:00 +0100,Shopify Payments,21,0,3.95,4.16,24.95,0,17.5,3.291666666666667,4.158333333333334
#31784,2026-07,counted,paid,fulfilled,2026-07-09 17:00:00 +0100,Shopify Payments,48,0,3.95,8.66,51.95,0,40,3.291666666666667,8.658333333333335
#31785,2026-07,counted,paid,fulfilled,2026-07-09 17:07:00 +0100,Shopify Payments,132,0,0,22,132,0,110,0,22
#31786,2026-07,counted,paid,fulfilled,2026-07-09 17:17:00 +0100,Shopify Payments,44.5,0,3.95,8.08,48.45,0,37.08333333333334,3.291666666666667,8.075000000000001
#31787,2026-07,counted,paid,fulfilled,2026-07-09 17:24:00 +0100,Shopify Payments,57,0,0,9.5,57,0,47.5,0,9.5
#31788,2026-07,unshipped,refunded,unfulfilled,2026-07-09 18:22:00 +0100,Shopify Payments,26,0,3.95,4.99,29.95,29.95,0,8.881784197001252e-16,1.480297366166876e-16
#31789,2026-07,counted,paid,fulfilled,2026-07-09 18:30:00 +0100,Shopify Payments,150,0,0,25,150,0,125,0,25
#31790,2026-07,counted,paid,fulfilled,2026-07-09 18:53:00 +0100,PayPal Express Checkout,96,0,0,16,96,0,80,0,16
#31791,2026-07,counted,paid,fulfilled,2026-07-09 19:11:00 +0100,Shopify Payments,78,0,0,13,78,0,65,0,13
#31792,2026-07,counted,refunded,fulfilled,2026-07-09 20:05:00 +0100,Shopify Payments,SUMMER10,93,9.300000000000001,0,13.95,83.7,83.7,0,0,0
#31793,2026-07,counted,paid,fulfilled,2026-07-09 20:06:00 +0100,Shopify Payments,112,0,0,18.67,112,0,93.33333333333334,0,18.66666666666667
#31794,2026-07,counted,paid,fulfilled,2026-07-09 20:12:00 +0100,Shopify Payments,94,0,0,15.67,94,0,78.33333333333334,0,15.66666666666667
#31795,2026-07,counted,paid,fulfilled,2026-07-09 20:13:00 +0100,Shopify Payments,69.59999999999999,0,0,11.6,69.59999999999999,0,58,0,11.6
#31796,2026-07,counted,paid,fulfilled,2026-07-09 20:44:00 +0100,Shopify Payments,9,0,3.95,2.16,12.95,0,7.5,3.291666666666667,2.158333333333333
#31797,2026-07,counted,paid,fulfilled,2026-07-09 21:01:00 +0100,Shopify Payments,33.5,0,3.95,6.24,37.45,0,27.91666666666667,3.291666666666667,6.241666666666668
#31798,2026-07,counted,paid,fulfilled,2026-07-09 21:10:00 +0100,Shopify Payments,32,0,3.95,5.99,35.95,0,26.66666666666667,3.291666666666667,5.991666666666668
#31799,2026-07,counted,paid,fulfilled,2026-07-09 21:37:00 +0100,Shopify Payments,278,0,0,46.33,278,0,231.6666666666667,0,46.33333333333334
#31800,2026-07,counted,refunded,fulfilled,2026-07-09 22:21:00 +0100,Shopify Payments,17,0,3.95,3.49,20.95,20.95,0,8.881784197001252e-16,1.480297366166876e-16
#31801,2026-07,counted,paid,fulfilled,2026-07-09 22:23:00 +0100,Shopify Payments,72,0,0,12,72,0,60,0,12
#31802,2026-07,counted,paid,fulfilled,2026-07-10 07:03:00 +0100,Shopify Payments,196,0,0,32.67,196,0,163.3333333333333,0,32.66666666666667
#31803,2026-07,counted,paid,fulfilled,2026-07-10 08:05:00 +0100,Shopify Payments,17,0,3.95,3.49,20.95,0,14.16666666666667,3.291666666666667,3.491666666666667
#31804,2026-07,counted,paid,fulfilled,2026-07-10 08:12:00 +0100,Shopify Payments,90,0,0,15,90,0,75,0,15
#31805,2026-07,counted,paid,fulfilled,2026-07-10 08:13:00 +0100,Shopify Payments,82,0,0,13.67,82,0,68.33333333333334,0,13.66666666666667
#31806,2026-07,counted,paid,fulfilled,2026-07-10 08:38:00 +0100,Shopify Payments,43,0,3.95,7.83,46.95,0,35.83333333333334,3.291666666666667,7.825000000000001
#31807,2026-07,counted,paid,fulfilled,2026-07-10 08:46:00 +0100,Shopify Payments,108,0,0,18,108,0,90,0,18
#31808,2026-07,counted,paid,fulfilled,2026-07-10 09:32:00 +0100,Shopify Payments,66,0,0,11,66,0,55,0,11
#31809,2026-07,counted,paid,fulfilled,2026-07-10 09:41:00 +0100,Shopify Payments,72,0,0,12,72,0,60,0,12
#31810,2026-07,counted,paid,fulfilled,2026-07-10 09:51:00 +0100,Shopify Payments,69,0,0,11.5,69,0,57.5,0,11.5
#31811,2026-07,counted,refunded,fulfilled,2026-07-10 10:31:00 +0100,Shopify Payments,37,0,3.95,6.83,40.95,40.95,0,-2.220446049250313e-15,-4.440892098500627e-16
#31812,2026-07,counted,paid,fulfilled,2026-07-10 10:32:00 +0100,Shopify Payments,222,0,0,37,222,0,185,0,37.00000000000001
#31813,2026-07,counted,paid,fulfilled,2026-07-10 10:54:00 +0100,PayPal Express Checkout,SUMMER10,20,2,3.95,3.66,21.95,0,15,3.291666666666667,3.658333333333333
#31814,2026-07,counted,paid,fulfilled,2026-07-10 11:03:00 +0100,Shopify Payments,76,0,0,12.67,76,0,63.33333333333334,0,12.66666666666667
#31815,2026-07,counted,paid,fulfilled,2026-07-10 11:07:00 +0100,Shopify Payments,84,0,0,14,84,0,70,0,14
#31816,2026-07,counted,paid,fulfilled,2026-07-10 11:08:00 +0100,Shopify Payments,59,0,0,9.83,59,0,49.16666666666667,0,9.833333333333334
#31817,2026-07,counted,paid,fulfilled,2026-07-10 11:52:00 +0100,Shopify Payments,38,0,3.95,6.99,41.95,0,31.66666666666667,3.291666666666667,6.991666666666667
#31818,2026-07,counted,partially_refunded,fulfilled,2026-07-10 12:29:00 +0100,Shopify Payments,96,0,0,16,96,28.8,56,0,11.2
#31819,2026-07,counted,paid,fulfilled,2026-07-10 12:36:00 +0100,Shopify Payments,104,0,0,17.33,104,0,86.66666666666667,0,17.33333333333334
#31820,2026-07,counted,paid,fulfilled,2026-07-10 12:59:00 +0100,Shopify Payments,182,0,0,30.33,182,0,151.6666666666667,0,30.33333333333333
#31821,2026-07,counted,paid,fulfilled,2026-07-10 13:18:00 +0100,Shopify Payments,30,0,3.95,5.66,33.95,0,25,3.291666666666667,5.658333333333334
#31822,2026-07,counted,paid,fulfilled,2026-07-10 13:19:00 +0100,Shopify Payments,32,0,3.95,5.99,35.95,0,26.66666666666667,3.291666666666667,5.991666666666668
#31823,2026-07,counted,paid,fulfilled,2026-07-10 13:26:00 +0100,Shopify Payments,WELCOME5,109.5,5,0,17.42,104.5,0,87.08333333333334,0,17.41666666666667
#31824,2026-07,counted,paid,fulfilled,2026-07-10 13:41:00 +0100,Shopify Payments,88,0,0,14.67,88,0,73.33333333333334,0,14.66666666666667
#31825,2026-07,counted,paid,fulfilled,2026-07-10 13:44:00 +0100,Shopify Payments,48,0,3.95,8.66,51.95,0,40,3.291666666666667,8.658333333333335
#31826,2026-07,counted,paid,fulfilled,2026-07-10 13:57:00 +0100,Shopify Payments,62,0,0,10.33,62,0,51.66666666666667,0,10.33333333333333
#31827,2026-07,counted,paid,fulfilled,2026-07-10 14:04:00 +0100,Shopify Payments,54,0,0,9,54,0,45,0,9.000000000000002
#31828,2026-07,counted,paid,fulfilled,2026-07-10 14:44:00 +0100,Shopify Payments,51,0,0,8.5,51,0,42.5,0,8.500000000000002
#31829,2026-07,counted,paid,fulfilled,2026-07-10 15:49:00 +0100,Shopify Payments,WELCOME5,30,5,3.95,4.83,28.95,0,20.83333333333334,3.291666666666667,4.825
#31830,2026-07,counted,paid,fulfilled,2026-07-10 16:12:00 +0100,Shopify Payments,38,0,3.95,6.99,41.95,0,31.66666666666667,3.291666666666667,6.991666666666667
#31831,2026-07,counted,paid,fulfilled,2026-07-10 16:45:00 +0100,Shopify Payments,69,0,0,11.5,69,0,57.5,0,11.5
#31832,2026-07,counted,paid,fulfilled,2026-07-10 16:51:00 +0100,Shopify Payments,149,0,0,24.83,149,0,124.1666666666667,0,24.83333333333334
#31833,2026-07,counted,paid,fulfilled,2026-07-10 17:00:00 +0100,Shopify Payments,6,0,3.95,1.66,9.949999999999999,0,5,3.291666666666667,1.658333333333333
#31834,2026-07,counted,paid,fulfilled,2026-07-10 17:04:00 +0100,Shopify Payments,65,0,0,10.83,65,0,54.16666666666667,0,10.83333333333333
#31835,2026-07,counted,paid,fulfilled,2026-07-10 17:13:00 +0100,Shopify Payments,103.5,0,0,17.25,103.5,0,86.25,0,17.25
#31836,2026-07,counted,paid,fulfilled,2026-07-10 17:19:00 +0100,Shopify Payments,18,0,3.95,3.66,21.95,0,15,3.291666666666667,3.658333333333333
#31837,2026-07,counted,refunded,fulfilled,2026-07-10 17:37:00 +0100,Gift card,45,0,3.95,8.16,48.95,48.95,0,-2.220446049250313e-15,-4.440892098500627e-16
#31838,2026-07,counted,paid,fulfilled,2026-07-10 17:37:00 +0100,Shopify Payments,68,0,0,11.33,68,0,56.66666666666667,0,11.33333333333334
#31839,2026-07,counted,paid,fulfilled,2026-07-10 18:04:00 +0100,Shopify Payments,28.5,0,3.95,5.41,32.45,0,23.75,3.291666666666667,5.408333333333334
#31840,2026-07,counted,paid,fulfilled,2026-07-10 18:11:00 +0100,Shopify Payments,50,0,0,8.33,50,0,41.66666666666667,0,8.333333333333334
#31841,2026-07,counted,paid,fulfilled,2026-07-10 18:18:00 +0100,Shopify Payments,123,0,0,20.5,123,0,102.5,0,20.5
#31842,2026-07,counted,paid,fulfilled,2026-07-10 18:30:00 +0100,Shopify Payments,30,0,3.95,5.66,33.95,0,25,3.291666666666667,5.658333333333334
#31843,2026-07,counted,paid,fulfilled,2026-07-10 19:16:00 +0100,PayPal Express Checkout,154,0,0,25.67,154,0,128.3333333333333,0,25.66666666666667
#31844,2026-07,counted,paid,fulfilled,2026-07-10 19:27:00 +0100,Shopify Payments,SUMMER10,75,7.5,0,11.25,67.5,0,56.25,0,11.25
#31845,2026-07,counted,paid,fulfilled,2026-07-10 19:42:00 +0100,Shopify Payments,12,0,3.95,2.66,15.95,0,10,3.291666666666667,2.658333333333333
#31846,2026-07,counted,paid,fulfilled,2026-07-10 20:26:00 +0100,Shopify Payments,WELCOME5,26,5,3.95,4.16,24.95,0,17.5,3.291666666666667,4.158333333333334
#31847,2026-07,counted,paid,fulfilled,2026-07-10 20:38:00 +0100,Shopify Payments,53,0,0,8.83,53,0,44.16666666666667,0,8.833333333333336
#31848,2026-07,counted,paid,fulfilled,2026-07-10 20:47:00 +0100,Shopify Payments,34,0,3.95,6.33,37.95,0,28.33333333333334,3.291666666666667,6.325000000000001
#31849,2026-07,counted,paid,fulfilled,2026-07-10 20:59:00 +0100,Shopify Payments,24,0,3.95,4.66,27.95,0,20,3.291666666666667,4.658333333333333
#31850,2026-07,counted,partially_refunded,fulfilled,2026-07-10 21:21:00 +0100,Shopify Payments,SUMMER10,197,19.7,0,29.55,177.3,35.46,118.2,0,23.64
#31851,2026-07,counted,paid,fulfilled,2026-07-10 21:33:00 +0100,Shopify Payments,45,0,3.95,8.16,48.95,0,37.5,3.291666666666667,8.158333333333335
#31852,2026-07,counted,paid,fulfilled,2026-07-10 22:08:00 +0100,Shopify Payments,77,0,0,12.83,77,0,64.16666666666667,0,12.83333333333333
#31853,2026-07,counted,paid,fulfilled,2026-07-10 22:13:00 +0100,Shopify Payments,58,0,0,9.67,58,0,48.33333333333334,0,9.666666666666668
#31854,2026-07,counted,paid,fulfilled,2026-07-10 22:28:00 +0100,Shopify Payments,108.5,0,0,18.08,108.5,0,90.41666666666667,0,18.08333333333334
#31855,2026-07,counted,paid,fulfilled,2026-07-10 22:34:00 +0100,Shopify Payments,41,0,3.95,7.49,44.95,0,34.16666666666667,3.291666666666667,7.491666666666667
#31856,2026-07,counted,paid,fulfilled,2026-07-10 22:43:00 +0100,Shopify Payments,30,0,3.95,5.66,33.95,0,25,3.291666666666667,5.658333333333334
#31857,2026-07,counted,paid,fulfilled,2026-07-10 22:56:00 +0100,Shopify Payments,169,0,0,28.17,169,0,140.8333333333333,0,28.16666666666667
#31858,2026-07,counted,paid,fulfilled,2026-07-10 22:58:00 +0100,"Gift card, Shopify Payments",21,0,3.95,4.16,24.95,0,17.5,3.291666666666667,4.158333333333334
#31859,2026-07,counted,paid,fulfilled,2026-07-11 07:14:00 +0100,Shopify Payments,59,0,0,9.83,59,0,49.16666666666667,0,9.833333333333334
#31860,2026-07,counted,paid,fulfilled,2026-07-11 07:23:00 +0100,Shopify Payments,20,0,3.95,3.99,23.95,0,16.66666666666667,3.291666666666667,3.991666666666667
#31861,2026-07,counted,paid,fulfilled,2026-07-11 07:34:00 +0100,PayPal Express Checkout,102,0,0,17,102,0,85,0,17
#31862,2026-07,counted,paid,fulfilled,2026-07-11 09:02:00 +0100,Shopify Payments,46,0,3.95,8.33,49.95,0,38.33333333333334,3.291666666666667,8.325000000000003
#31863,2026-07,counted,partially_refunded,fulfilled,2026-07-11 09:15:00 +0100,Shopify Payments,18,0,3.95,3.66,21.95,6.59,9.508333333333333,3.291666666666667,2.56
#31864,2026-07,counted,paid,fulfilled,2026-07-11 09:28:00 +0100,Shopify Payments,SUMMER10,44,4.4,3.95,7.26,43.55,0,33,3.291666666666667,7.258333333333335
#31865,2026-07,counted,paid,fulfilled,2026-07-11 09:50:00 +0100,Shopify Payments,19,0,3.95,3.83,22.95,0,15.83333333333333,3.291666666666667,3.825
#31866,2026-07,counted,paid,fulfilled,2026-07-11 10:19:00 +0100,Shopify Payments,185,0,0,30.83,185,0,154.1666666666667,0,30.83333333333334
#31867,2026-07,counted,paid,fulfilled,2026-07-11 10:43:00 +0100,Shopify Payments,21,0,3.95,4.16,24.95,0,17.5,3.291666666666667,4.158333333333334
#31868,2026-07,counted,paid,fulfilled,2026-07-11 10:49:00 +0100,PayPal Express Checkout,48,0,3.95,8.66,51.95,0,40,3.291666666666667,8.658333333333335
#31869,2026-07,counted,paid,fulfilled,2026-07-11 10:55:00 +0100,Shopify Payments,76.5,0,0,12.75,76.5,0,63.75,0,12.75
#31870,2026-07,counted,paid,fulfilled,2026-07-11 10:55:00 +0100,Shopify Payments,70,0,0,11.67,70,0,58.33333333333334,0,11.66666666666667
#31871,2026-07,counted,paid,fulfilled,2026-07-11 11:14:00 +0100,Shopify Payments,14,0,3.95,2.99,17.95,0,11.66666666666667,3.291666666666667,2.991666666666667
#31872,2026-07,counted,paid,fulfilled,2026-07-11 11:19:00 +0100,Shopify Payments,100,0,0,16.67,100,0,83.33333333333334,0,16.66666666666667
#31873,2026-07,counted,paid,fulfilled,2026-07-11 11:44:00 +0100,Shopify Payments,SUMMER10,53,5.3,3.95,8.609999999999999,51.65,0,39.75000000000001,3.291666666666667,8.608333333333336
#31874,2026-07,counted,paid,fulfilled,2026-07-11 11:57:00 +0100,Shopify Payments,24,0,3.95,4.66,27.95,0,20,3.291666666666667,4.658333333333333
#31875,2026-07,counted,paid,fulfilled,2026-07-11 12:06:00 +0100,Shopify Payments,19,0,3.95,3.83,22.95,0,15.83333333333333,3.291666666666667,3.825
#31876,2026-07,counted,paid,fulfilled,2026-07-11 12:21:00 +0100,Shopify Payments,12,0,3.95,2.66,15.95,0,10,3.291666666666667,2.658333333333333
#31877,2026-07,counted,paid,fulfilled,2026-07-11 12:26:00 +0100,Shopify Payments,45,0,3.95,8.16,48.95,0,37.5,3.291666666666667,8.158333333333335
#31878,2026-07,counted,paid,fulfilled,2026-07-11 12:46:00 +0100,Shopify Payments,34,0,3.95,6.33,37.95,0,28.33333333333334,3.291666666666667,6.325000000000001
#31879,2026-07,counted,paid,fulfilled,2026-07-11 13:19:00 +0100,Shopify Payments,SUMMER10,17,1.7,3.95,3.21,19.25,0,12.75,3.291666666666667,3.208333333333333
#31880,2026-07,counted,paid,fulfilled,2026-07-11 14:00:00 +0100,Gift card,49,0,3.95,8.83,52.95,0,40.83333333333334,3.291666666666667,8.825000000000001
#31881,2026-07,counted,paid,fulfilled,2026-07-11 14:01:00 +0100,Shopify Payments,SUMMER10,146,14.6,0,21.9,131.4,0,109.5,0,21.9
#31882,2026-07,counted,paid,fulfilled,2026-07-11 14:06:00 +0100,Shopify Payments,98,0,0,16.33,98,0,81.66666666666667,0,16.33333333333334
#31883,2026-07,counted,partially_refunded,fulfilled,2026-07-11 14:26:00 +0100,Gift card,36,0,3.95,6.66,39.95,19.98,13.35,3.291666666666667,3.328333333333333
#31884,2026-07,counted,refunded,fulfilled,2026-07-11 14:53:00 +0100,PayPal Express Checkout,65,0,0,10.83,65,65,0,0,0
#31885,2026-07,counted,paid,fulfilled,2026-07-11 14:58:00 +0100,Shopify Payments,83,0,0,13.83,83,0,69.16666666666667,0,13.83333333333334
#31886,2026-07,counted,paid,fulfilled,2026-07-11 15:04:00 +0100,Shopify Payments,96,0,0,16,96,0,80,0,16
#31887,2026-07,counted,paid,fulfilled,2026-07-11 15:05:00 +0100,Shopify Payments,34,0,3.95,6.33,37.95,0,28.33333333333334,3.291666666666667,6.325000000000001
#31888,2026-07,counted,paid,fulfilled,2026-07-11 15:20:00 +0100,Shopify Payments,78,0,0,13,78,0,65,0,13
#31889,2026-07,counted,paid,fulfilled,2026-07-11 15:50:00 +0100,Shopify Payments,103,0,0,17.17,103,0,85.83333333333334,0,17.16666666666667
#31890,2026-07,counted,paid,fulfilled,2026-07-11 16:03:00 +0100,Shopify Payments,159,0,0,26.5,159,0,132.5,0,26.5
#31891,2026-07,counted,paid,fulfilled,2026-07-11 16:06:00 +0100,Shopify Payments,243,0,0,40.5,243,0,202.5,0,40.5
#31892,2026-07,counted,paid,fulfilled,2026-07-11 16:25:00 +0100,Shopify Payments,88,0,0,14.67,88,0,73.33333333333334,0,14.66666666666667
#31893,2026-07,counted,paid,fulfilled,2026-07-11 16:34:00 +0100,Shopify Payments,132,0,0,22,132,0,110,0,22
#31894,2026-07,counted,paid,fulfilled,2026-07-11 17:05:00 +0100,Shopify Payments,45,0,3.95,8.16,48.95,0,37.5,3.291666666666667,8.158333333333335
#31895,2026-07,counted,paid,fulfilled,2026-07-11 17:07:00 +0100,Shopify Payments,SUMMER10,120,12,0,18,108,0,90,0,18
#31896,2026-07,counted,paid,fulfilled,2026-07-11 17:29:00 +0100,Shopify Payments,58,0,0,9.67,58,0,48.33333333333334,0,9.666666666666668
#31897,2026-07,counted,paid,fulfilled,2026-07-11 18:42:00 +0100,Shopify Payments,31,0,3.95,5.83,34.95,0,25.83333333333334,3.291666666666667,5.825000000000001
#31898,2026-07,counted,paid,fulfilled,2026-07-11 19:10:00 +0100,"Gift card, Shopify Payments",173,0,0,28.83,173,0,144.1666666666667,0,28.83333333333334
#31899,2026-07,counted,paid,fulfilled,2026-07-11 19:47:00 +0100,Shopify Payments,22,0,3.95,4.33,25.95,0,18.33333333333334,3.291666666666667,4.325
#31900,2026-07,counted,paid,fulfilled,2026-07-11 20:10:00 +0100,Shopify Payments,34,0,3.95,6.33,37.95,0,28.33333333333334,3.291666666666667,6.325000000000001
#31901,2026-07,counted,paid,fulfilled,2026-07-11 20:52:00 +0100,Shopify Payments,16,0,3.95,3.33,19.95,0,13.33333333333333,3.291666666666667,3.325
#31902,2026-07,counted,paid,fulfilled,2026-07-11 21:03:00 +0100,Shopify Payments,111,0,0,18.5,111,0,92.5,0,18.5
#31903,2026-07,counted,paid,fulfilled,2026-07-11 21:25:00 +0100,Shopify Payments,79,0,0,13.17,79,0,65.83333333333334,0,13.16666666666667
#31904,2026-07,counted,paid,fulfilled,2026-07-11 22:04:00 +0100,"Gift card, Shopify Payments",101,0,0,16.83,101,0,84.16666666666667,0,16.83333333333334
#31905,2026-07,counted,paid,fulfilled,2026-07-11 22:13:00 +0100,Shopify Payments,36,0,3.95,6.66,39.95,0,30,3.291666666666667,6.658333333333334
#31906,2026-07,counted,paid,fulfilled,2026-07-11 22:38:00 +0100,Shopify Payments,27,0,3.95,5.16,30.95,0,22.5,3.291666666666667,5.158333333333334
#31907,2026-07,counted,partially_refunded,fulfilled,2026-07-11 22:43:00 +0100,Shopify Payments,112.5,0,0,18.75,112.5,56.25,46.875,0,9.375
#31908,2026-07,counted,paid,fulfilled,2026-07-11 22:54:00 +0100,Shopify Payments,SUMMER10,49,4.9,3.95,8.01,48.05,0,36.75,3.291666666666667,8.008333333333335
#31909,2026-07,counted,paid,fulfilled,2026-07-11 22:56:00 +0100,Shopify Payments,41.7,0,3.95,7.61,45.65,0,34.75000000000001,3.291666666666667,7.608333333333334
#31910,2026-07,counted,paid,fulfilled,2026-07-12 07:06:00 +0100,Shopify Payments,75,0,0,12.5,75,0,62.5,0,12.5
#31911,2026-07,counted,paid,fulfilled,2026-07-12 07:17:00 +0100,Shopify Payments,42,0,3.95,7.66,45.95,0,35,3.291666666666667,7.658333333333335
#31912,2026-07,counted,paid,fulfilled,2026-07-12 07:18:00 +0100,Shopify Payments,45,0,3.95,8.16,48.95,0,37.5,3.291666666666667,8.158333333333335
#31913,2026-07,counted,paid,fulfilled,2026-07-12 07:24:00 +0100,Shopify Payments,11,0,3.95,2.49,14.95,0,9.166666666666668,3.291666666666667,2.491666666666667
#31914,2026-07,counted,paid,fulfilled,2026-07-12 07:25:00 +0100,Shopify Payments,46,0,3.95,8.33,49.95,0,38.33333333333334,3.291666666666667,8.325000000000003
#31915,2026-07,counted,paid,fulfilled,2026-07-12 08:17:00 +0100,Shopify Payments,44,0,3.95,7.99,47.95,0,36.66666666666667,3.291666666666667,7.991666666666668
#31916,2026-07,counted,paid,fulfilled,2026-07-12 08:45:00 +0100,Shopify Payments,116,0,0,19.33,116,0,96.66666666666667,0,19.33333333333334
#31917,2026-07,counted,paid,fulfilled,2026-07-12 09:01:00 +0100,Shopify Payments,79,0,0,13.17,79,0,65.83333333333334,0,13.16666666666667
#31918,2026-07,counted,paid,fulfilled,2026-07-12 09:02:00 +0100,PayPal Express Checkout,90,0,0,15,90,0,75,0,15
#31919,2026-07,counted,paid,fulfilled,2026-07-12 09:03:00 +0100,Shopify Payments,14,0,3.95,2.99,17.95,0,11.66666666666667,3.291666666666667,2.991666666666667
#31920,2026-07,counted,paid,fulfilled,2026-07-12 09:15:00 +0100,Shopify Payments,38,0,3.95,6.99,41.95,0,31.66666666666667,3.291666666666667,6.991666666666667
#31921,2026-07,counted,paid,fulfilled,2026-07-12 09:30:00 +0100,Shopify Payments,61,0,0,10.17,61,0,50.83333333333334,0,10.16666666666667
#31922,2026-07,counted,paid,fulfilled,2026-07-12 09:37:00 +0100,Shopify Payments,20,0,3.95,3.99,23.95,0,16.66666666666667,3.291666666666667,3.991666666666667
#31923,2026-07,counted,paid,fulfilled,2026-07-12 10:52:00 +0100,Shopify Payments,51,0,0,8.5,51,0,42.5,0,8.500000000000002
#31924,2026-07,counted,paid,fulfilled,2026-07-12 11:19:00 +0100,Shopify Payments,22,0,3.95,4.33,25.95,0,18.33333333333334,3.291666666666667,4.325
#31925,2026-07,counted,paid,fulfilled,2026-07-12 11:29:00 +0100,Shopify Payments,36,0,3.95,6.66,39.95,0,30,3.291666666666667,6.658333333333334
#31926,2026-07,counted,paid,fulfilled,2026-07-12 11:52:00 +0100,Shopify Payments,78,0,0,13,78,0,65,0,13
#31927,2026-07,counted,paid,fulfilled,2026-07-12 12:23:00 +0100,PayPal Express Checkout,SUMMER10,63,6.3,0,9.449999999999999,56.7,0,47.25000000000001,0,9.450000000000001
#31928,2026-07,counted,paid,fulfilled,2026-07-12 12:29:00 +0100,Shopify Payments,SUMMER10,158,15.8,0,23.7,142.2,0,118.5,0,23.7
#31929,2026-07,counted,paid,fulfilled,2026-07-12 12:50:00 +0100,PayPal Express Checkout,48,0,3.95,8.66,51.95,0,40,3.291666666666667,8.658333333333335
#31930,2026-07,counted,paid,fulfilled,2026-07-12 13:30:00 +0100,Shopify Payments,32,0,3.95,5.99,35.95,0,26.66666666666667,3.291666666666667,5.991666666666668
#31931,2026-07,counted,paid,fulfilled,2026-07-12 13:34:00 +0100,Shopify Payments,SUMMER10,38,3.8,3.95,6.36,38.15,0,28.5,3.291666666666667,6.358333333333335
#31932,2026-07,counted,paid,fulfilled,2026-07-12 13:54:00 +0100,Shopify Payments,90,0,0,15,90,0,75,0,15
#31933,2026-07,counted,paid,fulfilled,2026-07-12 13:55:00 +0100,Shopify Payments,11,0,3.95,2.49,14.95,0,9.166666666666668,3.291666666666667,2.491666666666667
#31934,2026-07,counted,paid,fulfilled,2026-07-12 14:04:00 +0100,"Gift card, Shopify Payments",22,0,3.95,4.33,25.95,0,18.33333333333334,3.291666666666667,4.325
#31935,2026-07,counted,paid,fulfilled,2026-07-12 14:56:00 +0100,Shopify Payments,46,0,3.95,8.33,49.95,0,38.33333333333334,3.291666666666667,8.325000000000003
#31936,2026-07,counted,paid,fulfilled,2026-07-12 14:56:00 +0100,Shopify Payments,90,0,0,15,90,0,75,0,15
#31937,2026-07,counted,paid,fulfilled,2026-07-12 15:40:00 +0100,Shopify Payments,34.5,0,3.95,6.41,38.45,0,28.75,3.291666666666667,6.408333333333335
#31938,2026-07,counted,paid,fulfilled,2026-07-12 15:51:00 +0100,Shopify Payments,26,0,3.95,4.99,29.95,0,21.66666666666667,3.291666666666667,4.991666666666667
#31939,2026-07,counted,paid,fulfilled,2026-07-12 15:51:00 +0100,PayPal Express Checkout,17,0,3.95,3.49,20.95,0,14.16666666666667,3.291666666666667,3.491666666666667
#31940,2026-07,counted,paid,fulfilled,2026-07-12 16:10:00 +0100,"Gift card, Shopify Payments",30,0,3.95,5.66,33.95,0,25,3.291666666666667,5.658333333333334
#31941,2026-07,counted,paid,fulfilled,2026-07-12 16:58:00 +0100,Shopify Payments,25,0,3.95,4.83,28.95,0,20.83333333333334,3.291666666666667,4.825
#31942,2026-07,counted,paid,fulfilled,2026-07-12 17:50:00 +0100,PayPal Express Checkout,22,0,3.95,4.33,25.95,0,18.33333333333334,3.291666666666667,4.325
#31943,2026-07,counted,paid,fulfilled,2026-07-12 17:51:00 +0100,Shopify Payments,57,0,0,9.5,57,0,47.5,0,9.5
#31944,2026-07,counted,paid,fulfilled,2026-07-12 19:42:00 +0100,Shopify Payments,55,0,0,9.17,55,0,45.83333333333334,0,9.166666666666668
#31945,2026-07,counted,paid,fulfilled,2026-07-12 19:47:00 +0100,PayPal Express Checkout,65,0,0,10.83,65,0,54.16666666666667,0,10.83333333333333
#31946,2026-07,counted,paid,fulfilled,2026-07-12 20:24:00 +0100,Shopify Payments,SUMMER10,52.5,5.25,3.95,8.529999999999999,51.2,0,39.375,3.291666666666667,8.533333333333335
#31947,2026-07,counted,paid,fulfilled,2026-07-12 20:33:00 +0100,Shopify Payments,SUMMER10,90,9,0,13.5,81,0,67.5,0,13.5
#31948,2026-07,counted,paid,fulfilled,2026-07-12 20:38:00 +0100,Shopify Payments,69,0,0,11.5,69,0,57.5,0,11.5
#31949,2026-07,counted,paid,fulfilled,2026-07-12 20:48:00 +0100,Shopify Payments,206,0,0,34.33,206,0,171.6666666666667,0,34.33333333333334
#31950,2026-07,counted,paid,fulfilled,2026-07-12 20:55:00 +0100,Shopify Payments,33,0,3.95,6.16,36.95,0,27.5,3.291666666666667,6.158333333333334
#31951,2026-07,counted,paid,fulfilled,2026-07-12 21:14:00 +0100,PayPal Express Checkout,161.5,0,0,26.92,161.5,0,134.5833333333333,0,26.91666666666667
#31952,2026-07,counted,paid,fulfilled,2026-07-12 21:24:00 +0100,Shopify Payments,111,0,0,18.5,111,0,92.5,0,18.5
#31953,2026-07,counted,paid,fulfilled,2026-07-12 21:26:00 +0100,Shopify Payments,22,0,3.95,4.33,25.95,0,18.33333333333334,3.291666666666667,4.325
#31954,2026-07,counted,paid,fulfilled,2026-07-12 22:00:00 +0100,Shopify Payments,SUMMER10,96,9.6,0,14.4,86.40000000000001,0,72.00000000000001,0,14.4
#31955,2026-07,counted,partially_refunded,fulfilled,2026-07-12 22:09:00 +0100,Shopify Payments,WELCOME5,33.5,5,3.95,5.41,32.45,6.49,18.34166666666667,3.291666666666667,4.326666666666667
#31956,2026-07,counted,paid,fulfilled,2026-07-12 22:14:00 +0100,Shopify Payments,52,0,0,8.67,52,0,43.33333333333334,0,8.666666666666668
#31957,2026-07,counted,paid,fulfilled,2026-07-13 07:44:00 +0100,Gift card,173,0,0,28.83,173,0,144.1666666666667,0,28.83333333333334
#31958,2026-07,counted,paid,fulfilled,2026-07-13 07:44:00 +0100,"Gift card, Shopify Payments",124,0,0,20.67,124,0,103.3333333333333,0,20.66666666666667
#31959,2026-07,counted,paid,fulfilled,2026-07-13 08:11:00 +0100,Shopify Payments,28,0,3.95,5.33,31.95,0,23.33333333333334,3.291666666666667,5.325000000000001
#31960,2026-07,counted,paid,fulfilled,2026-07-13 08:58:00 +0100,Shopify Payments,53,0,0,8.83,53,0,44.16666666666667,0,8.833333333333336
#31961,2026-07,counted,paid,fulfilled,2026-07-13 09:08:00 +0100,Shopify Payments,16,0,3.95,3.33,19.95,0,13.33333333333333,3.291666666666667,3.325
#31962,2026-07,counted,paid,fulfilled,2026-07-13 09:09:00 +0100,Shopify Payments,9,0,3.95,2.16,12.95,0,7.5,3.291666666666667,2.158333333333333
#31963,2026-07,counted,paid,fulfilled,2026-07-13 10:14:00 +0100,Shopify Payments,113,0,0,18.83,113,0,94.16666666666667,0,18.83333333333334
#31964,2026-07,counted,paid,fulfilled,2026-07-13 10:50:00 +0100,Shopify Payments,118,0,0,19.67,118,0,98.33333333333334,0,19.66666666666667
#31965,2026-07,counted,paid,fulfilled,2026-07-13 11:46:00 +0100,Shopify Payments,21.6,0,3.95,4.26,25.55,0,18,3.291666666666667,4.258333333333334
#31966,2026-07,counted,paid,fulfilled,2026-07-13 11:51:00 +0100,Shopify Payments,79,0,0,13.17,79,0,65.83333333333334,0,13.16666666666667
#31967,2026-07,counted,paid,fulfilled,2026-07-13 11:55:00 +0100,Shopify Payments,SUMMER10,143,14.3,0,21.45,128.7,0,107.25,0,21.45
#31968,2026-07,counted,paid,fulfilled,2026-07-13 12:06:00 +0100,Shopify Payments,95,0,0,15.83,95,0,79.16666666666667,0,15.83333333333333
#31969,2026-07,counted,paid,fulfilled,2026-07-13 12:19:00 +0100,Shopify Payments,54,0,0,9,54,0,45,0,9.000000000000002
#31970,2026-07,counted,paid,fulfilled,2026-07-13 12:54:00 +0100,Shopify Payments,193,0,0,32.17,193,0,160.8333333333333,0,32.16666666666667
#31971,2026-07,counted,paid,fulfilled,2026-07-13 13:12:00 +0100,Shopify Payments,83,0,0,13.83,83,0,69.16666666666667,0,13.83333333333334
#31972,2026-07,counted,paid,fulfilled,2026-07-13 14:54:00 +0100,Shopify Payments,70,0,0,11.67,70,0,58.33333333333334,0,11.66666666666667
#31973,2026-07,counted,paid,fulfilled,2026-07-13 15:02:00 +0100,Shopify Payments,100,0,0,16.67,100,0,83.33333333333334,0,16.66666666666667
#31974,2026-07,counted,paid,fulfilled,2026-07-13 15:31:00 +0100,Shopify Payments,30,0,3.95,5.66,33.95,0,25,3.291666666666667,5.658333333333334
#31975,2026-07,counted,paid,fulfilled,2026-07-13 15:47:00 +0100,Shopify Payments,17,0,3.95,3.49,20.95,0,14.16666666666667,3.291666666666667,3.491666666666667
#31976,2026-07,counted,paid,fulfilled,2026-07-13 15:52:00 +0100,Shopify Payments,110,0,0,18.33,110,0,91.66666666666667,0,18.33333333333334
#31977,2026-07,counted,paid,fulfilled,2026-07-13 16:19:00 +0100,Shopify Payments,122,0,0,20.33,122,0,101.6666666666667,0,20.33333333333334
#31978,2026-07,counted,refunded,fulfilled,2026-07-13 16:52:00 +0100,Shopify Payments,SUMMER10,7.5,0.75,3.95,1.78,10.7,10.7,0,8.881784197001252e-16,1.480297366166876e-16
#31979,2026-07,counted,paid,fulfilled,2026-07-13 16:59:00 +0100,Shopify Payments,49.5,0,3.95,8.91,53.45,0,41.25,3.291666666666667,8.908333333333335
#31980,2026-07,counted,paid,fulfilled,2026-07-13 17:22:00 +0100,Shopify Payments,135,0,0,22.5,135,0,112.5,0,22.5
#31981,2026-07,counted,paid,fulfilled,2026-07-13 18:17:00 +0100,Shopify Payments,41,0,3.95,7.49,44.95,0,34.16666666666667,3.291666666666667,7.491666666666667
#31982,2026-07,counted,paid,fulfilled,2026-07-13 18:29:00 +0100,Shopify Payments,SUMMER10,30,3,3.95,5.16,30.95,0,22.5,3.291666666666667,5.158333333333334
#31983,2026-07,counted,paid,fulfilled,2026-07-13 18:38:00 +0100,Shopify Payments,54,0,0,9,54,0,45,0,9.000000000000002
#31984,2026-07,counted,paid,fulfilled,2026-07-13 18:39:00 +0100,Shopify Payments,103,0,0,17.17,103,0,85.83333333333334,0,17.16666666666667
#31985,2026-07,counted,paid,fulfilled,2026-07-13 19:23:00 +0100,Shopify Payments,18,0,3.95,3.66,21.95,0,15,3.291666666666667,3.658333333333333
#31986,2026-07,counted,paid,fulfilled,2026-07-13 19:51:00 +0100,Shopify Payments,7.5,0,3.95,1.91,11.45,0,6.25,3.291666666666667,1.908333333333333
#31987,2026-07,counted,paid,fulfilled,2026-07-13 19:52:00 +0100,Shopify Payments,9,0,3.95,2.16,12.95,0,7.5,3.291666666666667,2.158333333333333
#31988,2026-07,counted,paid,fulfilled,2026-07-13 20:40:00 +0100,Shopify Payments,48,0,3.95,8.66,51.95,0,40,3.291666666666667,8.658333333333335
#31989,2026-07,counted,paid,fulfilled,2026-07-13 20:51:00 +0100,Shopify Payments,15,0,3.95,3.16,18.95,0,12.5,3.291666666666667,3.158333333333334
#31990,2026-07,counted,paid,fulfilled,2026-07-13 21:03:00 +0100,Shopify Payments,14,0,3.95,2.99,17.95,0,11.66666666666667,3.291666666666667,2.991666666666667
#31991,2026-07,counted,paid,fulfilled,2026-07-13 21:35:00 +0100,Shopify Payments,63,0,0,10.5,63,0,52.5,0,10.5
#31992,2026-07,counted,paid,fulfilled,2026-07-13 22:10:00 +0100,Shopify Payments,158,0,0,26.33,158,0,131.6666666666667,0,26.33333333333334
#31993,2026-07,counted,partially_refunded,fulfilled,2026-07-14 07:33:00 +0100,Shopify Payments,158,0,0,26.33,158,47.4,92.16666666666669,0,18.43333333333333
#31994,2026-07,counted,paid,fulfilled,2026-07-14 08:10:00 +0100,Shopify Payments,80.5,0,0,13.42,80.5,0,67.08333333333334,0,13.41666666666667
#31995,2026-07,counted,paid,fulfilled,2026-07-14 08:41:00 +0100,Shopify Payments,11,0,3.95,2.49,14.95,0,9.166666666666668,3.291666666666667,2.491666666666667
#31996,2026-07,counted,paid,fulfilled,2026-07-14 09:04:00 +0100,Shopify Payments,36,0,3.95,6.66,39.95,0,30,3.291666666666667,6.658333333333334
#31997,2026-07,counted,paid,fulfilled,2026-07-14 10:03:00 +0100,Shopify Payments,77,0,0,12.83,77,0,64.16666666666667,0,12.83333333333333
#31998,2026-07,counted,paid,fulfilled,2026-07-14 10:15:00 +0100,Shopify Payments,SUMMER10,53,5.3,3.95,8.609999999999999,51.65,0,39.75000000000001,3.291666666666667,8.608333333333336
#31999,2026-07,counted,paid,fulfilled,2026-07-14 10:22:00 +0100,Shopify Payments,SUMMER10,250,25,0,37.5,225,0,187.5,0,37.5
#32000,2026-07,counted,paid,fulfilled,2026-07-14 10:55:00 +0100,Shopify Payments,40,0,3.95,7.33,43.95,0,33.33333333333334,3.291666666666667,7.325000000000001
#32001,2026-07,counted,paid,fulfilled,2026-07-14 12:53:00 +0100,Shopify Payments,184,0,0,30.67,184,0,153.3333333333333,0,30.66666666666667
#32002,2026-07,counted,paid,fulfilled,2026-07-14 12:56:00 +0100,Shopify Payments,152,0,0,25.33,152,0,126.6666666666667,0,25.33333333333334
#32003,2026-07,counted,paid,fulfilled,2026-07-14 12:56:00 +0100,Shopify Payments,141,0,0,23.5,141,0,117.5,0,23.5
#32004,2026-07,counted,paid,fulfilled,2026-07-14 13:28:00 +0100,Shopify Payments,104,0,0,17.33,104,0,86.66666666666667,0,17.33333333333334
#32005,2026-07,counted,paid,fulfilled,2026-07-14 13:32:00 +0100,Shopify Payments,SUMMER10,67,6.7,0,10.05,60.3,0,50.25,0,10.05
#32006,2026-07,counted,paid,fulfilled,2026-07-14 13:34:00 +0100,Shopify Payments,68,0,0,11.33,68,0,56.66666666666667,0,11.33333333333334
#32007,2026-07,counted,paid,fulfilled,2026-07-14 13:51:00 +0100,Shopify Payments,9,0,3.95,2.16,12.95,0,7.5,3.291666666666667,2.158333333333333
#32008,2026-07,counted,paid,fulfilled,2026-07-14 14:09:00 +0100,Shopify Payments,74,0,0,12.33,74,0,61.66666666666667,0,12.33333333333333
#32009,2026-07,counted,refunded,fulfilled,2026-07-14 14:13:00 +0100,PayPal Express Checkout,22,0,3.95,4.33,25.95,25.95,0,8.881784197001252e-16,1.480297366166876e-16
#32010,2026-07,counted,paid,fulfilled,2026-07-14 14:31:00 +0100,Shopify Payments,22.5,0,3.95,4.41,26.45,0,18.75,3.291666666666667,4.408333333333333
#32011,2026-07,counted,paid,fulfilled,2026-07-14 14:47:00 +0100,Shopify Payments,19,0,3.95,3.83,22.95,0,15.83333333333333,3.291666666666667,3.825
#32012,2026-07,counted,paid,fulfilled,2026-07-14 14:59:00 +0100,Shopify Payments,79,0,0,13.17,79,0,65.83333333333334,0,13.16666666666667
#32013,2026-07,counted,paid,fulfilled,2026-07-14 15:02:00 +0100,Shopify Payments,12,0,3.95,2.66,15.95,0,10,3.291666666666667,2.658333333333333
#32014,2026-07,counted,paid,fulfilled,2026-07-14 15:24:00 +0100,Shopify Payments,27,0,3.95,5.16,30.95,0,22.5,3.291666666666667,5.158333333333334
#32015,2026-07,counted,paid,fulfilled,2026-07-14 15:42:00 +0100,PayPal Express Checkout,46,0,3.95,8.33,49.95,0,38.33333333333334,3.291666666666667,8.325000000000003
#32016,2026-07,counted,paid,fulfilled,2026-07-14 16:01:00 +0100,Shopify Payments,78,0,0,13,78,0,65,0,13
#32017,2026-07,counted,paid,fulfilled,2026-07-14 16:16:00 +0100,Shopify Payments,17,0,3.95,3.49,20.95,0,14.16666666666667,3.291666666666667,3.491666666666667
#32018,2026-07,counted,paid,fulfilled,2026-07-14 16:33:00 +0100,Shopify Payments,127,0,0,21.17,127,0,105.8333333333333,0,21.16666666666667
#32019,2026-07,counted,paid,fulfilled,2026-07-14 17:23:00 +0100,PayPal Express Checkout,162,0,0,27,162,0,135,0,27
#32020,2026-07,counted,paid,fulfilled,2026-07-14 17:25:00 +0100,Shopify Payments,60,0,0,10,60,0,50,0,10
#32021,2026-07,counted,paid,fulfilled,2026-07-14 17:29:00 +0100,Shopify Payments,90,0,0,15,90,0,75,0,15
#32022,2026-07,counted,paid,fulfilled,2026-07-14 17:41:00 +0100,Shopify Payments,36,0,3.95,6.66,39.95,0,30,3.291666666666667,6.658333333333334
#32023,2026-07,counted,paid,fulfilled,2026-07-14 17:48:00 +0100,Gift card,16,0,3.95,3.33,19.95,0,13.33333333333333,3.291666666666667,3.325
#32024,2026-07,counted,paid,fulfilled,2026-07-14 17:58:00 +0100,PayPal Express Checkout,88,0,0,14.67,88,0,73.33333333333334,0,14.66666666666667
#32025,2026-07,counted,paid,fulfilled,2026-07-14 18:19:00 +0100,Shopify Payments,91,0,0,15.17,91,0,75.83333333333334,0,15.16666666666667
#32026,2026-07,counted,paid,fulfilled,2026-07-14 18:28:00 +0100,Shopify Payments,7.5,0,3.95,1.91,11.45,0,6.25,3.291666666666667,1.908333333333333
#32027,2026-07,counted,paid,fulfilled,2026-07-14 18:34:00 +0100,Shopify Payments,15,0,3.95,3.16,18.95,0,12.5,3.291666666666667,3.158333333333334
#32028,2026-07,counted,paid,fulfilled,2026-07-14 18:37:00 +0100,Shopify Payments,19,0,3.95,3.83,22.95,0,15.83333333333333,3.291666666666667,3.825
#32029,2026-07,counted,paid,fulfilled,2026-07-14 18:50:00 +0100,Shopify Payments,57,0,0,9.5,57,0,47.5,0,9.5
#32030,2026-07,counted,paid,fulfilled,2026-07-14 19:05:00 +0100,Shopify Payments,30,0,3.95,5.66,33.95,0,25,3.291666666666667,5.658333333333334
#32031,2026-07,counted,paid,fulfilled,2026-07-14 19:05:00 +0100,Shopify Payments,66,0,0,11,66,0,55,0,11
#32032,2026-07,counted,paid,fulfilled,2026-07-14 19:15:00 +0100,Shopify Payments,89,0,0,14.83,89,0,74.16666666666667,0,14.83333333333333
#32033,2026-07,counted,paid,fulfilled,2026-07-14 19:23:00 +0100,Shopify Payments,17,0,3.95,3.49,20.95,0,14.16666666666667,3.291666666666667,3.491666666666667
#32034,2026-07,counted,paid,fulfilled,2026-07-14 20:10:00 +0100,Shopify Payments,176,0,0,29.33,176,0,146.6666666666667,0,29.33333333333334
#32035,2026-07,counted,paid,fulfilled,2026-07-14 20:46:00 +0100,Shopify Payments,62,0,0,10.33,62,0,51.66666666666667,0,10.33333333333333
#32036,2026-07,counted,paid,fulfilled,2026-07-14 20:54:00 +0100,Shopify Payments,221.5,0,0,36.92,221.5,0,184.5833333333333,0,36.91666666666667
#32037,2026-07,counted,paid,fulfilled,2026-07-14 21:41:00 +0100,Shopify Payments,45,0,3.95,8.16,48.95,0,37.5,3.291666666666667,8.158333333333335
#32038,2026-07,counted,paid,fulfilled,2026-07-14 22:07:00 +0100,Shopify Payments,45,0,3.95,8.16,48.95,0,37.5,3.291666666666667,8.158333333333335
#32039,2026-07,counted,refunded,fulfilled,2026-07-15 07:52:00 +0100,Gift card,157,0,0,26.17,157,157,0,0,0
#32040,2026-07,counted,paid,fulfilled,2026-07-15 08:38:00 +0100,PayPal Express Checkout,SUMMER10,30,3,3.95,5.16,30.95,0,22.5,3.291666666666667,5.158333333333334
#32041,2026-07,counted,paid,fulfilled,2026-07-15 08:41:00 +0100,Shopify Payments,102,0,0,17,102,0,85,0,17
#32042,2026-07,counted,paid,fulfilled,2026-07-15 08:43:00 +0100,Shopify Payments,15,0,3.95,3.16,18.95,0,12.5,3.291666666666667,3.158333333333334
#32043,2026-07,counted,paid,fulfilled,2026-07-15 08:57:00 +0100,Shopify Payments,228,0,0,38,228,0,190,0,38
#32044,2026-07,counted,paid,fulfilled,2026-07-15 09:09:00 +0100,Shopify Payments,16,0,3.95,3.33,19.95,0,13.33333333333333,3.291666666666667,3.325
#32045,2026-07,counted,paid,fulfilled,2026-07-15 09:29:00 +0100,Shopify Payments,162.5,0,0,27.08,162.5,0,135.4166666666667,0,27.08333333333334
#32046,2026-07,counted,refunded,fulfilled,2026-07-15 09:45:00 +0100,Shopify Payments,7.5,0,3.95,1.91,11.45,11.45,0,8.881784197001252e-16,1.480297366166876e-16
#32047,2026-07,counted,paid,fulfilled,2026-07-15 10:45:00 +0100,Gift card,156,0,0,26,156,0,130,0,26
#32048,2026-07,counted,partially_refunded,fulfilled,2026-07-15 11:06:00 +0100,Shopify Payments,133,0,0,22.17,133,26.6,88.66666666666667,0,17.73333333333333
#32049,2026-07,counted,paid,fulfilled,2026-07-15 11:23:00 +0100,Shopify Payments,22,0,3.95,4.33,25.95,0,18.33333333333334,3.291666666666667,4.325
#32050,2026-07,counted,paid,fulfilled,2026-07-15 12:01:00 +0100,Shopify Payments,59,0,0,9.83,59,0,49.16666666666667,0,9.833333333333334
#32051,2026-07,counted,paid,fulfilled,2026-07-15 12:50:00 +0100,Shopify Payments,124,0,0,20.67,124,0,103.3333333333333,0,20.66666666666667
#32052,2026-07,counted,paid,fulfilled,2026-07-15 13:11:00 +0100,Shopify Payments,9,0,3.95,2.16,12.95,0,7.5,3.291666666666667,2.158333333333333
#32053,2026-07,counted,paid,fulfilled,2026-07-15 13:33:00 +0100,Gift card,WELCOME5,20,5,3.95,3.16,18.95,0,12.5,3.291666666666667,3.158333333333334
#32054,2026-07,counted,paid,fulfilled,2026-07-15 13:39:00 +0100,Shopify Payments,100,0,0,16.67,100,0,83.33333333333334,0,16.66666666666667
#32055,2026-07,counted,paid,fulfilled,2026-07-15 13:44:00 +0100,"Gift card, Shopify Payments",SUMMER10,14,1.4,3.95,2.76,16.55,0,10.5,3.291666666666667,2.758333333333334
#32056,2026-07,counted,paid,fulfilled,2026-07-15 14:45:00 +0100,Shopify Payments,50,0,0,8.33,50,0,41.66666666666667,0,8.333333333333334
#32057,2026-07,counted,paid,fulfilled,2026-07-15 15:13:00 +0100,Shopify Payments,79,0,0,13.17,79,0,65.83333333333334,0,13.16666666666667
#32058,2026-07,counted,paid,fulfilled,2026-07-15 15:16:00 +0100,Shopify Payments,26,0,3.95,4.99,29.95,0,21.66666666666667,3.291666666666667,4.991666666666667
#32059,2026-07,counted,paid,fulfilled,2026-07-15 15:55:00 +0100,Shopify Payments,25,0,3.95,4.83,28.95,0,20.83333333333334,3.291666666666667,4.825
#32060,2026-07,counted,paid,fulfilled,2026-07-15 16:02:00 +0100,Shopify Payments,112,0,0,18.67,112,0,93.33333333333334,0,18.66666666666667
#32061,2026-07,counted,paid,fulfilled,2026-07-15 16:18:00 +0100,Shopify Payments,108,0,0,18,108,0,90,0,18
#32062,2026-07,counted,paid,fulfilled,2026-07-15 16:31:00 +0100,PayPal Express Checkout,27,0,3.95,5.16,30.95,0,22.5,3.291666666666667,5.158333333333334
#32063,2026-07,counted,paid,fulfilled,2026-07-15 17:32:00 +0100,Shopify Payments,65,0,0,10.83,65,0,54.16666666666667,0,10.83333333333333
#32064,2026-07,counted,paid,fulfilled,2026-07-15 17:34:00 +0100,Shopify Payments,28,0,3.95,5.33,31.95,0,23.33333333333334,3.291666666666667,5.325000000000001
#32065,2026-07,counted,paid,fulfilled,2026-07-15 17:50:00 +0100,PayPal Express Checkout,72,0,0,12,72,0,60,0,12
#32066,2026-07,counted,paid,fulfilled,2026-07-15 17:56:00 +0100,Shopify Payments,84.5,0,0,14.08,84.5,0,70.41666666666667,0,14.08333333333334
#32067,2026-07,counted,paid,fulfilled,2026-07-15 18:09:00 +0100,Shopify Payments,SUMMER10,222,22.2,0,33.3,199.8,0,166.5,0,33.30000000000001
#32068,2026-07,counted,paid,fulfilled,2026-07-15 18:16:00 +0100,Shopify Payments,90,0,0,15,90,0,75,0,15
#32069,2026-07,counted,refunded,fulfilled,2026-07-15 18:20:00 +0100,Shopify Payments,SUMMER10,34,3.4,3.95,5.76,34.55,34.55,0,3.552713678800501e-15,7.401486830834377e-16
#32070,2026-07,counted,paid,fulfilled,2026-07-15 18:25:00 +0100,Shopify Payments,19,0,3.95,3.83,22.95,0,15.83333333333333,3.291666666666667,3.825
#32071,2026-07,counted,paid,fulfilled,2026-07-15 18:39:00 +0100,Shopify Payments,SUMMER10,63,6.3,0,9.449999999999999,56.7,0,47.25000000000001,0,9.450000000000001
#32072,2026-07,counted,paid,fulfilled,2026-07-15 19:26:00 +0100,Shopify Payments,54,0,0,9,54,0,45,0,9.000000000000002
#32073,2026-07,counted,paid,fulfilled,2026-07-15 19:29:00 +0100,PayPal Express Checkout,33,0,3.95,6.16,36.95,0,27.5,3.291666666666667,6.158333333333334
#32074,2026-07,counted,paid,fulfilled,2026-07-15 19:52:00 +0100,Shopify Payments,42,0,3.95,7.66,45.95,0,35,3.291666666666667,7.658333333333335
#32075,2026-07,counted,paid,fulfilled,2026-07-15 20:29:00 +0100,Shopify Payments,75,0,0,12.5,75,0,62.5,0,12.5
#32076,2026-07,counted,paid,fulfilled,2026-07-15 20:36:00 +0100,Shopify Payments,83,0,0,13.83,83,0,69.16666666666667,0,13.83333333333334
#32077,2026-07,counted,paid,fulfilled,2026-07-15 20:59:00 +0100,Shopify Payments,159,0,0,26.5,159,0,132.5,0,26.5
#32078,2026-07,counted,partially_refunded,fulfilled,2026-07-15 21:21:00 +0100,Shopify Payments,48,0,3.95,8.66,51.95,10.39,31.34166666666667,3.291666666666667,6.926666666666668
#32079,2026-07,counted,paid,fulfilled,2026-07-15 21:31:00 +0100,Shopify Payments,28,0,3.95,5.33,31.95,0,23.33333333333334,3.291666666666667,5.325000000000001
#32080,2026-07,counted,paid,fulfilled,2026-07-15 21:31:00 +0100,Shopify Payments,129,0,0,21.5,129,0,107.5,0,21.5
#32081,2026-07,counted,paid,fulfilled,2026-07-15 22:08:00 +0100,Shopify Payments,72,0,0,12,72,0,60,0,12
#32082,2026-07,counted,paid,fulfilled,2026-07-15 22:20:00 +0100,Shopify Payments,21.5,0,3.95,4.24,25.45,0,17.91666666666667,3.291666666666667,4.241666666666667
#32083,2026-07,counted,paid,fulfilled,2026-07-15 22:20:00 +0100,Shopify Payments,15,0,3.95,3.16,18.95,0,12.5,3.291666666666667,3.158333333333334
#32084,2026-07,counted,paid,fulfilled,2026-07-15 22:26:00 +0100,Shopify Payments,25,0,3.95,4.83,28.95,0,20.83333333333334,3.291666666666667,4.825
#32085,2026-07,counted,paid,fulfilled,2026-07-15 22:28:00 +0100,PayPal Express Checkout,SUMMER10,16,1.6,3.95,3.06,18.35,0,12,3.291666666666667,3.058333333333334
#32086,2026-07,counted,refunded,fulfilled,2026-07-15 22:30:00 +0100,Shopify Payments,7.5,0,3.95,1.91,11.45,11.45,0,8.881784197001252e-16,1.480297366166876e-16
#32087,2026-07,counted,paid,fulfilled,2026-07-16 07:14:00 +0100,Shopify Payments,99,0,0,16.5,99,0,82.5,0,16.5
#32088,2026-07,counted,paid,fulfilled,2026-07-16 07:30:00 +0100,Shopify Payments,9,0,3.95,2.16,12.95,0,7.5,3.291666666666667,2.158333333333333
#32089,2026-07,counted,paid,fulfilled,2026-07-16 08:05:00 +0100,Shopify Payments,47,0,3.95,8.49,50.95,0,39.16666666666667,3.291666666666667,8.491666666666669
#32090,2026-07,counted,paid,fulfilled,2026-07-16 08:08:00 +0100,Shopify Payments,25,0,3.95,4.83,28.95,0,20.83333333333334,3.291666666666667,4.825
#32091,2026-07,counted,paid,fulfilled,2026-07-16 08:22:00 +0100,Shopify Payments,11,0,3.95,2.49,14.95,0,9.166666666666668,3.291666666666667,2.491666666666667
#32092,2026-07,counted,paid,fulfilled,2026-07-16 08:34:00 +0100,Shopify Payments,9,0,3.95,2.16,12.95,0,7.5,3.291666666666667,2.158333333333333
#32093,2026-07,counted,paid,fulfilled,2026-07-16 08:36:00 +0100,Shopify Payments,146,0,0,24.33,146,0,121.6666666666667,0,24.33333333333334
#32094,2026-07,counted,paid,fulfilled,2026-07-16 09:50:00 +0100,Shopify Payments,76,0,0,12.67,76,0,63.33333333333334,0,12.66666666666667
#32095,2026-07,counted,refunded,fulfilled,2026-07-16 11:10:00 +0100,Shopify Payments,32,0,3.95,5.99,35.95,35.95,0,-2.220446049250313e-15,-4.440892098500627e-16
#32096,2026-07,counted,paid,fulfilled,2026-07-16 11:17:00 +0100,Shopify Payments,25,0,3.95,4.83,28.95,0,20.83333333333334,3.291666666666667,4.825
#32097,2026-07,counted,paid,fulfilled,2026-07-16 11:51:00 +0100,Shopify Payments,40,0,3.95,7.33,43.95,0,33.33333333333334,3.291666666666667,7.325000000000001
#32098,2026-07,counted,paid,fulfilled,2026-07-16 11:53:00 +0100,Shopify Payments,WELCOME5,22.5,5,3.95,3.58,21.45,0,14.58333333333333,3.291666666666667,3.575
#32099,2026-07,counted,paid,fulfilled,2026-07-16 12:00:00 +0100,Shopify Payments,144,0,0,24,144,0,120,0,24
#32100,2026-07,counted,paid,fulfilled,2026-07-16 12:20:00 +0100,Shopify Payments,32,0,3.95,5.99,35.95,0,26.66666666666667,3.291666666666667,5.991666666666668
#32101,2026-07,counted,paid,fulfilled,2026-07-16 12:40:00 +0100,Shopify Payments,133,0,0,22.17,133,0,110.8333333333333,0,22.16666666666667
#32102,2026-07,counted,paid,fulfilled,2026-07-16 13:12:00 +0100,Shopify Payments,249,0,0,41.5,249,0,207.5,0,41.50000000000001
#32103,2026-07,counted,paid,fulfilled,2026-07-16 13:22:00 +0100,Shopify Payments,34,0,3.95,6.33,37.95,0,28.33333333333334,3.291666666666667,6.325000000000001
#32104,2026-07,counted,paid,fulfilled,2026-07-16 14:00:00 +0100,Shopify Payments,77.2,0,0,12.87,77.2,0,64.33333333333334,0,12.86666666666667
#32105,2026-07,counted,paid,fulfilled,2026-07-16 14:00:00 +0100,Shopify Payments,30,0,3.95,5.66,33.95,0,25,3.291666666666667,5.658333333333334
#32106,2026-07,counted,paid,fulfilled,2026-07-16 14:18:00 +0100,Shopify Payments,72,0,0,12,72,0,60,0,12
#32107,2026-07,counted,paid,fulfilled,2026-07-16 14:18:00 +0100,Shopify Payments,21.5,0,3.95,4.24,25.45,0,17.91666666666667,3.291666666666667,4.241666666666667
#32108,2026-07,counted,paid,fulfilled,2026-07-16 15:09:00 +0100,Shopify Payments,9,0,3.95,2.16,12.95,0,7.5,3.291666666666667,2.158333333333333
#32109,2026-07,counted,refunded,fulfilled,2026-07-16 15:13:00 +0100,Shopify Payments,12,0,3.95,2.66,15.95,15.95,0,8.881784197001252e-16,1.480297366166876e-16
#32110,2026-07,counted,paid,fulfilled,2026-07-16 17:07:00 +0100,Shopify Payments,SUMMER10,45.5,4.55,3.95,7.48,44.9,0,34.12500000000001,3.291666666666667,7.483333333333335
#32111,2026-07,counted,paid,fulfilled,2026-07-16 17:15:00 +0100,PayPal Express Checkout,40.2,0,3.95,7.36,44.15,0,33.50000000000001,3.291666666666667,7.358333333333335
#32112,2026-07,counted,paid,fulfilled,2026-07-16 17:16:00 +0100,Shopify Payments,41,0,3.95,7.49,44.95,0,34.16666666666667,3.291666666666667,7.491666666666667
#32113,2026-07,counted,refunded,fulfilled,2026-07-16 17:41:00 +0100,Shopify Payments,99,0,0,16.5,99,99,0,0,0
#32114,2026-07,counted,paid,fulfilled,2026-07-16 17:50:00 +0100,Shopify Payments,74,0,0,12.33,74,0,61.66666666666667,0,12.33333333333333
#32115,2026-07,counted,paid,fulfilled,2026-07-16 18:49:00 +0100,Shopify Payments,42,0,3.95,7.66,45.95,0,35,3.291666666666667,7.658333333333335
#32116,2026-07,counted,paid,fulfilled,2026-07-16 19:45:00 +0100,Shopify Payments,34,0,3.95,6.33,37.95,0,28.33333333333334,3.291666666666667,6.325000000000001
#32117,2026-07,counted,paid,fulfilled,2026-07-16 20:29:00 +0100,Shopify Payments,SUMMER10,260,26,0,39,234,0,195,0,39.00000000000001
#32118,2026-07,counted,paid,fulfilled,2026-07-16 20:31:00 +0100,Shopify Payments,64,0,0,10.67,64,0,53.33333333333334,0,10.66666666666667
#32119,2026-07,counted,paid,fulfilled,2026-07-16 21:23:00 +0100,Shopify Payments,SUMMER10,129.5,12.95,0,19.43,116.55,0,97.125,0,19.425
#32120,2026-07,counted,paid,fulfilled,2026-07-16 21:25:00 +0100,Shopify Payments,12,0,3.95,2.66,15.95,0,10,3.291666666666667,2.658333333333333
#32121,2026-07,counted,paid,fulfilled,2026-07-16 21:58:00 +0100,Shopify Payments,74,0,0,12.33,74,0,61.66666666666667,0,12.33333333333333
#32122,2026-07,counted,paid,fulfilled,2026-07-16 22:48:00 +0100,Shopify Payments,81,0,0,13.5,81,0,67.5,0,13.5
#32123,2026-07,counted,paid,fulfilled,2026-07-16 22:54:00 +0100,Shopify Payments,70,0,0,11.67,70,0,58.33333333333334,0,11.66666666666667
#32124,2026-07,counted,paid,fulfilled,2026-07-16 22:57:00 +0100,PayPal Express Checkout,107,0,0,17.83,107,0,89.16666666666667,0,17.83333333333334
#32125,2026-07,counted,partially_refunded,fulfilled,2026-07-17 07:29:00 +0100,Shopify Payments,66,0,0,11,66,33,27.5,0,5.500000000000001
#32126,2026-07,counted,paid,fulfilled,2026-07-17 07:45:00 +0100,Shopify Payments,34,0,3.95,6.33,37.95,0,28.33333333333334,3.291666666666667,6.325000000000001
#32127,2026-07,counted,paid,fulfilled,2026-07-17 07:57:00 +0100,Shopify Payments,63,0,0,10.5,63,0,52.5,0,10.5
#32128,2026-07,counted,paid,fulfilled,2026-07-17 08:11:00 +0100,Shopify Payments,246,0,0,41,246,0,205,0,41.00000000000001
#32129,2026-07,counted,paid,fulfilled,2026-07-17 08:20:00 +0100,Shopify Payments,51,0,0,8.5,51,0,42.5,0,8.500000000000002
#32130,2026-07,counted,paid,fulfilled,2026-07-17 08:37:00 +0100,Shopify Payments,146,0,0,24.33,146,0,121.6666666666667,0,24.33333333333334
#32131,2026-07,counted,paid,fulfilled,2026-07-17 09:35:00 +0100,Shopify Payments,98,0,0,16.33,98,0,81.66666666666667,0,16.33333333333334
#32132,2026-07,counted,paid,fulfilled,2026-07-17 10:09:00 +0100,Shopify Payments,SUMMER10,246,24.6,0,36.9,221.4,0,184.5,0,36.90000000000001
#32133,2026-07,counted,paid,fulfilled,2026-07-17 10:12:00 +0100,Shopify Payments,73.5,0,0,12.25,73.5,0,61.25,0,12.25
#32134,2026-07,counted,paid,fulfilled,2026-07-17 10:33:00 +0100,Gift card,42,0,3.95,7.66,45.95,0,35,3.291666666666667,7.658333333333335
#32135,2026-07,counted,paid,fulfilled,2026-07-17 10:42:00 +0100,Shopify Payments,22,0,3.95,4.33,25.95,0,18.33333333333334,3.291666666666667,4.325
#32136,2026-07,counted,paid,fulfilled,2026-07-17 10:57:00 +0100,Shopify Payments,SUMMER10,108,10.8,0,16.2,97.2,0,81,0,16.2
#32137,2026-07,counted,paid,fulfilled,2026-07-17 11:20:00 +0100,Shopify Payments,127,0,0,21.17,127,0,105.8333333333333,0,21.16666666666667
#32138,2026-07,counted,paid,fulfilled,2026-07-17 11:21:00 +0100,PayPal Express Checkout,45,0,3.95,8.16,48.95,0,37.5,3.291666666666667,8.158333333333335
#32139,2026-07,counted,paid,fulfilled,2026-07-17 11:27:00 +0100,Shopify Payments,WELCOME5,67,5,0,10.33,62,0,51.66666666666667,0,10.33333333333333
#32140,2026-07,counted,paid,fulfilled,2026-07-17 12:14:00 +0100,Gift card,7.5,0,3.95,1.91,11.45,0,6.25,3.291666666666667,1.908333333333333
#32141,2026-07,counted,paid,fulfilled,2026-07-17 12:17:00 +0100,PayPal Express Checkout,129,0,0,21.5,129,0,107.5,0,21.5
#32142,2026-07,counted,paid,fulfilled,2026-07-17 12:18:00 +0100,Shopify Payments,34,0,3.95,6.33,37.95,0,28.33333333333334,3.291666666666667,6.325000000000001
#32143,2026-07,counted,paid,fulfilled,2026-07-17 12:18:00 +0100,Shopify Payments,SUMMER10,49,4.9,3.95,8.01,48.05,0,36.75,3.291666666666667,8.008333333333335
#32144,2026-07,counted,paid,fulfilled,2026-07-17 12:59:00 +0100,Shopify Payments,102,0,0,17,102,0,85,0,17
#32145,2026-07,counted,paid,fulfilled,2026-07-17 13:16:00 +0100,Shopify Payments,180,0,0,30,180,0,150,0,30
#32146,2026-07,counted,paid,fulfilled,2026-07-17 13:17:00 +0100,Shopify Payments,58,0,0,9.67,58,0,48.33333333333334,0,9.666666666666668
#32147,2026-07,counted,paid,fulfilled,2026-07-17 13:19:00 +0100,PayPal Express Checkout,38,0,3.95,6.99,41.95,0,31.66666666666667,3.291666666666667,6.991666666666667
#32148,2026-07,counted,paid,fulfilled,2026-07-17 14:08:00 +0100,Shopify Payments,19,0,3.95,3.83,22.95,0,15.83333333333333,3.291666666666667,3.825
#32149,2026-07,counted,paid,fulfilled,2026-07-17 15:14:00 +0100,Shopify Payments,SUMMER10,22,2.2,3.95,3.96,23.75,0,16.5,3.291666666666667,3.958333333333333
#32150,2026-07,counted,paid,fulfilled,2026-07-17 15:17:00 +0100,Shopify Payments,28,0,3.95,5.33,31.95,0,23.33333333333334,3.291666666666667,5.325000000000001
#32151,2026-07,counted,paid,fulfilled,2026-07-17 15:55:00 +0100,Shopify Payments,WELCOME5,44,5,3.95,7.16,42.95,0,32.5,3.291666666666667,7.158333333333335
#32152,2026-07,counted,paid,fulfilled,2026-07-17 15:56:00 +0100,Shopify Payments,22,0,3.95,4.33,25.95,0,18.33333333333334,3.291666666666667,4.325
#32153,2026-07,counted,paid,fulfilled,2026-07-17 15:58:00 +0100,Shopify Payments,76,0,0,12.67,76,0,63.33333333333334,0,12.66666666666667
#32154,2026-07,counted,paid,fulfilled,2026-07-17 16:42:00 +0100,PayPal Express Checkout,24,0,3.95,4.66,27.95,0,20,3.291666666666667,4.658333333333333
#32155,2026-07,counted,paid,fulfilled,2026-07-17 16:56:00 +0100,Shopify Payments,WELCOME5,33,5,3.95,5.33,31.95,0,23.33333333333334,3.291666666666667,5.325000000000001
#32156,2026-07,counted,paid,fulfilled,2026-07-17 17:19:00 +0100,Shopify Payments,95,0,0,15.83,95,0,79.16666666666667,0,15.83333333333333
#32157,2026-07,counted,paid,fulfilled,2026-07-17 18:46:00 +0100,Shopify Payments,19,0,3.95,3.83,22.95,0,15.83333333333333,3.291666666666667,3.825
#32158,2026-07,counted,paid,fulfilled,2026-07-17 18:56:00 +0100,PayPal Express Checkout,38,0,3.95,6.99,41.95,0,31.66666666666667,3.291666666666667,6.991666666666667
#32159,2026-07,counted,paid,fulfilled,2026-07-17 19:33:00 +0100,Shopify Payments,38,0,3.95,6.99,41.95,0,31.66666666666667,3.291666666666667,6.991666666666667
#32160,2026-07,counted,paid,fulfilled,2026-07-17 19:49:00 +0100,Shopify Payments,138,0,0,23,138,0,115,0,23
#32161,2026-07,counted,paid,fulfilled,2026-07-17 20:24:00 +0100,Shopify Payments,SUMMER10,30,3,3.95,5.16,30.95,0,22.5,3.291666666666667,5.158333333333334
#32162,2026-07,counted,paid,fulfilled,2026-07-17 20:31:00 +0100,Shopify Payments,30,0,3.95,5.66,33.95,0,25,3.291666666666667,5.658333333333334
#32163,2026-07,counted,paid,fulfilled,2026-07-17 20:36:00 +0100,Shopify Payments,118,0,0,19.67,118,0,98.33333333333334,0,19.66666666666667
#32164,2026-07,counted,paid,fulfilled,2026-07-17 21:51:00 +0100,Shopify Payments,66,0,0,11,66,0,55,0,11
#32165,2026-07,counted,paid,fulfilled,2026-07-17 22:35:00 +0100,Gift card,18,0,3.95,3.66,21.95,0,15,3.291666666666667,3.658333333333333
#32166,2026-07,counted,paid,fulfilled,2026-07-17 22:47:00 +0100,Shopify Payments,17,0,3.95,3.49,20.95,0,14.16666666666667,3.291666666666667,3.491666666666667
#32167,2026-07,voided/cancelled,voided,unfulfilled,2026-07-17 22:54:00 +0100,Shopify Payments,18,0,3.95,3.66,21.95,0,15,3.291666666666667,3.658333333333333
#32168,2026-07,counted,paid,fulfilled,2026-07-18 07:36:00 +0100,Shopify Payments,32,0,3.95,5.99,35.95,0,26.66666666666667,3.291666666666667,5.991666666666668
#32169,2026-07,counted,paid,fulfilled,2026-07-18 09:17:00 +0100,Shopify Payments,32,0,3.95,5.99,35.95,0,26.66666666666667,3.291666666666667,5.991666666666668
#32170,2026-07,counted,paid,fulfilled,2026-07-18 09:23:00 +0100,Shopify Payments,113,0,0,18.83,113,0,94.16666666666667,0,18.83333333333334
#32171,2026-07,counted,paid,fulfilled,2026-07-18 09:47:00 +0100,Shopify Payments,26,0,3.95,4.99,29.95,0,21.66666666666667,3.291666666666667,4.991666666666667
#32172,2026-07,counted,paid,fulfilled,2026-07-18 10:31:00 +0100,Shopify Payments,73,0,0,12.17,73,0,60.83333333333334,0,12.16666666666667
#32173,2026-07,counted,partially_refunded,fulfilled,2026-07-18 10:34:00 +0100,Shopify Payments,134,0,0,22.33,134,40.2,78.16666666666666,0,15.63333333333333
#32174,2026-07,counted,paid,fulfilled,2026-07-18 10:50:00 +0100,PayPal Express Checkout,36,0,3.95,6.66,39.95,0,30,3.291666666666667,6.658333333333334
#32175,2026-07,counted,paid,fulfilled,2026-07-18 11:03:00 +0100,Shopify Payments,131,0,0,21.83,131,0,109.1666666666667,0,21.83333333333334
#32176,2026-07,counted,paid,fulfilled,2026-07-18 11:04:00 +0100,Shopify Payments,176,0,0,29.33,176,0,146.6666666666667,0,29.33333333333334
#32177,2026-07,counted,paid,fulfilled,2026-07-18 11:37:00 +0100,Shopify Payments,66,0,0,11,66,0,55,0,11
#32178,2026-07,counted,paid,fulfilled,2026-07-18 12:06:00 +0100,Shopify Payments,72,0,0,12,72,0,60,0,12
#32179,2026-07,counted,paid,fulfilled,2026-07-18 12:07:00 +0100,Shopify Payments,83,0,0,13.83,83,0,69.16666666666667,0,13.83333333333334
#32180,2026-07,counted,paid,fulfilled,2026-07-18 12:35:00 +0100,Shopify Payments,SUMMER10,155.5,15.55,0,23.33,139.95,0,116.625,0,23.325
#32181,2026-07,counted,paid,fulfilled,2026-07-18 12:43:00 +0100,Shopify Payments,72,0,0,12,72,0,60,0,12
#32182,2026-07,counted,paid,fulfilled,2026-07-18 12:49:00 +0100,Shopify Payments,66,0,0,11,66,0,55,0,11
#32183,2026-07,counted,paid,fulfilled,2026-07-18 13:14:00 +0100,Shopify Payments,38,0,3.95,6.99,41.95,0,31.66666666666667,3.291666666666667,6.991666666666667
#32184,2026-07,counted,refunded,fulfilled,2026-07-18 13:21:00 +0100,Shopify Payments,99,0,0,16.5,99,99,0,0,0
#32185,2026-07,counted,paid,fulfilled,2026-07-18 13:29:00 +0100,Shopify Payments,SUMMER10,83,8.300000000000001,0,12.45,74.7,0,62.25000000000001,0,12.45
#32186,2026-07,counted,paid,fulfilled,2026-07-18 13:31:00 +0100,Shopify Payments,63,0,0,10.5,63,0,52.5,0,10.5
#32187,2026-07,counted,paid,fulfilled,2026-07-18 13:54:00 +0100,Shopify Payments,28,0,3.95,5.33,31.95,0,23.33333333333334,3.291666666666667,5.325000000000001
#32188,2026-07,counted,paid,fulfilled,2026-07-18 13:55:00 +0100,Shopify Payments,45,0,3.95,8.16,48.95,0,37.5,3.291666666666667,8.158333333333335
#32189,2026-07,counted,paid,fulfilled,2026-07-18 14:25:00 +0100,Gift card,81,0,0,13.5,81,0,67.5,0,13.5
#32190,2026-07,counted,paid,fulfilled,2026-07-18 14:49:00 +0100,PayPal Express Checkout,70,0,0,11.67,70,0,58.33333333333334,0,11.66666666666667
#32191,2026-07,counted,paid,fulfilled,2026-07-18 14:51:00 +0100,PayPal Express Checkout,28,0,3.95,5.33,31.95,0,23.33333333333334,3.291666666666667,5.325000000000001
#32192,2026-07,counted,paid,fulfilled,2026-07-18 14:54:00 +0100,Shopify Payments,130,0,0,21.67,130,0,108.3333333333333,0,21.66666666666667
#32193,2026-07,counted,paid,fulfilled,2026-07-18 14:56:00 +0100,Shopify Payments,98,0,0,16.33,98,0,81.66666666666667,0,16.33333333333334
#32194,2026-07,counted,partially_refunded,fulfilled,2026-07-18 16:48:00 +0100,Shopify Payments,265,0,0,44.17,265,53,176.6666666666667,0,35.33333333333334
#32195,2026-07,counted,paid,fulfilled,2026-07-18 17:25:00 +0100,Shopify Payments,SUMMER10,44,4.4,3.95,7.26,43.55,0,33,3.291666666666667,7.258333333333335
#32196,2026-07,counted,paid,fulfilled,2026-07-18 17:29:00 +0100,Shopify Payments,112,0,0,18.67,112,0,93.33333333333334,0,18.66666666666667
#32197,2026-07,counted,paid,fulfilled,2026-07-18 18:00:00 +0100,Shopify Payments,87,0,0,14.5,87,0,72.5,0,14.5
#32198,2026-07,counted,paid,fulfilled,2026-07-18 18:21:00 +0100,Shopify Payments,68,0,0,11.33,68,0,56.66666666666667,0,11.33333333333334
#32199,2026-07,counted,paid,fulfilled,2026-07-18 19:04:00 +0100,Gift card,12,0,3.95,2.66,15.95,0,10,3.291666666666667,2.658333333333333
#32200,2026-07,counted,paid,fulfilled,2026-07-18 19:45:00 +0100,Shopify Payments,105,0,0,17.5,105,0,87.5,0,17.5
#32201,2026-07,counted,paid,fulfilled,2026-07-18 20:23:00 +0100,Shopify Payments,14,0,3.95,2.99,17.95,0,11.66666666666667,3.291666666666667,2.991666666666667
#32202,2026-07,counted,partially_refunded,fulfilled,2026-07-18 20:28:00 +0100,Shopify Payments,135,0,0,22.5,135,27,90,0,18
#32203,2026-07,counted,paid,fulfilled,2026-07-18 20:54:00 +0100,Shopify Payments,99,0,0,16.5,99,0,82.5,0,16.5
#32204,2026-07,counted,paid,fulfilled,2026-07-18 21:17:00 +0100,PayPal Express Checkout,SUMMER10,51,5.1,3.95,8.31,49.85,0,38.25,3.291666666666667,8.308333333333334
#32205,2026-07,counted,paid,fulfilled,2026-07-18 21:19:00 +0100,Shopify Payments,190,0,0,31.67,190,0,158.3333333333333,0,31.66666666666667
#32206,2026-07,counted,paid,fulfilled,2026-07-18 21:41:00 +0100,Shopify Payments,SUMMER10,93,9.300000000000001,0,13.95,83.7,0,69.75,0,13.95
#32207,2026-07,counted,refunded,fulfilled,2026-07-18 22:09:00 +0100,Shopify Payments,SUMMER10,48,4.8,3.95,7.86,47.15,47.15,0,3.552713678800501e-15,7.401486830834377e-16
#32208,2026-07,counted,paid,fulfilled,2026-07-18 22:23:00 +0100,Shopify Payments,114,0,0,19,114,0,95,0,19
#32209,2026-07,counted,paid,fulfilled,2026-07-18 22:56:00 +0100,Shopify Payments,142,0,0,23.67,142,0,118.3333333333333,0,23.66666666666667
#32210,2026-07,counted,paid,fulfilled,2026-07-19 07:58:00 +0100,Shopify Payments,18.5,0,3.95,3.74,22.45,0,15.41666666666667,3.291666666666667,3.741666666666667
#32211,2026-07,counted,paid,fulfilled,2026-07-19 08:17:00 +0100,Shopify Payments,48,0,3.95,8.66,51.95,0,40,3.291666666666667,8.658333333333335
#32212,2026-07,counted,paid,fulfilled,2026-07-19 08:42:00 +0100,Shopify Payments,9,0,3.95,2.16,12.95,0,7.5,3.291666666666667,2.158333333333333
#32213,2026-07,counted,paid,fulfilled,2026-07-19 09:05:00 +0100,Shopify Payments,61.5,0,0,10.25,61.5,0,51.25,0,10.25
#32214,2026-07,counted,paid,fulfilled,2026-07-19 09:46:00 +0100,Shopify Payments,25,0,3.95,4.83,28.95,0,20.83333333333334,3.291666666666667,4.825
#32215,2026-07,counted,paid,fulfilled,2026-07-19 10:05:00 +0100,Shopify Payments,SUMMER10,16,1.6,3.95,3.06,18.35,0,12,3.291666666666667,3.058333333333334
#32216,2026-07,counted,paid,fulfilled,2026-07-19 10:22:00 +0100,Shopify Payments,38.5,0,3.95,7.08,42.45,0,32.08333333333334,3.291666666666667,7.075
#32217,2026-07,counted,paid,fulfilled,2026-07-19 10:48:00 +0100,Shopify Payments,16,0,3.95,3.33,19.95,0,13.33333333333333,3.291666666666667,3.325
#32218,2026-07,counted,paid,fulfilled,2026-07-19 10:55:00 +0100,Shopify Payments,108,0,0,18,108,0,90,0,18
#32219,2026-07,counted,paid,fulfilled,2026-07-19 11:34:00 +0100,Gift card,SUMMER10,18,1.8,3.95,3.36,20.15,0,13.5,3.291666666666667,3.358333333333334
#32220,2026-07,counted,paid,fulfilled,2026-07-19 12:01:00 +0100,Shopify Payments,60,0,0,10,60,0,50,0,10
#32221,2026-07,counted,paid,fulfilled,2026-07-19 12:04:00 +0100,Shopify Payments,18,0,3.95,3.66,21.95,0,15,3.291666666666667,3.658333333333333
#32222,2026-07,counted,paid,fulfilled,2026-07-19 12:12:00 +0100,Shopify Payments,36,0,3.95,6.66,39.95,0,30,3.291666666666667,6.658333333333334
#32223,2026-07,counted,paid,fulfilled,2026-07-19 12:23:00 +0100,PayPal Express Checkout,36,0,3.95,6.66,39.95,0,30,3.291666666666667,6.658333333333334
#32224,2026-07,counted,paid,fulfilled,2026-07-19 12:33:00 +0100,Shopify Payments,96,0,0,16,96,0,80,0,16
#32225,2026-07,counted,paid,fulfilled,2026-07-19 13:05:00 +0100,Shopify Payments,75,0,0,12.5,75,0,62.5,0,12.5
#32226,2026-07,counted,paid,fulfilled,2026-07-19 13:19:00 +0100,Shopify Payments,91,0,0,15.17,91,0,75.83333333333334,0,15.16666666666667
#32227,2026-07,counted,refunded,fulfilled,2026-07-19 13:28:00 +0100,Shopify Payments,48,0,3.95,8.66,51.95,51.95,0,-2.220446049250313e-15,-4.440892098500627e-16
#32228,2026-07,counted,partially_refunded,fulfilled,2026-07-19 13:53:00 +0100,Shopify Payments,32,0,3.95,5.99,35.95,10.79,17.675,3.291666666666667,4.193333333333333
#32229,2026-07,counted,paid,fulfilled,2026-07-19 13:54:00 +0100,Shopify Payments,SUMMER10,63,6.3,0,9.449999999999999,56.7,0,47.25000000000001,0,9.450000000000001
#32230,2026-07,counted,paid,fulfilled,2026-07-19 14:13:00 +0100,PayPal Express Checkout,66.59999999999999,0,0,11.1,66.59999999999999,0,55.5,0,11.1
#32231,2026-07,counted,paid,fulfilled,2026-07-19 14:21:00 +0100,PayPal Express Checkout,7.5,0,3.95,1.91,11.45,0,6.25,3.291666666666667,1.908333333333333
#32232,2026-07,counted,paid,fulfilled,2026-07-19 14:36:00 +0100,Shopify Payments,38,0,3.95,6.99,41.95,0,31.66666666666667,3.291666666666667,6.991666666666667
#32233,2026-07,counted,paid,fulfilled,2026-07-19 15:01:00 +0100,Shopify Payments,16,0,3.95,3.33,19.95,0,13.33333333333333,3.291666666666667,3.325
#32234,2026-07,counted,paid,fulfilled,2026-07-19 15:04:00 +0100,Shopify Payments,147,0,0,24.5,147,0,122.5,0,24.5
#32235,2026-07,counted,paid,fulfilled,2026-07-19 15:11:00 +0100,Shopify Payments,SUMMER10,97,9.699999999999999,0,14.55,87.3,0,72.75,0,14.55
#32236,2026-07,counted,paid,fulfilled,2026-07-19 15:15:00 +0100,Shopify Payments,127.2,0,0,21.2,127.2,0,106,0,21.2
#32237,2026-07,counted,paid,fulfilled,2026-07-19 16:09:00 +0100,Shopify Payments,19,0,3.95,3.83,22.95,0,15.83333333333333,3.291666666666667,3.825
#32238,2026-07,counted,paid,fulfilled,2026-07-19 16:13:00 +0100,"Gift card, Shopify Payments",179.5,0,0,29.92,179.5,0,149.5833333333333,0,29.91666666666667
#32239,2026-07,counted,paid,fulfilled,2026-07-19 17:10:00 +0100,Shopify Payments,145,0,0,24.17,145,0,120.8333333333333,0,24.16666666666667
#32240,2026-07,counted,paid,fulfilled,2026-07-19 17:29:00 +0100,PayPal Express Checkout,68,0,0,11.33,68,0,56.66666666666667,0,11.33333333333334
#32241,2026-07,counted,paid,fulfilled,2026-07-19 17:33:00 +0100,Shopify Payments,15,0,3.95,3.16,18.95,0,12.5,3.291666666666667,3.158333333333334
#32242,2026-07,counted,partially_refunded,fulfilled,2026-07-19 17:34:00 +0100,Shopify Payments,WELCOME5,135,5,0,21.67,130,39,75.83333333333334,0,15.16666666666667
#32243,2026-07,counted,paid,fulfilled,2026-07-19 17:38:00 +0100,Shopify Payments,53,0,0,8.83,53,0,44.16666666666667,0,8.833333333333336
#32244,2026-07,counted,paid,fulfilled,2026-07-19 18:09:00 +0100,Shopify Payments,SUMMER10,93,9.300000000000001,0,13.95,83.7,0,69.75,0,13.95
#32245,2026-07,counted,paid,fulfilled,2026-07-19 18:11:00 +0100,Shopify Payments,18,0,3.95,3.66,21.95,0,15,3.291666666666667,3.658333333333333
#32246,2026-07,counted,paid,fulfilled,2026-07-19 18:58:00 +0100,Shopify Payments,51,0,0,8.5,51,0,42.5,0,8.500000000000002
#32247,2026-07,counted,paid,fulfilled,2026-07-19 19:53:00 +0100,Shopify Payments,36,0,3.95,6.66,39.95,0,30,3.291666666666667,6.658333333333334
#32248,2026-07,counted,paid,fulfilled,2026-07-19 20:11:00 +0100,Shopify Payments,SUMMER10,48,4.8,3.95,7.86,47.15,0,36.00000000000001,3.291666666666667,7.858333333333335
#32249,2026-07,counted,paid,fulfilled,2026-07-19 20:15:00 +0100,Shopify Payments,30,0,3.95,5.66,33.95,0,25,3.291666666666667,5.658333333333334
#32250,2026-07,counted,refunded,fulfilled,2026-07-19 20:23:00 +0100,Shopify Payments,22.5,0,3.95,4.41,26.45,26.45,0,8.881784197001252e-16,1.480297366166876e-16
#32251,2026-07,counted,paid,fulfilled,2026-07-19 20:57:00 +0100,Shopify Payments,98,0,0,16.33,98,0,81.66666666666667,0,16.33333333333334
#32252,2026-07,counted,paid,fulfilled,2026-07-19 22:11:00 +0100,Shopify Payments,55,0,0,9.17,55,0,45.83333333333334,0,9.166666666666668
#32253,2026-07,counted,paid,fulfilled,2026-07-19 22:30:00 +0100,Shopify Payments,SUMMER10,139,13.9,0,20.85,125.1,0,104.25,0,20.85
#32254,2026-07,counted,partially_refunded,fulfilled,2026-07-19 22:55:00 +0100,Shopify Payments,21,0,3.95,4.16,24.95,4.99,13.34166666666667,3.291666666666667,3.326666666666666
#32255,2026-07,counted,paid,fulfilled,2026-07-20 07:00:00 +0100,Shopify Payments,WELCOME5,20,5,3.95,3.16,18.95,0,12.5,3.291666666666667,3.158333333333334
#32256,2026-07,counted,paid,fulfilled,2026-07-20 07:17:00 +0100,Shopify Payments,109.5,0,0,18.25,109.5,0,91.25,0,18.25
#32257,2026-07,counted,paid,fulfilled,2026-07-20 07:22:00 +0100,Shopify Payments,84,0,0,14,84,0,70,0,14
#32258,2026-07,counted,paid,fulfilled,2026-07-20 07:47:00 +0100,Shopify Payments,32,0,3.95,5.99,35.95,0,26.66666666666667,3.291666666666667,5.991666666666668
#32259,2026-07,counted,paid,fulfilled,2026-07-20 07:49:00 +0100,Shopify Payments,66,0,0,11,66,0,55,0,11
#32260,2026-07,counted,paid,fulfilled,2026-07-20 08:09:00 +0100,Shopify Payments,38,0,3.95,6.99,41.95,0,31.66666666666667,3.291666666666667,6.991666666666667
#32261,2026-07,counted,partially_refunded,fulfilled,2026-07-20 08:10:00 +0100,Shopify Payments,17,0,3.95,3.49,20.95,6.29,8.925000000000001,3.291666666666667,2.443333333333334
#32262,2026-07,counted,paid,fulfilled,2026-07-20 08:11:00 +0100,Shopify Payments,WELCOME5,79,5,0,12.33,74,0,61.66666666666667,0,12.33333333333333
#32263,2026-07,counted,paid,fulfilled,2026-07-20 08:18:00 +0100,Shopify Payments,91,0,0,15.17,91,0,75.83333333333334,0,15.16666666666667
#32264,2026-07,counted,paid,fulfilled,2026-07-20 08:21:00 +0100,Shopify Payments,SUMMER10,36,3.6,3.95,6.06,36.35,0,27,3.291666666666667,6.058333333333334
#32265,2026-07,counted,paid,fulfilled,2026-07-20 08:45:00 +0100,Shopify Payments,27,0,3.95,5.16,30.95,0,22.5,3.291666666666667,5.158333333333334
#32266,2026-07,counted,paid,fulfilled,2026-07-20 09:08:00 +0100,Gift card,SUMMER10,41.6,4.16,3.95,6.9,41.39,0,31.2,3.291666666666667,6.898333333333334
#32267,2026-07,counted,paid,fulfilled,2026-07-20 09:28:00 +0100,Shopify Payments,22,0,3.95,4.33,25.95,0,18.33333333333334,3.291666666666667,4.325
#32268,2026-07,counted,paid,fulfilled,2026-07-20 09:31:00 +0100,Shopify Payments,24,0,3.95,4.66,27.95,0,20,3.291666666666667,4.658333333333333
#32269,2026-07,counted,paid,fulfilled,2026-07-20 09:31:00 +0100,Shopify Payments,16,0,3.95,3.33,19.95,0,13.33333333333333,3.291666666666667,3.325
#32270,2026-07,counted,paid,fulfilled,2026-07-20 09:42:00 +0100,PayPal Express Checkout,45,0,3.95,8.16,48.95,0,37.5,3.291666666666667,8.158333333333335
#32271,2026-07,counted,paid,fulfilled,2026-07-20 10:04:00 +0100,Shopify Payments,9,0,3.95,2.16,12.95,0,7.5,3.291666666666667,2.158333333333333
#32272,2026-07,counted,paid,fulfilled,2026-07-20 10:21:00 +0100,Shopify Payments,31,0,3.95,5.83,34.95,0,25.83333333333334,3.291666666666667,5.825000000000001
#32273,2026-07,counted,paid,fulfilled,2026-07-20 10:23:00 +0100,Shopify Payments,32,0,3.95,5.99,35.95,0,26.66666666666667,3.291666666666667,5.991666666666668
#32274,2026-07,counted,paid,fulfilled,2026-07-20 10:24:00 +0100,Shopify Payments,SUMMER10,14,1.4,3.95,2.76,16.55,0,10.5,3.291666666666667,2.758333333333334
#32275,2026-07,counted,paid,fulfilled,2026-07-20 10:52:00 +0100,Shopify Payments,28,0,3.95,5.33,31.95,0,23.33333333333334,3.291666666666667,5.325000000000001
#32276,2026-07,counted,paid,fulfilled,2026-07-20 10:59:00 +0100,Shopify Payments,29,0,3.95,5.49,32.95,0,24.16666666666667,3.291666666666667,5.491666666666667
#32277,2026-07,counted,paid,fulfilled,2026-07-20 11:29:00 +0100,Shopify Payments,154,0,0,25.67,154,0,128.3333333333333,0,25.66666666666667
#32278,2026-07,counted,paid,fulfilled,2026-07-20 11:35:00 +0100,Shopify Payments,19,0,3.95,3.83,22.95,0,15.83333333333333,3.291666666666667,3.825
#32279,2026-07,counted,paid,fulfilled,2026-07-20 11:48:00 +0100,Shopify Payments,SUMMER10,14,1.4,3.95,2.76,16.55,0,10.5,3.291666666666667,2.758333333333334
#32280,2026-07,counted,paid,fulfilled,2026-07-20 12:17:00 +0100,Shopify Payments,86,0,0,14.33,86,0,71.66666666666667,0,14.33333333333333
#32281,2026-07,counted,paid,fulfilled,2026-07-20 12:22:00 +0100,Shopify Payments,74,0,0,12.33,74,0,61.66666666666667,0,12.33333333333333
#32282,2026-07,counted,paid,fulfilled,2026-07-20 12:29:00 +0100,Shopify Payments,SUMMER10,28,2.8,3.95,4.86,29.15,0,21,3.291666666666667,4.858333333333333
#32283,2026-07,counted,paid,fulfilled,2026-07-20 13:02:00 +0100,PayPal Express Checkout,96,0,0,16,96,0,80,0,16
#32284,2026-07,counted,paid,fulfilled,2026-07-20 13:03:00 +0100,Shopify Payments,185,0,0,30.83,185,0,154.1666666666667,0,30.83333333333334
#32285,2026-07,counted,paid,fulfilled,2026-07-20 13:41:00 +0100,Shopify Payments,63.5,0,0,10.58,63.5,0,52.91666666666667,0,10.58333333333333
#32286,2026-07,counted,paid,fulfilled,2026-07-20 13:57:00 +0100,Shopify Payments,36,0,3.95,6.66,39.95,0,30,3.291666666666667,6.658333333333334
#32287,2026-07,counted,paid,fulfilled,2026-07-20 14:02:00 +0100,Shopify Payments,18,0,3.95,3.66,21.95,0,15,3.291666666666667,3.658333333333333
#32288,2026-07,counted,paid,fulfilled,2026-07-20 14:20:00 +0100,Shopify Payments,83,0,0,13.83,83,0,69.16666666666667,0,13.83333333333334
#32289,2026-07,counted,paid,fulfilled,2026-07-20 14:57:00 +0100,Shopify Payments,WELCOME5,34,5,3.95,5.49,32.95,0,24.16666666666667,3.291666666666667,5.491666666666667
#32290,2026-07,counted,paid,fulfilled,2026-07-20 15:07:00 +0100,Shopify Payments,46,0,3.95,8.33,49.95,0,38.33333333333334,3.291666666666667,8.325000000000003
#32291,2026-07,counted,paid,fulfilled,2026-07-20 15:10:00 +0100,Shopify Payments,217,0,0,36.17,217,0,180.8333333333333,0,36.16666666666667
#32292,2026-07,counted,paid,fulfilled,2026-07-20 15:17:00 +0100,Shopify Payments,17,0,3.95,3.49,20.95,0,14.16666666666667,3.291666666666667,3.491666666666667
#32293,2026-07,counted,paid,fulfilled,2026-07-20 15:35:00 +0100,Shopify Payments,25,0,3.95,4.83,28.95,0,20.83333333333334,3.291666666666667,4.825
#32294,2026-07,counted,paid,fulfilled,2026-07-20 15:44:00 +0100,Shopify Payments,111,0,0,18.5,111,0,92.5,0,18.5
#32295,2026-07,counted,paid,fulfilled,2026-07-20 16:08:00 +0100,Gift card,26,0,3.95,4.99,29.95,0,21.66666666666667,3.291666666666667,4.991666666666667
#32296,2026-07,counted,paid,fulfilled,2026-07-20 16:30:00 +0100,Shopify Payments,44,0,3.95,7.99,47.95,0,36.66666666666667,3.291666666666667,7.991666666666668
#32297,2026-07,counted,paid,fulfilled,2026-07-20 16:35:00 +0100,Gift card,48,0,3.95,8.66,51.95,0,40,3.291666666666667,8.658333333333335
#32298,2026-07,counted,paid,fulfilled,2026-07-20 16:41:00 +0100,Shopify Payments,18,0,3.95,3.66,21.95,0,15,3.291666666666667,3.658333333333333
#32299,2026-07,counted,paid,fulfilled,2026-07-20 17:00:00 +0100,Shopify Payments,SUMMER10,76,7.6,0,11.4,68.40000000000001,0,57.00000000000001,0,11.4
#32300,2026-07,counted,paid,fulfilled,2026-07-20 17:08:00 +0100,Shopify Payments,64,0,0,10.67,64,0,53.33333333333334,0,10.66666666666667
#32301,2026-07,counted,paid,fulfilled,2026-07-20 17:18:00 +0100,Shopify Payments,305,0,0,50.83,305,0,254.1666666666667,0,50.83333333333334
#32302,2026-07,counted,paid,fulfilled,2026-07-20 17:41:00 +0100,Shopify Payments,90,0,0,15,90,0,75,0,15
#32303,2026-07,counted,paid,fulfilled,2026-07-20 18:17:00 +0100,Shopify Payments,136,0,0,22.67,136,0,113.3333333333333,0,22.66666666666667
#32304,2026-07,counted,paid,fulfilled,2026-07-20 18:27:00 +0100,PayPal Express Checkout,112,0,0,18.67,112,0,93.33333333333334,0,18.66666666666667
#32305,2026-07,counted,paid,fulfilled,2026-07-20 18:31:00 +0100,PayPal Express Checkout,153,0,0,25.5,153,0,127.5,0,25.5
#32306,2026-07,counted,paid,fulfilled,2026-07-20 19:27:00 +0100,Shopify Payments,41,0,3.95,7.49,44.95,0,34.16666666666667,3.291666666666667,7.491666666666667
#32307,2026-07,counted,refunded,fulfilled,2026-07-20 20:11:00 +0100,PayPal Express Checkout,SUMMER10,165,16.5,0,24.75,148.5,148.5,0,0,0
#32308,2026-07,counted,paid,fulfilled,2026-07-20 20:11:00 +0100,Shopify Payments,127,0,0,21.17,127,0,105.8333333333333,0,21.16666666666667
#32309,2026-07,counted,paid,fulfilled,2026-07-20 20:20:00 +0100,Shopify Payments,25,0,3.95,4.83,28.95,0,20.83333333333334,3.291666666666667,4.825
#32310,2026-07,counted,paid,fulfilled,2026-07-20 20:22:00 +0100,Shopify Payments,12,0,3.95,2.66,15.95,0,10,3.291666666666667,2.658333333333333
#32311,2026-07,counted,paid,fulfilled,2026-07-20 20:42:00 +0100,Shopify Payments,42,0,3.95,7.66,45.95,0,35,3.291666666666667,7.658333333333335
#32312,2026-07,counted,paid,fulfilled,2026-07-20 20:54:00 +0100,Shopify Payments,68,0,0,11.33,68,0,56.66666666666667,0,11.33333333333334
#32313,2026-07,counted,paid,fulfilled,2026-07-20 21:27:00 +0100,Shopify Payments,29.5,0,3.95,5.58,33.45,0,24.58333333333334,3.291666666666667,5.575000000000001
#32314,2026-07,counted,paid,fulfilled,2026-07-20 21:45:00 +0100,Shopify Payments,16,0,3.95,3.33,19.95,0,13.33333333333333,3.291666666666667,3.325
#32315,2026-07,counted,paid,fulfilled,2026-07-20 22:15:00 +0100,Shopify Payments,127,0,0,21.17,127,0,105.8333333333333,0,21.16666666666667
#32316,2026-07,counted,paid,fulfilled,2026-07-20 22:47:00 +0100,Shopify Payments,18,0,3.95,3.66,21.95,0,15,3.291666666666667,3.658333333333333
#32317,2026-07,counted,paid,fulfilled,2026-07-20 22:49:00 +0100,Shopify Payments,115,0,0,19.17,115,0,95.83333333333334,0,19.16666666666667
#32318,2026-07,counted,paid,fulfilled,2026-07-21 07:33:00 +0100,Shopify Payments,18,0,3.95,3.66,21.95,0,15,3.291666666666667,3.658333333333333
#32319,2026-07,counted,paid,fulfilled,2026-07-21 07:57:00 +0100,Shopify Payments,SUMMER10,69.5,6.95,0,10.43,62.55,0,52.125,0,10.425
#32320,2026-07,counted,refunded,fulfilled,2026-07-21 08:46:00 +0100,Shopify Payments,64.5,0,0,10.75,64.5,64.5,0,0,0
#32321,2026-07,counted,paid,fulfilled,2026-07-21 08:49:00 +0100,Shopify Payments,220,0,0,36.67,220,0,183.3333333333333,0,36.66666666666667
#32322,2026-07,counted,paid,fulfilled,2026-07-21 09:16:00 +0100,Shopify Payments,116,0,0,19.33,116,0,96.66666666666667,0,19.33333333333334
#32323,2026-07,counted,paid,fulfilled,2026-07-21 09:39:00 +0100,Shopify Payments,68,0,0,11.33,68,0,56.66666666666667,0,11.33333333333334
#32324,2026-07,counted,paid,fulfilled,2026-07-21 09:49:00 +0100,Shopify Payments,66,0,0,11,66,0,55,0,11
#32325,2026-07,counted,paid,fulfilled,2026-07-21 10:11:00 +0100,Shopify Payments,365,0,0,60.83,365,0,304.1666666666667,0,60.83333333333334
#32326,2026-07,counted,paid,fulfilled,2026-07-21 10:46:00 +0100,Shopify Payments,72,0,0,12,72,0,60,0,12
#32327,2026-07,counted,paid,fulfilled,2026-07-21 10:55:00 +0100,Shopify Payments,152,0,0,25.33,152,0,126.6666666666667,0,25.33333333333334
#32328,2026-07,counted,paid,fulfilled,2026-07-21 10:58:00 +0100,Shopify Payments,109,0,0,18.17,109,0,90.83333333333334,0,18.16666666666667
#32329,2026-07,counted,paid,fulfilled,2026-07-21 11:14:00 +0100,Shopify Payments,17,0,3.95,3.49,20.95,0,14.16666666666667,3.291666666666667,3.491666666666667
#32330,2026-07,counted,paid,fulfilled,2026-07-21 11:19:00 +0100,Shopify Payments,9,0,3.95,2.16,12.95,0,7.5,3.291666666666667,2.158333333333333
#32331,2026-07,counted,paid,fulfilled,2026-07-21 11:50:00 +0100,Shopify Payments,90,0,0,15,90,0,75,0,15
#32332,2026-07,counted,paid,fulfilled,2026-07-21 12:38:00 +0100,Gift card,WELCOME5,20,5,3.95,3.16,18.95,0,12.5,3.291666666666667,3.158333333333334
#32333,2026-07,counted,paid,fulfilled,2026-07-21 13:14:00 +0100,Shopify Payments,91,0,0,15.17,91,0,75.83333333333334,0,15.16666666666667
#32334,2026-07,counted,paid,fulfilled,2026-07-21 13:21:00 +0100,Shopify Payments,38,0,3.95,6.99,41.95,0,31.66666666666667,3.291666666666667,6.991666666666667
#32335,2026-07,counted,partially_refunded,fulfilled,2026-07-21 13:44:00 +0100,Shopify Payments,36,0,3.95,6.66,39.95,7.99,23.34166666666667,3.291666666666667,5.326666666666666
#32336,2026-07,counted,paid,fulfilled,2026-07-21 14:03:00 +0100,Shopify Payments,135,0,0,22.5,135,0,112.5,0,22.5
#32337,2026-07,counted,paid,fulfilled,2026-07-21 14:18:00 +0100,Shopify Payments,100,0,0,16.67,100,0,83.33333333333334,0,16.66666666666667
#32338,2026-07,counted,paid,fulfilled,2026-07-21 14:25:00 +0100,Shopify Payments,24,0,3.95,4.66,27.95,0,20,3.291666666666667,4.658333333333333
#32339,2026-07,counted,paid,fulfilled,2026-07-21 14:25:00 +0100,Shopify Payments,70,0,0,11.67,70,0,58.33333333333334,0,11.66666666666667
#32340,2026-07,counted,paid,fulfilled,2026-07-21 14:35:00 +0100,Gift card,81,0,0,13.5,81,0,67.5,0,13.5
#32341,2026-07,counted,paid,fulfilled,2026-07-21 14:51:00 +0100,Gift card,42,0,3.95,7.66,45.95,0,35,3.291666666666667,7.658333333333335
#32342,2026-07,counted,paid,fulfilled,2026-07-21 15:02:00 +0100,Shopify Payments,19,0,3.95,3.83,22.95,0,15.83333333333333,3.291666666666667,3.825
#32343,2026-07,counted,paid,fulfilled,2026-07-21 15:07:00 +0100,Shopify Payments,SUMMER10,16,1.6,3.95,3.06,18.35,0,12,3.291666666666667,3.058333333333334
#32344,2026-07,counted,paid,fulfilled,2026-07-21 15:10:00 +0100,Shopify Payments,102,0,0,17,102,0,85,0,17
#32345,2026-07,counted,paid,fulfilled,2026-07-21 15:15:00 +0100,Shopify Payments,7.5,0,3.95,1.91,11.45,0,6.25,3.291666666666667,1.908333333333333
#32346,2026-07,counted,paid,fulfilled,2026-07-21 15:49:00 +0100,Shopify Payments,SUMMER10,77,7.7,0,11.55,69.3,0,57.75,0,11.55
#32347,2026-07,counted,paid,fulfilled,2026-07-21 16:43:00 +0100,Shopify Payments,162,0,0,27,162,0,135,0,27
#32348,2026-07,counted,paid,fulfilled,2026-07-21 17:03:00 +0100,Shopify Payments,32,0,3.95,5.99,35.95,0,26.66666666666667,3.291666666666667,5.991666666666668
#32349,2026-07,counted,paid,fulfilled,2026-07-21 17:04:00 +0100,Shopify Payments,36,0,3.95,6.66,39.95,0,30,3.291666666666667,6.658333333333334
#32350,2026-07,counted,paid,fulfilled,2026-07-21 17:04:00 +0100,Shopify Payments,19,0,3.95,3.83,22.95,0,15.83333333333333,3.291666666666667,3.825
#32351,2026-07,counted,paid,fulfilled,2026-07-21 17:21:00 +0100,Shopify Payments,11,0,3.95,2.49,14.95,0,9.166666666666668,3.291666666666667,2.491666666666667
#32352,2026-07,counted,paid,fulfilled,2026-07-21 18:14:00 +0100,PayPal Express Checkout,26,0,3.95,4.99,29.95,0,21.66666666666667,3.291666666666667,4.991666666666667
#32353,2026-07,counted,paid,fulfilled,2026-07-21 19:14:00 +0100,Shopify Payments,27,0,3.95,5.16,30.95,0,22.5,3.291666666666667,5.158333333333334
#32354,2026-07,counted,refunded,fulfilled,2026-07-21 19:20:00 +0100,Shopify Payments,WELCOME5,136,5,0,21.83,131,131,0,0,0
#32355,2026-07,counted,paid,fulfilled,2026-07-21 19:28:00 +0100,Shopify Payments,104,0,0,17.33,104,0,86.66666666666667,0,17.33333333333334
#32356,2026-07,counted,paid,fulfilled,2026-07-21 19:33:00 +0100,Shopify Payments,28,0,3.95,5.33,31.95,0,23.33333333333334,3.291666666666667,5.325000000000001
#32357,2026-07,counted,paid,fulfilled,2026-07-21 19:36:00 +0100,Shopify Payments,32,0,3.95,5.99,35.95,0,26.66666666666667,3.291666666666667,5.991666666666668
#32358,2026-07,counted,paid,fulfilled,2026-07-21 19:48:00 +0100,Shopify Payments,17,0,3.95,3.49,20.95,0,14.16666666666667,3.291666666666667,3.491666666666667
#32359,2026-07,counted,paid,fulfilled,2026-07-21 20:29:00 +0100,Shopify Payments,16,0,3.95,3.33,19.95,0,13.33333333333333,3.291666666666667,3.325
#32360,2026-07,counted,paid,fulfilled,2026-07-21 20:37:00 +0100,Shopify Payments,36,0,3.95,6.66,39.95,0,30,3.291666666666667,6.658333333333334
#32361,2026-07,counted,paid,fulfilled,2026-07-21 20:47:00 +0100,Shopify Payments,18,0,3.95,3.66,21.95,0,15,3.291666666666667,3.658333333333333
#32362,2026-07,counted,paid,fulfilled,2026-07-21 21:21:00 +0100,Shopify Payments,SUMMER10,21,2.1,3.95,3.81,22.85,0,15.75,3.291666666666667,3.808333333333333
#32363,2026-07,counted,refunded,fulfilled,2026-07-21 21:25:00 +0100,Shopify Payments,53,0,0,8.83,53,53,0,0,0
#32364,2026-07,counted,paid,fulfilled,2026-07-21 21:35:00 +0100,Shopify Payments,54.5,0,0,9.08,54.5,0,45.41666666666667,0,9.083333333333334
#32365,2026-07,counted,paid,fulfilled,2026-07-21 21:55:00 +0100,PayPal Express Checkout,48,0,3.95,8.66,51.95,0,40,3.291666666666667,8.658333333333335
#32366,2026-07,counted,paid,fulfilled,2026-07-21 22:01:00 +0100,Shopify Payments,104,0,0,17.33,104,0,86.66666666666667,0,17.33333333333334
#32367,2026-07,counted,paid,fulfilled,2026-07-21 22:04:00 +0100,Shopify Payments,19,0,3.95,3.83,22.95,0,15.83333333333333,3.291666666666667,3.825
#32368,2026-07,counted,paid,fulfilled,2026-07-21 22:26:00 +0100,Shopify Payments,36,0,3.95,6.66,39.95,0,30,3.291666666666667,6.658333333333334
#32369,2026-07,counted,paid,fulfilled,2026-07-21 22:27:00 +0100,Shopify Payments,12,0,3.95,2.66,15.95,0,10,3.291666666666667,2.658333333333333
#32370,2026-07,counted,paid,fulfilled,2026-07-21 22:31:00 +0100,Shopify Payments,113,0,0,18.83,113,0,94.16666666666667,0,18.83333333333334
#32371,2026-07,counted,paid,fulfilled,2026-07-22 07:35:00 +0100,Shopify Payments,15,0,3.95,3.16,18.95,0,12.5,3.291666666666667,3.158333333333334
#32372,2026-07,counted,paid,fulfilled,2026-07-22 07:36:00 +0100,Shopify Payments,90,0,0,15,90,0,75,0,15
#32373,2026-07,counted,paid,fulfilled,2026-07-22 07:50:00 +0100,Shopify Payments,126,0,0,21,126,0,105,0,21
#32374,2026-07,counted,paid,fulfilled,2026-07-22 07:57:00 +0100,Shopify Payments,61,0,0,10.17,61,0,50.83333333333334,0,10.16666666666667
#32375,2026-07,counted,partially_refunded,fulfilled,2026-07-22 08:13:00 +0100,Shopify Payments,146,0,0,24.33,146,43.8,85.16666666666667,0,17.03333333333333
#32376,2026-07,counted,paid,fulfilled,2026-07-22 08:28:00 +0100,Shopify Payments,57,0,0,9.5,57,0,47.5,0,9.5
#32377,2026-07,counted,paid,fulfilled,2026-07-22 09:00:00 +0100,Shopify Payments,95,0,0,15.83,95,0,79.16666666666667,0,15.83333333333333
#32378,2026-07,counted,paid,fulfilled,2026-07-22 09:02:00 +0100,PayPal Express Checkout,SUMMER10,22,2.2,3.95,3.96,23.75,0,16.5,3.291666666666667,3.958333333333333
#32379,2026-07,counted,paid,fulfilled,2026-07-22 09:15:00 +0100,Shopify Payments,36,0,3.95,6.66,39.95,0,30,3.291666666666667,6.658333333333334
#32380,2026-07,counted,refunded,fulfilled,2026-07-22 09:35:00 +0100,Shopify Payments,WELCOME5,30,5,3.95,4.83,28.95,28.95,0,8.881784197001252e-16,1.480297366166876e-16
#32381,2026-07,counted,paid,fulfilled,2026-07-22 09:36:00 +0100,Shopify Payments,35,0,3.95,6.49,38.95,0,29.16666666666667,3.291666666666667,6.491666666666668
#32382,2026-07,counted,paid,fulfilled,2026-07-22 09:45:00 +0100,Shopify Payments,50,0,0,8.33,50,0,41.66666666666667,0,8.333333333333334
#32383,2026-07,counted,paid,fulfilled,2026-07-22 09:59:00 +0100,Shopify Payments,52,0,0,8.67,52,0,43.33333333333334,0,8.666666666666668
#32384,2026-07,counted,paid,fulfilled,2026-07-22 10:00:00 +0100,Shopify Payments,32,0,3.95,5.99,35.95,0,26.66666666666667,3.291666666666667,5.991666666666668
#32385,2026-07,counted,paid,fulfilled,2026-07-22 10:35:00 +0100,Shopify Payments,88,0,0,14.67,88,0,73.33333333333334,0,14.66666666666667
#32386,2026-07,counted,refunded,fulfilled,2026-07-22 11:00:00 +0100,Shopify Payments,24,0,3.95,4.66,27.95,27.95,0,8.881784197001252e-16,1.480297366166876e-16
#32387,2026-07,counted,paid,fulfilled,2026-07-22 12:03:00 +0100,Shopify Payments,12,0,3.95,2.66,15.95,0,10,3.291666666666667,2.658333333333333
#32388,2026-07,counted,paid,fulfilled,2026-07-22 12:56:00 +0100,Shopify Payments,47.5,0,3.95,8.58,51.45,0,39.58333333333334,3.291666666666667,8.575000000000001
#32389,2026-07,counted,paid,fulfilled,2026-07-22 13:11:00 +0100,Shopify Payments,14,0,3.95,2.99,17.95,0,11.66666666666667,3.291666666666667,2.991666666666667
#32390,2026-07,counted,paid,fulfilled,2026-07-22 13:30:00 +0100,Shopify Payments,30,0,3.95,5.66,33.95,0,25,3.291666666666667,5.658333333333334
#32391,2026-07,voided/cancelled,voided,unfulfilled,2026-07-22 13:56:00 +0100,Shopify Payments,150,0,0,25,150,0,125,0,25
#32392,2026-07,counted,paid,fulfilled,2026-07-22 14:17:00 +0100,Shopify Payments,14,0,3.95,2.99,17.95,0,11.66666666666667,3.291666666666667,2.991666666666667
#32393,2026-07,unshipped,refunded,unfulfilled,2026-07-22 14:22:00 +0100,Shopify Payments,16,0,3.95,3.33,19.95,19.95,0,8.881784197001252e-16,1.480297366166876e-16
#32394,2026-07,counted,paid,fulfilled,2026-07-22 14:26:00 +0100,Shopify Payments,106,0,0,17.67,106,0,88.33333333333334,0,17.66666666666667
#32395,2026-07,counted,paid,fulfilled,2026-07-22 14:28:00 +0100,Shopify Payments,95,0,0,15.83,95,0,79.16666666666667,0,15.83333333333333
#32396,2026-07,counted,paid,fulfilled,2026-07-22 14:28:00 +0100,PayPal Express Checkout,48,0,3.95,8.66,51.95,0,40,3.291666666666667,8.658333333333335
#32397,2026-07,counted,partially_refunded,fulfilled,2026-07-22 14:36:00 +0100,Shopify Payments,38,0,3.95,6.99,41.95,20.98,14.18333333333333,3.291666666666667,3.495
#32398,2026-07,counted,paid,fulfilled,2026-07-22 15:46:00 +0100,Shopify Payments,SUMMER10,159,15.9,0,23.85,143.1,0,119.25,0,23.85
#32399,2026-07,counted,paid,fulfilled,2026-07-22 17:29:00 +0100,PayPal Express Checkout,102,0,0,17,102,0,85,0,17
#32400,2026-07,counted,paid,fulfilled,2026-07-22 17:49:00 +0100,Shopify Payments,92,0,0,15.33,92,0,76.66666666666667,0,15.33333333333334
#32401,2026-07,counted,paid,fulfilled,2026-07-22 18:09:00 +0100,Shopify Payments,44,0,3.95,7.99,47.95,0,36.66666666666667,3.291666666666667,7.991666666666668
#32402,2026-07,counted,paid,fulfilled,2026-07-22 18:33:00 +0100,Shopify Payments,60,0,0,10,60,0,50,0,10
#32403,2026-07,counted,paid,fulfilled,2026-07-22 19:27:00 +0100,Shopify Payments,25,0,3.95,4.83,28.95,0,20.83333333333334,3.291666666666667,4.825
#32404,2026-07,counted,paid,fulfilled,2026-07-22 19:56:00 +0100,PayPal Express Checkout,76.59999999999999,0,0,12.77,76.59999999999999,0,63.83333333333333,0,12.76666666666667
#32405,2026-07,counted,paid,fulfilled,2026-07-22 20:36:00 +0100,Shopify Payments,SUMMER10,246.6,24.66,0,36.99,221.94,0,184.95,0,36.99000000000001
#32406,2026-07,counted,paid,fulfilled,2026-07-22 20:52:00 +0100,Shopify Payments,80,0,0,13.33,80,0,66.66666666666667,0,13.33333333333333
#32407,2026-07,counted,paid,fulfilled,2026-07-22 20:54:00 +0100,Shopify Payments,36,0,3.95,6.66,39.95,0,30,3.291666666666667,6.658333333333334
#32408,2026-07,counted,paid,fulfilled,2026-07-22 21:02:00 +0100,Shopify Payments,66,0,0,11,66,0,55,0,11
#32409,2026-07,counted,paid,fulfilled,2026-07-22 21:42:00 +0100,Shopify Payments,85,0,0,14.17,85,0,70.83333333333334,0,14.16666666666667
#32410,2026-07,counted,paid,fulfilled,2026-07-22 22:11:00 +0100,Shopify Payments,41,0,3.95,7.49,44.95,0,34.16666666666667,3.291666666666667,7.491666666666667
#32411,2026-07,counted,paid,fulfilled,2026-07-22 22:27:00 +0100,Shopify Payments,24,0,3.95,4.66,27.95,0,20,3.291666666666667,4.658333333333333
#32412,2026-07,counted,paid,fulfilled,2026-07-22 22:33:00 +0100,Gift card,WELCOME5,73.5,5,0,11.42,68.5,0,57.08333333333334,0,11.41666666666667
#32413,2026-07,counted,paid,fulfilled,2026-07-22 22:39:00 +0100,Shopify Payments,33.6,0,3.95,6.26,37.55,0,28,3.291666666666667,6.258333333333335
#32414,2026-07,counted,paid,fulfilled,2026-07-22 22:43:00 +0100,Shopify Payments,41,0,3.95,7.49,44.95,0,34.16666666666667,3.291666666666667,7.491666666666667
#32415,2026-07,counted,paid,fulfilled,2026-07-23 07:04:00 +0100,Shopify Payments,94,0,0,15.67,94,0,78.33333333333334,0,15.66666666666667
#32416,2026-07,counted,paid,fulfilled,2026-07-23 07:19:00 +0100,PayPal Express Checkout,WELCOME5,46,5,3.95,7.49,44.95,0,34.16666666666667,3.291666666666667,7.491666666666667
#32417,2026-07,counted,paid,fulfilled,2026-07-23 07:22:00 +0100,Shopify Payments,103,0,0,17.17,103,0,85.83333333333334,0,17.16666666666667
#32418,2026-07,counted,paid,fulfilled,2026-07-23 08:02:00 +0100,Shopify Payments,180,0,0,30,180,0,150,0,30
#32419,2026-07,counted,paid,fulfilled,2026-07-23 08:12:00 +0100,Shopify Payments,WELCOME5,34,5,3.95,5.49,32.95,0,24.16666666666667,3.291666666666667,5.491666666666667
#32420,2026-07,counted,paid,fulfilled,2026-07-23 08:28:00 +0100,Shopify Payments,64,0,0,10.67,64,0,53.33333333333334,0,10.66666666666667
#32421,2026-07,counted,paid,fulfilled,2026-07-23 08:38:00 +0100,Shopify Payments,76,0,0,12.67,76,0,63.33333333333334,0,12.66666666666667
#32422,2026-07,counted,refunded,fulfilled,2026-07-23 09:17:00 +0100,Shopify Payments,41,0,3.95,7.49,44.95,44.95,0,-2.220446049250313e-15,-4.440892098500627e-16
#32423,2026-07,counted,paid,fulfilled,2026-07-23 09:22:00 +0100,PayPal Express Checkout,WELCOME5,63,5,0,9.67,58,0,48.33333333333334,0,9.666666666666668
#32424,2026-07,counted,paid,fulfilled,2026-07-23 09:35:00 +0100,Shopify Payments,11,0,3.95,2.49,14.95,0,9.166666666666668,3.291666666666667,2.491666666666667
#32425,2026-07,counted,paid,fulfilled,2026-07-23 09:40:00 +0100,Shopify Payments,37.5,0,3.95,6.91,41.45,0,31.25,3.291666666666667,6.908333333333334
#32426,2026-07,counted,paid,fulfilled,2026-07-23 10:07:00 +0100,Shopify Payments,63,0,0,10.5,63,0,52.5,0,10.5
#32427,2026-07,counted,paid,fulfilled,2026-07-23 10:42:00 +0100,Shopify Payments,48,0,3.95,8.66,51.95,0,40,3.291666666666667,8.658333333333335
#32428,2026-07,counted,paid,fulfilled,2026-07-23 10:42:00 +0100,Shopify Payments,WELCOME5,68,5,0,10.5,63,0,52.5,0,10.5
#32429,2026-07,counted,paid,fulfilled,2026-07-23 10:53:00 +0100,Gift card,SUMMER10,30,3,3.95,5.16,30.95,0,22.5,3.291666666666667,5.158333333333334
#32430,2026-07,counted,paid,fulfilled,2026-07-23 12:01:00 +0100,Shopify Payments,40,0,3.95,7.33,43.95,0,33.33333333333334,3.291666666666667,7.325000000000001
#32431,2026-07,counted,paid,fulfilled,2026-07-23 12:13:00 +0100,Shopify Payments,64,0,0,10.67,64,0,53.33333333333334,0,10.66666666666667
#32432,2026-07,counted,paid,fulfilled,2026-07-23 12:55:00 +0100,Shopify Payments,224,0,0,37.33,224,0,186.6666666666667,0,37.33333333333334
#32433,2026-07,counted,paid,fulfilled,2026-07-23 12:55:00 +0100,Shopify Payments,114.5,0,0,19.08,114.5,0,95.41666666666667,0,19.08333333333334
#32434,2026-07,counted,paid,fulfilled,2026-07-23 14:01:00 +0100,Shopify Payments,56,0,0,9.33,56,0,46.66666666666667,0,9.333333333333334
#32435,2026-07,counted,paid,fulfilled,2026-07-23 14:17:00 +0100,"Gift card, Shopify Payments",36,0,3.95,6.66,39.95,0,30,3.291666666666667,6.658333333333334
#32436,2026-07,counted,paid,fulfilled,2026-07-23 14:17:00 +0100,Shopify Payments,24,0,3.95,4.66,27.95,0,20,3.291666666666667,4.658333333333333
#32437,2026-07,counted,partially_refunded,fulfilled,2026-07-23 14:18:00 +0100,Shopify Payments,27,0,3.95,5.16,30.95,6.19,17.34166666666667,3.291666666666667,4.126666666666667
#32438,2026-07,counted,refunded,fulfilled,2026-07-23 14:20:00 +0100,PayPal Express Checkout,55.5,0,0,9.25,55.5,55.5,0,0,0
#32439,2026-07,counted,paid,fulfilled,2026-07-23 14:24:00 +0100,Shopify Payments,SUMMER10,75.59999999999999,7.56,0,11.34,68.04000000000001,0,56.7,0,11.34
#32440,2026-07,counted,paid,fulfilled,2026-07-23 14:40:00 +0100,Shopify Payments,15,0,3.95,3.16,18.95,0,12.5,3.291666666666667,3.158333333333334
#32441,2026-07,counted,paid,fulfilled,2026-07-23 14:59:00 +0100,Shopify Payments,66,0,0,11,66,0,55,0,11
#32442,2026-07,counted,paid,fulfilled,2026-07-23 15:14:00 +0100,Shopify Payments,43,0,3.95,7.83,46.95,0,35.83333333333334,3.291666666666667,7.825000000000001
#32443,2026-07,counted,paid,fulfilled,2026-07-23 16:25:00 +0100,Shopify Payments,17,0,3.95,3.49,20.95,0,14.16666666666667,3.291666666666667,3.491666666666667
#32444,2026-07,counted,paid,fulfilled,2026-07-23 16:32:00 +0100,PayPal Express Checkout,117,0,0,19.5,117,0,97.5,0,19.5
#32445,2026-07,counted,paid,fulfilled,2026-07-23 16:33:00 +0100,"Gift card, Shopify Payments",39,0,3.95,7.16,42.95,0,32.5,3.291666666666667,7.158333333333335
#32446,2026-07,counted,paid,fulfilled,2026-07-23 16:47:00 +0100,Shopify Payments,93,0,0,15.5,93,0,77.5,0,15.5
#32447,2026-07,counted,paid,fulfilled,2026-07-23 17:15:00 +0100,Shopify Payments,22,0,3.95,4.33,25.95,0,18.33333333333334,3.291666666666667,4.325
#32448,2026-07,counted,paid,fulfilled,2026-07-23 17:27:00 +0100,Shopify Payments,21,0,3.95,4.16,24.95,0,17.5,3.291666666666667,4.158333333333334
#32449,2026-07,counted,paid,fulfilled,2026-07-23 17:39:00 +0100,Shopify Payments,24,0,3.95,4.66,27.95,0,20,3.291666666666667,4.658333333333333
#32450,2026-07,counted,paid,fulfilled,2026-07-23 17:40:00 +0100,Shopify Payments,66,0,0,11,66,0,55,0,11
#32451,2026-07,counted,paid,fulfilled,2026-07-23 18:05:00 +0100,Shopify Payments,42,0,3.95,7.66,45.95,0,35,3.291666666666667,7.658333333333335
#32452,2026-07,counted,paid,fulfilled,2026-07-23 18:08:00 +0100,Shopify Payments,138,0,0,23,138,0,115,0,23
#32453,2026-07,counted,paid,fulfilled,2026-07-23 18:21:00 +0100,Shopify Payments,SUMMER10,12,1.2,3.95,2.46,14.75,0,9.000000000000002,3.291666666666667,2.458333333333333
#32454,2026-07,counted,paid,fulfilled,2026-07-23 18:36:00 +0100,PayPal Express Checkout,38,0,3.95,6.99,41.95,0,31.66666666666667,3.291666666666667,6.991666666666667
#32455,2026-07,counted,paid,fulfilled,2026-07-23 20:47:00 +0100,Shopify Payments,SUMMER10,27,2.7,3.95,4.71,28.25,0,20.25,3.291666666666667,4.708333333333334
#32456,2026-07,counted,paid,fulfilled,2026-07-23 21:29:00 +0100,Shopify Payments,SUMMER10,98,9.800000000000001,0,14.7,88.2,0,73.5,0,14.7
#32457,2026-07,counted,paid,fulfilled,2026-07-23 22:12:00 +0100,Shopify Payments,12,0,3.95,2.66,15.95,0,10,3.291666666666667,2.658333333333333
#32458,2026-07,counted,paid,fulfilled,2026-07-24 07:11:00 +0100,PayPal Express Checkout,36,0,3.95,6.66,39.95,0,30,3.291666666666667,6.658333333333334
#32459,2026-07,counted,paid,fulfilled,2026-07-24 07:14:00 +0100,Shopify Payments,SUMMER10,110,11,0,16.5,99,0,82.5,0,16.5
#32460,2026-07,counted,paid,fulfilled,2026-07-24 08:56:00 +0100,Shopify Payments,84,0,0,14,84,0,70,0,14
#32461,2026-07,counted,paid,fulfilled,2026-07-24 09:13:00 +0100,Shopify Payments,54,0,0,9,54,0,45,0,9.000000000000002
#32462,2026-07,counted,paid,fulfilled,2026-07-24 09:31:00 +0100,PayPal Express Checkout,18,0,3.95,3.66,21.95,0,15,3.291666666666667,3.658333333333333
#32463,2026-07,counted,paid,fulfilled,2026-07-24 09:34:00 +0100,Shopify Payments,38,0,3.95,6.99,41.95,0,31.66666666666667,3.291666666666667,6.991666666666667
#32464,2026-07,counted,paid,fulfilled,2026-07-24 09:51:00 +0100,Shopify Payments,14,0,3.95,2.99,17.95,0,11.66666666666667,3.291666666666667,2.991666666666667
#32465,2026-07,counted,partially_refunded,fulfilled,2026-07-24 10:00:00 +0100,Shopify Payments,52,0,0,8.67,52,26,21.66666666666667,0,4.333333333333334
#32466,2026-07,counted,paid,fulfilled,2026-07-24 11:02:00 +0100,Shopify Payments,34,0,3.95,6.33,37.95,0,28.33333333333334,3.291666666666667,6.325000000000001
#32467,2026-07,counted,paid,fulfilled,2026-07-24 11:38:00 +0100,Shopify Payments,SUMMER10,21,2.1,3.95,3.81,22.85,0,15.75,3.291666666666667,3.808333333333333
#32468,2026-07,counted,paid,fulfilled,2026-07-24 11:41:00 +0100,Shopify Payments,30,0,3.95,5.66,33.95,0,25,3.291666666666667,5.658333333333334
#32469,2026-07,counted,paid,fulfilled,2026-07-24 11:47:00 +0100,PayPal Express Checkout,62,0,0,10.33,62,0,51.66666666666667,0,10.33333333333333
#32470,2026-07,counted,paid,fulfilled,2026-07-24 12:06:00 +0100,Shopify Payments,90,0,0,15,90,0,75,0,15
#32471,2026-07,counted,paid,fulfilled,2026-07-24 12:22:00 +0100,Shopify Payments,178,0,0,29.67,178,0,148.3333333333333,0,29.66666666666667
#32472,2026-07,counted,paid,fulfilled,2026-07-24 12:25:00 +0100,Shopify Payments,75,0,0,12.5,75,0,62.5,0,12.5
#32473,2026-07,counted,paid,fulfilled,2026-07-24 12:44:00 +0100,Gift card,108,0,0,18,108,0,90,0,18
#32474,2026-07,counted,paid,fulfilled,2026-07-24 13:30:00 +0100,Shopify Payments,23,0,3.95,4.49,26.95,0,19.16666666666667,3.291666666666667,4.491666666666667
#32475,2026-07,counted,paid,fulfilled,2026-07-24 13:44:00 +0100,Shopify Payments,44,0,3.95,7.99,47.95,0,36.66666666666667,3.291666666666667,7.991666666666668
#32476,2026-07,counted,paid,fulfilled,2026-07-24 13:58:00 +0100,Shopify Payments,72,0,0,12,72,0,60,0,12
#32477,2026-07,counted,paid,fulfilled,2026-07-24 14:19:00 +0100,Shopify Payments,SUMMER10,109,10.9,0,16.35,98.09999999999999,0,81.75,0,16.35
#32478,2026-07,counted,paid,fulfilled,2026-07-24 14:34:00 +0100,Shopify Payments,SUMMER10,6,0.6,3.95,1.56,9.35,0,4.500000000000001,3.291666666666667,1.558333333333334
#32479,2026-07,counted,paid,fulfilled,2026-07-24 14:43:00 +0100,Shopify Payments,172,0,0,28.67,172,0,143.3333333333333,0,28.66666666666667
#32480,2026-07,counted,paid,fulfilled,2026-07-24 15:05:00 +0100,Shopify Payments,36,0,3.95,6.66,39.95,0,30,3.291666666666667,6.658333333333334
#32481,2026-07,counted,paid,fulfilled,2026-07-24 15:10:00 +0100,Shopify Payments,14,0,3.95,2.99,17.95,0,11.66666666666667,3.291666666666667,2.991666666666667
#32482,2026-07,counted,paid,fulfilled,2026-07-24 15:40:00 +0100,Shopify Payments,SUMMER10,55.2,5.52,3.95,8.94,53.63,0,41.40000000000001,3.291666666666667,8.938333333333336
#32483,2026-07,counted,paid,fulfilled,2026-07-24 17:00:00 +0100,PayPal Express Checkout,22,0,3.95,4.33,25.95,0,18.33333333333334,3.291666666666667,4.325
#32484,2026-07,counted,paid,fulfilled,2026-07-24 17:17:00 +0100,Shopify Payments,38,0,3.95,6.99,41.95,0,31.66666666666667,3.291666666666667,6.991666666666667
#32485,2026-07,counted,paid,fulfilled,2026-07-24 17:32:00 +0100,Shopify Payments,SUMMER10,122,12.2,0,18.3,109.8,0,91.5,0,18.3
#32486,2026-07,counted,paid,fulfilled,2026-07-24 18:05:00 +0100,Shopify Payments,98,0,0,16.33,98,0,81.66666666666667,0,16.33333333333334
#32487,2026-07,counted,paid,fulfilled,2026-07-24 18:35:00 +0100,Shopify Payments,63,0,0,10.5,63,0,52.5,0,10.5
#32488,2026-07,counted,paid,fulfilled,2026-07-24 18:39:00 +0100,Shopify Payments,36,0,3.95,6.66,39.95,0,30,3.291666666666667,6.658333333333334
#32489,2026-07,counted,paid,fulfilled,2026-07-24 18:49:00 +0100,Gift card,32,0,3.95,5.99,35.95,0,26.66666666666667,3.291666666666667,5.991666666666668
#32490,2026-07,counted,paid,fulfilled,2026-07-24 18:53:00 +0100,Shopify Payments,106,0,0,17.67,106,0,88.33333333333334,0,17.66666666666667
#32491,2026-07,counted,paid,fulfilled,2026-07-24 19:29:00 +0100,Shopify Payments,36,0,3.95,6.66,39.95,0,30,3.291666666666667,6.658333333333334
#32492,2026-07,counted,paid,fulfilled,2026-07-24 19:54:00 +0100,Shopify Payments,27,0,3.95,5.16,30.95,0,22.5,3.291666666666667,5.158333333333334
#32493,2026-07,counted,paid,fulfilled,2026-07-24 20:11:00 +0100,Shopify Payments,25,0,3.95,4.83,28.95,0,20.83333333333334,3.291666666666667,4.825
#32494,2026-07,counted,paid,fulfilled,2026-07-24 21:04:00 +0100,Shopify Payments,30,0,3.95,5.66,33.95,0,25,3.291666666666667,5.658333333333334
#32495,2026-07,counted,paid,fulfilled,2026-07-24 21:26:00 +0100,PayPal Express Checkout,57,0,0,9.5,57,0,47.5,0,9.5
#32496,2026-07,counted,paid,fulfilled,2026-07-24 21:28:00 +0100,Shopify Payments,52,0,0,8.67,52,0,43.33333333333334,0,8.666666666666668
#32497,2026-07,counted,paid,fulfilled,2026-07-24 21:43:00 +0100,Shopify Payments,36,0,3.95,6.66,39.95,0,30,3.291666666666667,6.658333333333334
#32498,2026-07,counted,paid,fulfilled,2026-07-24 22:23:00 +0100,Shopify Payments,150,0,0,25,150,0,125,0,25
#32499,2026-07,counted,paid,fulfilled,2026-07-24 22:43:00 +0100,Shopify Payments,43,0,3.95,7.83,46.95,0,35.83333333333334,3.291666666666667,7.825000000000001
#32500,2026-07,counted,paid,fulfilled,2026-07-25 07:39:00 +0100,Shopify Payments,22,0,3.95,4.33,25.95,0,18.33333333333334,3.291666666666667,4.325
#32501,2026-07,counted,paid,fulfilled,2026-07-25 07:49:00 +0100,PayPal Express Checkout,32,0,3.95,5.99,35.95,0,26.66666666666667,3.291666666666667,5.991666666666668
#32502,2026-07,counted,paid,fulfilled,2026-07-25 08:51:00 +0100,Shopify Payments,83.5,0,0,13.92,83.5,0,69.58333333333334,0,13.91666666666667
#32503,2026-07,counted,paid,fulfilled,2026-07-25 09:09:00 +0100,Shopify Payments,90,0,0,15,90,0,75,0,15
#32504,2026-07,counted,paid,fulfilled,2026-07-25 09:17:00 +0100,Shopify Payments,21,0,3.95,4.16,24.95,0,17.5,3.291666666666667,4.158333333333334
#32505,2026-07,counted,paid,fulfilled,2026-07-25 09:43:00 +0100,"Gift card, Shopify Payments",WELCOME5,42,5,3.95,6.83,40.95,0,30.83333333333334,3.291666666666667,6.825000000000001
#32506,2026-07,counted,paid,fulfilled,2026-07-25 09:48:00 +0100,Shopify Payments,76,0,0,12.67,76,0,63.33333333333334,0,12.66666666666667
#32507,2026-07,counted,paid,fulfilled,2026-07-25 10:21:00 +0100,Shopify Payments,46,0,3.95,8.33,49.95,0,38.33333333333334,3.291666666666667,8.325000000000003
#32508,2026-07,counted,paid,fulfilled,2026-07-25 11:08:00 +0100,Shopify Payments,178,0,0,29.67,178,0,148.3333333333333,0,29.66666666666667
#32509,2026-07,counted,paid,fulfilled,2026-07-25 11:14:00 +0100,PayPal Express Checkout,90,0,0,15,90,0,75,0,15
#32510,2026-07,counted,paid,fulfilled,2026-07-25 11:51:00 +0100,Shopify Payments,102,0,0,17,102,0,85,0,17
#32511,2026-07,counted,paid,fulfilled,2026-07-25 12:12:00 +0100,Shopify Payments,24.6,0,3.95,4.76,28.55,0,20.5,3.291666666666667,4.758333333333335
#32512,2026-07,counted,paid,fulfilled,2026-07-25 12:19:00 +0100,Shopify Payments,54,0,0,9,54,0,45,0,9.000000000000002
#32513,2026-07,counted,paid,fulfilled,2026-07-25 12:19:00 +0100,Shopify Payments,75,0,0,12.5,75,0,62.5,0,12.5
#32514,2026-07,counted,paid,fulfilled,2026-07-25 12:21:00 +0100,"Gift card, Shopify Payments",141,0,0,23.5,141,0,117.5,0,23.5
#32515,2026-07,counted,paid,fulfilled,2026-07-25 12:44:00 +0100,Shopify Payments,19.5,0,3.95,3.91,23.45,0,16.25,3.291666666666667,3.908333333333334
#32516,2026-07,counted,paid,fulfilled,2026-07-25 13:15:00 +0100,Shopify Payments,30,0,3.95,5.66,33.95,0,25,3.291666666666667,5.658333333333334
#32517,2026-07,counted,paid,fulfilled,2026-07-25 13:24:00 +0100,Gift card,118,0,0,19.67,118,0,98.33333333333334,0,19.66666666666667
#32518,2026-07,counted,paid,fulfilled,2026-07-25 13:56:00 +0100,Shopify Payments,18,0,3.95,3.66,21.95,0,15,3.291666666666667,3.658333333333333
#32519,2026-07,counted,paid,fulfilled,2026-07-25 14:08:00 +0100,Shopify Payments,245,0,0,40.83,245,0,204.1666666666667,0,40.83333333333334
#32520,2026-07,counted,paid,fulfilled,2026-07-25 14:10:00 +0100,Shopify Payments,11,0,3.95,2.49,14.95,0,9.166666666666668,3.291666666666667,2.491666666666667
#32521,2026-07,counted,paid,fulfilled,2026-07-25 14:14:00 +0100,Shopify Payments,72,0,0,12,72,0,60,0,12
#32522,2026-07,counted,paid,fulfilled,2026-07-25 14:18:00 +0100,Shopify Payments,85,0,0,14.17,85,0,70.83333333333334,0,14.16666666666667
#32523,2026-07,counted,paid,fulfilled,2026-07-25 14:23:00 +0100,Shopify Payments,28,0,3.95,5.33,31.95,0,23.33333333333334,3.291666666666667,5.325000000000001
#32524,2026-07,counted,paid,fulfilled,2026-07-25 14:37:00 +0100,PayPal Express Checkout,32,0,3.95,5.99,35.95,0,26.66666666666667,3.291666666666667,5.991666666666668
#32525,2026-07,counted,paid,fulfilled,2026-07-25 14:49:00 +0100,Shopify Payments,51,0,0,8.5,51,0,42.5,0,8.500000000000002
#32526,2026-07,counted,paid,fulfilled,2026-07-25 15:11:00 +0100,Shopify Payments,40,0,3.95,7.33,43.95,0,33.33333333333334,3.291666666666667,7.325000000000001
#32527,2026-07,counted,paid,fulfilled,2026-07-25 15:17:00 +0100,Shopify Payments,48,0,3.95,8.66,51.95,0,40,3.291666666666667,8.658333333333335
#32528,2026-07,counted,paid,fulfilled,2026-07-25 15:25:00 +0100,PayPal Express Checkout,25,0,3.95,4.83,28.95,0,20.83333333333334,3.291666666666667,4.825
#32529,2026-07,counted,paid,fulfilled,2026-07-25 15:31:00 +0100,Shopify Payments,9,0,3.95,2.16,12.95,0,7.5,3.291666666666667,2.158333333333333
#32530,2026-07,counted,paid,fulfilled,2026-07-25 16:08:00 +0100,Shopify Payments,48,0,3.95,8.66,51.95,0,40,3.291666666666667,8.658333333333335
#32531,2026-07,counted,paid,fulfilled,2026-07-25 16:09:00 +0100,Shopify Payments,53,0,0,8.83,53,0,44.16666666666667,0,8.833333333333336
#32532,2026-07,counted,paid,fulfilled,2026-07-25 16:12:00 +0100,Gift card,38,0,3.95,6.99,41.95,0,31.66666666666667,3.291666666666667,6.991666666666667
#32533,2026-07,counted,partially_refunded,fulfilled,2026-07-25 16:13:00 +0100,Shopify Payments,126,0,0,21,126,37.8,73.5,0,14.7
#32534,2026-07,counted,paid,fulfilled,2026-07-25 16:30:00 +0100,Shopify Payments,135,0,0,22.5,135,0,112.5,0,22.5
#32535,2026-07,counted,paid,fulfilled,2026-07-25 16:44:00 +0100,Shopify Payments,28,0,3.95,5.33,31.95,0,23.33333333333334,3.291666666666667,5.325000000000001
#32536,2026-07,counted,partially_refunded,fulfilled,2026-07-25 17:55:00 +0100,Shopify Payments,SUMMER10,32,3.2,3.95,5.46,32.75,16.38,10.35,3.291666666666667,2.728333333333334
#32537,2026-07,counted,paid,fulfilled,2026-07-25 18:00:00 +0100,Shopify Payments,139,0,0,23.17,139,0,115.8333333333333,0,23.16666666666667
#32538,2026-07,counted,paid,fulfilled,2026-07-25 18:06:00 +0100,Shopify Payments,22,0,3.95,4.33,25.95,0,18.33333333333334,3.291666666666667,4.325
#32539,2026-07,counted,paid,fulfilled,2026-07-25 18:21:00 +0100,Shopify Payments,15,0,3.95,3.16,18.95,0,12.5,3.291666666666667,3.158333333333334
#32540,2026-07,counted,paid,fulfilled,2026-07-25 19:04:00 +0100,Shopify Payments,89,0,0,14.83,89,0,74.16666666666667,0,14.83333333333333
#32541,2026-07,counted,paid,fulfilled,2026-07-25 19:34:00 +0100,Shopify Payments,81,0,0,13.5,81,0,67.5,0,13.5
#32542,2026-07,counted,refunded,fulfilled,2026-07-25 20:05:00 +0100,Shopify Payments,53,0,0,8.83,53,53,0,0,0
#32543,2026-07,counted,paid,fulfilled,2026-07-25 20:06:00 +0100,Shopify Payments,SUMMER10,50,5,3.95,8.16,48.95,0,37.5,3.291666666666667,8.158333333333335
#32544,2026-07,counted,paid,fulfilled,2026-07-25 20:45:00 +0100,Gift card,72,0,0,12,72,0,60,0,12
#32545,2026-07,counted,paid,fulfilled,2026-07-25 21:26:00 +0100,Shopify Payments,17,0,3.95,3.49,20.95,0,14.16666666666667,3.291666666666667,3.491666666666667
#32546,2026-07,counted,paid,fulfilled,2026-07-25 22:05:00 +0100,Shopify Payments,28,0,3.95,5.33,31.95,0,23.33333333333334,3.291666666666667,5.325000000000001
#32547,2026-07,counted,paid,fulfilled,2026-07-25 22:06:00 +0100,Shopify Payments,105,0,0,17.5,105,0,87.5,0,17.5
#32548,2026-07,counted,paid,fulfilled,2026-07-25 22:07:00 +0100,Shopify Payments,167,0,0,27.83,167,0,139.1666666666667,0,27.83333333333333
#32549,2026-07,counted,paid,fulfilled,2026-07-25 22:39:00 +0100,Shopify Payments,57,0,0,9.5,57,0,47.5,0,9.5
#32550,2026-07,counted,paid,fulfilled,2026-07-25 22:47:00 +0100,Shopify Payments,315,0,0,52.5,315,0,262.5,0,52.5
#32551,2026-07,counted,paid,fulfilled,2026-07-26 07:41:00 +0100,Shopify Payments,83,0,0,13.83,83,0,69.16666666666667,0,13.83333333333334
#32552,2026-07,counted,paid,fulfilled,2026-07-26 07:46:00 +0100,Shopify Payments,82,0,0,13.67,82,0,68.33333333333334,0,13.66666666666667
#32553,2026-07,counted,paid,fulfilled,2026-07-26 08:13:00 +0100,Shopify Payments,33,0,3.95,6.16,36.95,0,27.5,3.291666666666667,6.158333333333334
#32554,2026-07,counted,paid,fulfilled,2026-07-26 08:25:00 +0100,Shopify Payments,180,0,0,30,180,0,150,0,30
#32555,2026-07,counted,paid,fulfilled,2026-07-26 08:27:00 +0100,Shopify Payments,31,0,3.95,5.83,34.95,0,25.83333333333334,3.291666666666667,5.825000000000001
#32556,2026-07,counted,paid,fulfilled,2026-07-26 08:42:00 +0100,Shopify Payments,77,0,0,12.83,77,0,64.16666666666667,0,12.83333333333333
#32557,2026-07,counted,paid,fulfilled,2026-07-26 09:26:00 +0100,"Gift card, Shopify Payments",22,0,3.95,4.33,25.95,0,18.33333333333334,3.291666666666667,4.325
#32558,2026-07,counted,paid,fulfilled,2026-07-26 09:37:00 +0100,Shopify Payments,65,0,0,10.83,65,0,54.16666666666667,0,10.83333333333333
#32559,2026-07,counted,refunded,fulfilled,2026-07-26 09:50:00 +0100,Shopify Payments,88,0,0,14.67,88,88,0,0,0
#32560,2026-07,counted,paid,fulfilled,2026-07-26 09:57:00 +0100,Shopify Payments,64,0,0,10.67,64,0,53.33333333333334,0,10.66666666666667
#32561,2026-07,counted,paid,fulfilled,2026-07-26 10:21:00 +0100,Shopify Payments,48,0,3.95,8.66,51.95,0,40,3.291666666666667,8.658333333333335
#32562,2026-07,counted,paid,fulfilled,2026-07-26 11:02:00 +0100,Shopify Payments,79.5,0,0,13.25,79.5,0,66.25,0,13.25
#32563,2026-07,counted,paid,fulfilled,2026-07-26 11:26:00 +0100,Shopify Payments,120,0,0,20,120,0,100,0,20
#32564,2026-07,counted,paid,fulfilled,2026-07-26 11:55:00 +0100,Shopify Payments,36,0,3.95,6.66,39.95,0,30,3.291666666666667,6.658333333333334
#32565,2026-07,counted,paid,fulfilled,2026-07-26 11:56:00 +0100,Shopify Payments,36,0,3.95,6.66,39.95,0,30,3.291666666666667,6.658333333333334
#32566,2026-07,counted,paid,fulfilled,2026-07-26 12:28:00 +0100,Shopify Payments,19.5,0,3.95,3.91,23.45,0,16.25,3.291666666666667,3.908333333333334
#32567,2026-07,counted,paid,fulfilled,2026-07-26 12:34:00 +0100,Shopify Payments,SUMMER10,126,12.6,0,18.9,113.4,0,94.50000000000001,0,18.9
#32568,2026-07,counted,paid,fulfilled,2026-07-26 12:47:00 +0100,Shopify Payments,72,0,0,12,72,0,60,0,12
#32569,2026-07,counted,paid,fulfilled,2026-07-26 13:15:00 +0100,Shopify Payments,35,0,3.95,6.49,38.95,0,29.16666666666667,3.291666666666667,6.491666666666668
#32570,2026-07,counted,paid,fulfilled,2026-07-26 13:16:00 +0100,Shopify Payments,63,0,0,10.5,63,0,52.5,0,10.5
#32571,2026-07,counted,paid,fulfilled,2026-07-26 13:18:00 +0100,Shopify Payments,382,0,0,63.67,382,0,318.3333333333334,0,63.66666666666667
#32572,2026-07,counted,paid,fulfilled,2026-07-26 13:31:00 +0100,Shopify Payments,101,0,0,16.83,101,0,84.16666666666667,0,16.83333333333334
#32573,2026-07,counted,paid,fulfilled,2026-07-26 13:43:00 +0100,Shopify Payments,17,0,3.95,3.49,20.95,0,14.16666666666667,3.291666666666667,3.491666666666667
#32574,2026-07,counted,paid,fulfilled,2026-07-26 13:55:00 +0100,Shopify Payments,145,0,0,24.17,145,0,120.8333333333333,0,24.16666666666667
#32575,2026-07,counted,paid,fulfilled,2026-07-26 14:00:00 +0100,Shopify Payments,33,0,3.95,6.16,36.95,0,27.5,3.291666666666667,6.158333333333334
#32576,2026-07,counted,paid,fulfilled,2026-07-26 14:25:00 +0100,Shopify Payments,SUMMER10,57,5.7,0,8.550000000000001,51.3,0,42.75,0,8.550000000000001
#32577,2026-07,counted,paid,fulfilled,2026-07-26 14:25:00 +0100,Shopify Payments,14,0,3.95,2.99,17.95,0,11.66666666666667,3.291666666666667,2.991666666666667
#32578,2026-07,counted,paid,fulfilled,2026-07-26 14:26:00 +0100,Shopify Payments,22,0,3.95,4.33,25.95,0,18.33333333333334,3.291666666666667,4.325
#32579,2026-07,counted,paid,fulfilled,2026-07-26 14:31:00 +0100,Shopify Payments,149,0,0,24.83,149,0,124.1666666666667,0,24.83333333333334
#32580,2026-07,counted,paid,fulfilled,2026-07-26 14:40:00 +0100,Shopify Payments,68,0,0,11.33,68,0,56.66666666666667,0,11.33333333333334
#32581,2026-07,counted,paid,fulfilled,2026-07-26 14:51:00 +0100,Shopify Payments,108.5,0,0,18.08,108.5,0,90.41666666666667,0,18.08333333333334
#32582,2026-07,counted,paid,fulfilled,2026-07-26 15:05:00 +0100,Shopify Payments,16,0,3.95,3.33,19.95,0,13.33333333333333,3.291666666666667,3.325
#32583,2026-07,counted,paid,fulfilled,2026-07-26 16:36:00 +0100,Shopify Payments,19,0,3.95,3.83,22.95,0,15.83333333333333,3.291666666666667,3.825
#32584,2026-07,counted,partially_refunded,fulfilled,2026-07-26 16:52:00 +0100,Shopify Payments,26,0,3.95,4.99,29.95,14.98,9.183333333333334,3.291666666666667,2.495
#32585,2026-07,counted,paid,fulfilled,2026-07-26 17:04:00 +0100,Shopify Payments,26,0,3.95,4.99,29.95,0,21.66666666666667,3.291666666666667,4.991666666666667
#32586,2026-07,counted,paid,fulfilled,2026-07-26 17:15:00 +0100,Shopify Payments,34,0,3.95,6.33,37.95,0,28.33333333333334,3.291666666666667,6.325000000000001
#32587,2026-07,counted,paid,fulfilled,2026-07-26 17:21:00 +0100,Shopify Payments,34,0,3.95,6.33,37.95,0,28.33333333333334,3.291666666666667,6.325000000000001
#32588,2026-07,counted,paid,fulfilled,2026-07-26 17:23:00 +0100,Shopify Payments,65,0,0,10.83,65,0,54.16666666666667,0,10.83333333333333
#32589,2026-07,counted,paid,fulfilled,2026-07-26 17:33:00 +0100,Shopify Payments,60,0,0,10,60,0,50,0,10
#32590,2026-07,counted,refunded,fulfilled,2026-07-26 17:46:00 +0100,Shopify Payments,81,0,0,13.5,81,81,0,0,0
#32591,2026-07,counted,paid,fulfilled,2026-07-26 18:33:00 +0100,"Gift card, Shopify Payments",34,0,3.95,6.33,37.95,0,28.33333333333334,3.291666666666667,6.325000000000001
#32592,2026-07,counted,paid,fulfilled,2026-07-26 18:45:00 +0100,Shopify Payments,82,0,0,13.67,82,0,68.33333333333334,0,13.66666666666667
#32593,2026-07,counted,paid,fulfilled,2026-07-26 18:55:00 +0100,Shopify Payments,WELCOME5,88,5,0,13.83,83,0,69.16666666666667,0,13.83333333333334
#32594,2026-07,counted,paid,fulfilled,2026-07-26 18:57:00 +0100,Shopify Payments,20,0,3.95,3.99,23.95,0,16.66666666666667,3.291666666666667,3.991666666666667
#32595,2026-07,counted,paid,fulfilled,2026-07-26 19:25:00 +0100,Shopify Payments,99,0,0,16.5,99,0,82.5,0,16.5
#32596,2026-07,counted,paid,fulfilled,2026-07-26 19:25:00 +0100,Shopify Payments,40,0,3.95,7.33,43.95,0,33.33333333333334,3.291666666666667,7.325000000000001
#32597,2026-07,counted,paid,fulfilled,2026-07-26 20:23:00 +0100,Shopify Payments,162,0,0,27,162,0,135,0,27
#32598,2026-07,counted,paid,fulfilled,2026-07-26 20:49:00 +0100,Shopify Payments,60,0,0,10,60,0,50,0,10
#32599,2026-07,counted,paid,fulfilled,2026-07-26 21:02:00 +0100,PayPal Express Checkout,69.59999999999999,0,0,11.6,69.59999999999999,0,58,0,11.6
#32600,2026-07,counted,paid,fulfilled,2026-07-26 21:43:00 +0100,Shopify Payments,36,0,3.95,6.66,39.95,0,30,3.291666666666667,6.658333333333334
#32601,2026-07,counted,paid,fulfilled,2026-07-26 22:08:00 +0100,PayPal Express Checkout,66,0,0,11,66,0,55,0,11
#32602,2026-07,counted,paid,fulfilled,2026-07-26 22:17:00 +0100,PayPal Express Checkout,105,0,0,17.5,105,0,87.5,0,17.5
#32603,2026-07,counted,paid,fulfilled,2026-07-26 22:24:00 +0100,Shopify Payments,38,0,3.95,6.99,41.95,0,31.66666666666667,3.291666666666667,6.991666666666667
#32604,2026-07,counted,partially_refunded,fulfilled,2026-07-26 22:26:00 +0100,Shopify Payments,32,0,3.95,5.99,35.95,10.79,17.675,3.291666666666667,4.193333333333333
#32605,2026-07,counted,paid,fulfilled,2026-07-27 07:58:00 +0100,Shopify Payments,113,0,0,18.83,113,0,94.16666666666667,0,18.83333333333334
#32606,2026-07,counted,paid,fulfilled,2026-07-27 08:03:00 +0100,Shopify Payments,26,0,3.95,4.99,29.95,0,21.66666666666667,3.291666666666667,4.991666666666667
#32607,2026-07,counted,paid,fulfilled,2026-07-27 08:19:00 +0100,Shopify Payments,88,0,0,14.67,88,0,73.33333333333334,0,14.66666666666667
#32608,2026-07,counted,paid,fulfilled,2026-07-27 08:26:00 +0100,Shopify Payments,42,0,3.95,7.66,45.95,0,35,3.291666666666667,7.658333333333335
#32609,2026-07,counted,paid,fulfilled,2026-07-27 08:36:00 +0100,Shopify Payments,48,0,3.95,8.66,51.95,0,40,3.291666666666667,8.658333333333335
#32610,2026-07,counted,paid,fulfilled,2026-07-27 08:46:00 +0100,Shopify Payments,75,0,0,12.5,75,0,62.5,0,12.5
#32611,2026-07,counted,paid,fulfilled,2026-07-27 09:09:00 +0100,Gift card,87,0,0,14.5,87,0,72.5,0,14.5
#32612,2026-07,counted,paid,fulfilled,2026-07-27 10:38:00 +0100,PayPal Express Checkout,7.5,0,3.95,1.91,11.45,0,6.25,3.291666666666667,1.908333333333333
#32613,2026-07,counted,paid,fulfilled,2026-07-27 10:45:00 +0100,Shopify Payments,97.5,0,0,16.25,97.5,0,81.25,0,16.25
#32614,2026-07,counted,paid,fulfilled,2026-07-27 11:56:00 +0100,Shopify Payments,25,0,3.95,4.83,28.95,0,20.83333333333334,3.291666666666667,4.825
#32615,2026-07,counted,paid,fulfilled,2026-07-27 12:18:00 +0100,Shopify Payments,126,0,0,21,126,0,105,0,21
#32616,2026-07,voided/cancelled,voided,unfulfilled,2026-07-27 12:21:00 +0100,Shopify Payments,93,0,0,15.5,93,0,77.5,0,15.5
#32617,2026-07,counted,paid,fulfilled,2026-07-27 12:42:00 +0100,Shopify Payments,85,0,0,14.17,85,0,70.83333333333334,0,14.16666666666667
#32618,2026-07,counted,paid,fulfilled,2026-07-27 13:11:00 +0100,Shopify Payments,36,0,3.95,6.66,39.95,0,30,3.291666666666667,6.658333333333334
#32619,2026-07,counted,paid,fulfilled,2026-07-27 13:12:00 +0100,Shopify Payments,78,0,0,13,78,0,65,0,13
#32620,2026-07,counted,paid,fulfilled,2026-07-27 13:15:00 +0100,PayPal Express Checkout,SUMMER10,15,1.5,3.95,2.91,17.45,0,11.25,3.291666666666667,2.908333333333334
#32621,2026-07,counted,paid,fulfilled,2026-07-27 13:53:00 +0100,Shopify Payments,47,0,3.95,8.49,50.95,0,39.16666666666667,3.291666666666667,8.491666666666669
#32622,2026-07,counted,paid,fulfilled,2026-07-27 14:49:00 +0100,Shopify Payments,209,0,0,34.83,209,0,174.1666666666667,0,34.83333333333334
#32623,2026-07,counted,paid,fulfilled,2026-07-27 15:28:00 +0100,Shopify Payments,SUMMER10,28.8,2.88,3.95,4.98,29.87,0,21.6,3.291666666666667,4.978333333333333
#32624,2026-07,counted,paid,fulfilled,2026-07-27 15:42:00 +0100,Shopify Payments,129.5,0,0,21.58,129.5,0,107.9166666666667,0,21.58333333333334
#32625,2026-07,counted,paid,fulfilled,2026-07-27 15:45:00 +0100,Shopify Payments,32,0,3.95,5.99,35.95,0,26.66666666666667,3.291666666666667,5.991666666666668
#32626,2026-07,counted,paid,fulfilled,2026-07-27 16:12:00 +0100,Shopify Payments,15,0,3.95,3.16,18.95,0,12.5,3.291666666666667,3.158333333333334
#32627,2026-07,counted,paid,fulfilled,2026-07-27 16:30:00 +0100,Shopify Payments,131,0,0,21.83,131,0,109.1666666666667,0,21.83333333333334
#32628,2026-07,counted,paid,fulfilled,2026-07-27 17:10:00 +0100,Shopify Payments,14,0,3.95,2.99,17.95,0,11.66666666666667,3.291666666666667,2.991666666666667
#32629,2026-07,counted,paid,fulfilled,2026-07-27 17:21:00 +0100,Shopify Payments,9.6,0,3.95,2.26,13.55,0,8,3.291666666666667,2.258333333333334
#32630,2026-07,counted,paid,fulfilled,2026-07-27 17:33:00 +0100,Shopify Payments,153,0,0,25.5,153,0,127.5,0,25.5
#32631,2026-07,counted,paid,fulfilled,2026-07-27 17:33:00 +0100,Shopify Payments,90,0,0,15,90,0,75,0,15
#32632,2026-07,counted,paid,fulfilled,2026-07-27 18:25:00 +0100,Shopify Payments,56,0,0,9.33,56,0,46.66666666666667,0,9.333333333333334
#32633,2026-07,counted,refunded,fulfilled,2026-07-27 18:28:00 +0100,Shopify Payments,44,0,3.95,7.99,47.95,47.95,0,-2.220446049250313e-15,-4.440892098500627e-16
#32634,2026-07,counted,paid,fulfilled,2026-07-27 18:37:00 +0100,Shopify Payments,114.5,0,0,19.08,114.5,0,95.41666666666667,0,19.08333333333334
#32635,2026-07,counted,paid,fulfilled,2026-07-27 18:48:00 +0100,Shopify Payments,94,0,0,15.67,94,0,78.33333333333334,0,15.66666666666667
#32636,2026-07,counted,paid,fulfilled,2026-07-27 18:57:00 +0100,Shopify Payments,28,0,3.95,5.33,31.95,0,23.33333333333334,3.291666666666667,5.325000000000001
#32637,2026-07,counted,paid,fulfilled,2026-07-27 18:58:00 +0100,Shopify Payments,81,0,0,13.5,81,0,67.5,0,13.5
#32638,2026-07,counted,paid,fulfilled,2026-07-27 19:46:00 +0100,Shopify Payments,SUMMER10,110,11,0,16.5,99,0,82.5,0,16.5
#32639,2026-07,counted,paid,fulfilled,2026-07-27 19:50:00 +0100,Shopify Payments,36,0,3.95,6.66,39.95,0,30,3.291666666666667,6.658333333333334
#32640,2026-07,counted,paid,fulfilled,2026-07-27 20:06:00 +0100,Shopify Payments,22,0,3.95,4.33,25.95,0,18.33333333333334,3.291666666666667,4.325
#32641,2026-07,counted,paid,fulfilled,2026-07-27 21:09:00 +0100,PayPal Express Checkout,48,0,3.95,8.66,51.95,0,40,3.291666666666667,8.658333333333335
#32642,2026-07,counted,paid,fulfilled,2026-07-27 21:25:00 +0100,Shopify Payments,146,0,0,24.33,146,0,121.6666666666667,0,24.33333333333334
#32643,2026-07,counted,paid,fulfilled,2026-07-27 21:39:00 +0100,Shopify Payments,SUMMER10,185,18.5,0,27.75,166.5,0,138.75,0,27.75
#32644,2026-07,counted,paid,fulfilled,2026-07-27 21:50:00 +0100,Shopify Payments,202,0,0,33.67,202,0,168.3333333333333,0,33.66666666666667
#32645,2026-07,counted,paid,fulfilled,2026-07-27 22:14:00 +0100,Shopify Payments,104,0,0,17.33,104,0,86.66666666666667,0,17.33333333333334
#32646,2026-07,counted,paid,fulfilled,2026-07-27 22:22:00 +0100,Shopify Payments,14,0,3.95,2.99,17.95,0,11.66666666666667,3.291666666666667,2.991666666666667
#32647,2026-07,counted,paid,fulfilled,2026-07-27 22:25:00 +0100,PayPal Express Checkout,68,0,0,11.33,68,0,56.66666666666667,0,11.33333333333334
#32648,2026-07,counted,paid,fulfilled,2026-07-27 22:28:00 +0100,Shopify Payments,18,0,3.95,3.66,21.95,0,15,3.291666666666667,3.658333333333333
#32649,2026-07,counted,paid,fulfilled,2026-07-28 07:08:00 +0100,Shopify Payments,86,0,0,14.33,86,0,71.66666666666667,0,14.33333333333333
#32650,2026-07,counted,paid,fulfilled,2026-07-28 07:20:00 +0100,PayPal Express Checkout,SUMMER10,24,2.4,3.95,4.26,25.55,0,18,3.291666666666667,4.258333333333334
#32651,2026-07,counted,paid,fulfilled,2026-07-28 07:49:00 +0100,Shopify Payments,52,0,0,8.67,52,0,43.33333333333334,0,8.666666666666668
#32652,2026-07,counted,paid,fulfilled,2026-07-28 08:05:00 +0100,Shopify Payments,140.6,0,0,23.43,140.6,0,117.1666666666667,0,23.43333333333333
#32653,2026-07,counted,paid,fulfilled,2026-07-28 08:13:00 +0100,Shopify Payments,39,0,3.95,7.16,42.95,0,32.5,3.291666666666667,7.158333333333335
#32654,2026-07,counted,paid,fulfilled,2026-07-28 08:16:00 +0100,Shopify Payments,78,0,0,13,78,0,65,0,13
#32655,2026-07,counted,paid,fulfilled,2026-07-28 08:33:00 +0100,Shopify Payments,15,0,3.95,3.16,18.95,0,12.5,3.291666666666667,3.158333333333334
#32656,2026-07,counted,paid,fulfilled,2026-07-28 08:35:00 +0100,Shopify Payments,16,0,3.95,3.33,19.95,0,13.33333333333333,3.291666666666667,3.325
#32657,2026-07,counted,paid,fulfilled,2026-07-28 09:09:00 +0100,Shopify Payments,114,0,0,19,114,0,95,0,19
#32658,2026-07,counted,paid,fulfilled,2026-07-28 09:36:00 +0100,Shopify Payments,191,0,0,31.83,191,0,159.1666666666667,0,31.83333333333334
#32659,2026-07,counted,paid,fulfilled,2026-07-28 10:09:00 +0100,Gift card,84,0,0,14,84,0,70,0,14
#32660,2026-07,counted,paid,fulfilled,2026-07-28 11:09:00 +0100,Shopify Payments,32,0,3.95,5.99,35.95,0,26.66666666666667,3.291666666666667,5.991666666666668
#32661,2026-07,counted,paid,fulfilled,2026-07-28 11:22:00 +0100,Shopify Payments,121,0,0,20.17,121,0,100.8333333333333,0,20.16666666666667
#32662,2026-07,counted,paid,fulfilled,2026-07-28 13:29:00 +0100,Gift card,57,0,0,9.5,57,0,47.5,0,9.5
#32663,2026-07,counted,paid,fulfilled,2026-07-28 13:47:00 +0100,Shopify Payments,38,0,3.95,6.99,41.95,0,31.66666666666667,3.291666666666667,6.991666666666667
#32664,2026-07,counted,paid,fulfilled,2026-07-28 14:00:00 +0100,Shopify Payments,SUMMER10,26,2.6,3.95,4.56,27.35,0,19.5,3.291666666666667,4.558333333333334
#32665,2026-07,counted,paid,fulfilled,2026-07-28 14:06:00 +0100,Shopify Payments,96,0,0,16,96,0,80,0,16
#32666,2026-07,counted,paid,fulfilled,2026-07-28 14:45:00 +0100,Shopify Payments,22.5,0,3.95,4.41,26.45,0,18.75,3.291666666666667,4.408333333333333
#32667,2026-07,counted,paid,fulfilled,2026-07-28 15:02:00 +0100,Shopify Payments,30,0,3.95,5.66,33.95,0,25,3.291666666666667,5.658333333333334
#32668,2026-07,counted,paid,fulfilled,2026-07-28 16:05:00 +0100,Shopify Payments,84,0,0,14,84,0,70,0,14
#32669,2026-07,counted,paid,fulfilled,2026-07-28 16:21:00 +0100,Shopify Payments,42,0,3.95,7.66,45.95,0,35,3.291666666666667,7.658333333333335
#32670,2026-07,counted,paid,fulfilled,2026-07-28 16:54:00 +0100,Shopify Payments,142,0,0,23.67,142,0,118.3333333333333,0,23.66666666666667
#32671,2026-07,counted,paid,fulfilled,2026-07-28 17:22:00 +0100,Shopify Payments,54,0,0,9,54,0,45,0,9.000000000000002
#32672,2026-07,counted,paid,fulfilled,2026-07-28 17:50:00 +0100,Shopify Payments,SUMMER10,40,4,3.95,6.66,39.95,0,30,3.291666666666667,6.658333333333334
#32673,2026-07,counted,paid,fulfilled,2026-07-28 17:54:00 +0100,Shopify Payments,SUMMER10,14,1.4,3.95,2.76,16.55,0,10.5,3.291666666666667,2.758333333333334
#32674,2026-07,counted,paid,fulfilled,2026-07-28 18:53:00 +0100,Shopify Payments,87,0,0,14.5,87,0,72.5,0,14.5
#32675,2026-07,counted,paid,fulfilled,2026-07-28 19:30:00 +0100,Shopify Payments,24,0,3.95,4.66,27.95,0,20,3.291666666666667,4.658333333333333
#32676,2026-07,counted,paid,fulfilled,2026-07-28 19:33:00 +0100,Shopify Payments,95,0,0,15.83,95,0,79.16666666666667,0,15.83333333333333
#32677,2026-07,counted,paid,fulfilled,2026-07-28 19:37:00 +0100,Shopify Payments,283.5,0,0,47.25,283.5,0,236.25,0,47.25000000000001
#32678,2026-07,counted,paid,fulfilled,2026-07-28 20:03:00 +0100,Shopify Payments,72,0,0,12,72,0,60,0,12
#32679,2026-07,counted,paid,fulfilled,2026-07-28 20:13:00 +0100,Shopify Payments,SUMMER10,103,10.3,0,15.45,92.7,0,77.25,0,15.45
#32680,2026-07,counted,paid,fulfilled,2026-07-28 20:29:00 +0100,Shopify Payments,144,0,0,24,144,0,120,0,24
#32681,2026-07,counted,paid,fulfilled,2026-07-28 21:02:00 +0100,Shopify Payments,86,0,0,14.33,86,0,71.66666666666667,0,14.33333333333333
#32682,2026-07,counted,paid,fulfilled,2026-07-28 21:43:00 +0100,Shopify Payments,15,0,3.95,3.16,18.95,0,12.5,3.291666666666667,3.158333333333334
#32683,2026-07,counted,paid,fulfilled,2026-07-28 22:01:00 +0100,Gift card,SUMMER10,195,19.5,0,29.25,175.5,0,146.25,0,29.25
#32684,2026-07,counted,paid,fulfilled,2026-07-28 22:59:00 +0100,Shopify Payments,204,0,0,34,204,0,170,0,34.00000000000001
#32685,2026-07,counted,paid,fulfilled,2026-07-29 07:21:00 +0100,PayPal Express Checkout,WELCOME5,38,5,3.95,6.16,36.95,0,27.5,3.291666666666667,6.158333333333334
#32686,2026-07,counted,paid,fulfilled,2026-07-29 08:30:00 +0100,Shopify Payments,40,0,3.95,7.33,43.95,0,33.33333333333334,3.291666666666667,7.325000000000001
#32687,2026-07,counted,paid,fulfilled,2026-07-29 08:30:00 +0100,Shopify Payments,18,0,3.95,3.66,21.95,0,15,3.291666666666667,3.658333333333333
#32688,2026-07,counted,paid,fulfilled,2026-07-29 08:33:00 +0100,Shopify Payments,28,0,3.95,5.33,31.95,0,23.33333333333334,3.291666666666667,5.325000000000001
#32689,2026-07,counted,paid,fulfilled,2026-07-29 09:00:00 +0100,Shopify Payments,106,0,0,17.67,106,0,88.33333333333334,0,17.66666666666667
#32690,2026-07,counted,paid,fulfilled,2026-07-29 09:26:00 +0100,Shopify Payments,127.5,0,0,21.25,127.5,0,106.25,0,21.25
#32691,2026-07,counted,paid,fulfilled,2026-07-29 09:26:00 +0100,Shopify Payments,42,0,3.95,7.66,45.95,0,35,3.291666666666667,7.658333333333335
#32692,2026-07,counted,paid,fulfilled,2026-07-29 09:38:00 +0100,Shopify Payments,113,0,0,18.83,113,0,94.16666666666667,0,18.83333333333334
#32693,2026-07,counted,paid,fulfilled,2026-07-29 09:39:00 +0100,Shopify Payments,12,0,3.95,2.66,15.95,0,10,3.291666666666667,2.658333333333333
#32694,2026-07,counted,paid,fulfilled,2026-07-29 09:48:00 +0100,Shopify Payments,SUMMER10,62,6.2,0,9.300000000000001,55.8,0,46.5,0,9.300000000000001
#32695,2026-07,counted,paid,fulfilled,2026-07-29 11:21:00 +0100,Shopify Payments,SUMMER10,114,11.4,0,17.1,102.6,0,85.5,0,17.1
#32696,2026-07,counted,paid,fulfilled,2026-07-29 11:57:00 +0100,Shopify Payments,30,0,3.95,5.66,33.95,0,25,3.291666666666667,5.658333333333334
#32697,2026-07,counted,paid,fulfilled,2026-07-29 12:22:00 +0100,Shopify Payments,134,0,0,22.33,134,0,111.6666666666667,0,22.33333333333334
#32698,2026-07,counted,paid,fulfilled,2026-07-29 12:24:00 +0100,Shopify Payments,26,0,3.95,4.99,29.95,0,21.66666666666667,3.291666666666667,4.991666666666667
#32699,2026-07,counted,paid,fulfilled,2026-07-29 12:29:00 +0100,PayPal Express Checkout,17,0,3.95,3.49,20.95,0,14.16666666666667,3.291666666666667,3.491666666666667
#32700,2026-07,unshipped,refunded,unfulfilled,2026-07-29 13:02:00 +0100,Shopify Payments,9,0,3.95,2.16,12.95,12.95,0,8.881784197001252e-16,1.480297366166876e-16
#32701,2026-07,counted,paid,fulfilled,2026-07-29 13:26:00 +0100,Shopify Payments,33,0,3.95,6.16,36.95,0,27.5,3.291666666666667,6.158333333333334
#32702,2026-07,counted,refunded,fulfilled,2026-07-29 13:29:00 +0100,Shopify Payments,29.6,0,3.95,5.59,33.55,33.55,0,3.552713678800501e-15,7.401486830834377e-16
#32703,2026-07,counted,paid,fulfilled,2026-07-29 13:45:00 +0100,Shopify Payments,108,0,0,18,108,0,90,0,18
#32704,2026-07,counted,paid,fulfilled,2026-07-29 13:52:00 +0100,Shopify Payments,12,0,3.95,2.66,15.95,0,10,3.291666666666667,2.658333333333333
#32705,2026-07,counted,paid,fulfilled,2026-07-29 14:06:00 +0100,Shopify Payments,78,0,0,13,78,0,65,0,13
#32706,2026-07,counted,paid,fulfilled,2026-07-29 14:13:00 +0100,Shopify Payments,45,0,3.95,8.16,48.95,0,37.5,3.291666666666667,8.158333333333335
#32707,2026-07,counted,paid,fulfilled,2026-07-29 14:25:00 +0100,Shopify Payments,106,0,0,17.67,106,0,88.33333333333334,0,17.66666666666667
#32708,2026-07,counted,paid,fulfilled,2026-07-29 14:52:00 +0100,Shopify Payments,16,0,3.95,3.33,19.95,0,13.33333333333333,3.291666666666667,3.325
#32709,2026-07,counted,paid,fulfilled,2026-07-29 15:33:00 +0100,Shopify Payments,35,0,3.95,6.49,38.95,0,29.16666666666667,3.291666666666667,6.491666666666668
#32710,2026-07,counted,paid,fulfilled,2026-07-29 15:58:00 +0100,Shopify Payments,33,0,3.95,6.16,36.95,0,27.5,3.291666666666667,6.158333333333334
#32711,2026-07,counted,paid,fulfilled,2026-07-29 16:12:00 +0100,PayPal Express Checkout,22,0,3.95,4.33,25.95,0,18.33333333333334,3.291666666666667,4.325
#32712,2026-07,counted,paid,fulfilled,2026-07-29 16:27:00 +0100,Shopify Payments,54,0,0,9,54,0,45,0,9.000000000000002
#32713,2026-07,counted,paid,fulfilled,2026-07-29 17:21:00 +0100,Shopify Payments,195,0,0,32.5,195,0,162.5,0,32.5
#32714,2026-07,counted,paid,fulfilled,2026-07-29 17:29:00 +0100,Shopify Payments,51,0,0,8.5,51,0,42.5,0,8.500000000000002
#32715,2026-07,counted,refunded,fulfilled,2026-07-29 17:36:00 +0100,Shopify Payments,46,0,3.95,8.33,49.95,49.95,0,-2.220446049250313e-15,-4.440892098500627e-16
#32716,2026-07,counted,paid,fulfilled,2026-07-29 17:41:00 +0100,Shopify Payments,30,0,3.95,5.66,33.95,0,25,3.291666666666667,5.658333333333334
#32717,2026-07,counted,paid,fulfilled,2026-07-29 17:54:00 +0100,Shopify Payments,103.5,0,0,17.25,103.5,0,86.25,0,17.25
#32718,2026-07,counted,paid,fulfilled,2026-07-29 18:00:00 +0100,Shopify Payments,72,0,0,12,72,0,60,0,12
#32719,2026-07,counted,paid,fulfilled,2026-07-29 18:19:00 +0100,Shopify Payments,79,0,0,13.17,79,0,65.83333333333334,0,13.16666666666667
#32720,2026-07,counted,paid,fulfilled,2026-07-29 18:25:00 +0100,Shopify Payments,15,0,3.95,3.16,18.95,0,12.5,3.291666666666667,3.158333333333334
#32721,2026-07,counted,paid,fulfilled,2026-07-29 18:32:00 +0100,Shopify Payments,20,0,3.95,3.99,23.95,0,16.66666666666667,3.291666666666667,3.991666666666667
#32722,2026-07,counted,partially_refunded,fulfilled,2026-07-29 18:43:00 +0100,Shopify Payments,28,0,3.95,5.33,31.95,9.59,15.34166666666667,3.291666666666667,3.726666666666667
#32723,2026-07,test order,paid,fulfilled,2026-07-29 18:48:00 +0100,Shopify Payments,test,57,0,0,9.5,57,0,47.5,0,9.5
#32724,2026-07,counted,paid,fulfilled,2026-07-29 19:03:00 +0100,Shopify Payments,SUMMER10,136.5,13.65,0,20.48,122.85,0,102.375,0,20.475
#32725,2026-07,counted,paid,fulfilled,2026-07-29 19:57:00 +0100,Shopify Payments,155,0,0,25.83,155,0,129.1666666666667,0,25.83333333333334
#32726,2026-07,counted,paid,fulfilled,2026-07-29 20:02:00 +0100,Shopify Payments,104,0,0,17.33,104,0,86.66666666666667,0,17.33333333333334
#32727,2026-07,counted,paid,fulfilled,2026-07-29 20:20:00 +0100,Shopify Payments,79,0,0,13.17,79,0,65.83333333333334,0,13.16666666666667
#32728,2026-07,counted,paid,fulfilled,2026-07-29 20:39:00 +0100,Shopify Payments,SUMMER10,19,1.9,3.95,3.51,21.05,0,14.25,3.291666666666667,3.508333333333333
#32729,2026-07,counted,paid,fulfilled,2026-07-29 20:42:00 +0100,PayPal Express Checkout,93,0,0,15.5,93,0,77.5,0,15.5
#32730,2026-07,counted,paid,fulfilled,2026-07-29 20:45:00 +0100,Shopify Payments,83,0,0,13.83,83,0,69.16666666666667,0,13.83333333333334
#32731,2026-07,counted,paid,fulfilled,2026-07-29 21:13:00 +0100,Shopify Payments,78,0,0,13,78,0,65,0,13
#32732,2026-07,counted,paid,fulfilled,2026-07-29 21:16:00 +0100,"Gift card, Shopify Payments",79,0,0,13.17,79,0,65.83333333333334,0,13.16666666666667
#32733,2026-07,counted,paid,fulfilled,2026-07-29 22:05:00 +0100,Shopify Payments,28,0,3.95,5.33,31.95,0,23.33333333333334,3.291666666666667,5.325000000000001
#32734,2026-07,counted,partially_refunded,fulfilled,2026-07-29 22:11:00 +0100,Shopify Payments,155.5,0,0,25.92,155.5,77.75,64.79166666666667,0,12.95833333333333
#32735,2026-07,counted,paid,fulfilled,2026-07-29 22:14:00 +0100,PayPal Express Checkout,51,0,0,8.5,51,0,42.5,0,8.500000000000002
#32736,2026-07,counted,paid,fulfilled,2026-07-29 22:47:00 +0100,Shopify Payments,204,0,0,34,204,0,170,0,34.00000000000001
#32737,2026-07,counted,paid,fulfilled,2026-07-30 08:09:00 +0100,Shopify Payments,SUMMER10,131,13.1,0,19.65,117.9,0,98.25000000000001,0,19.65
#32738,2026-07,counted,paid,fulfilled,2026-07-30 09:09:00 +0100,Shopify Payments,21,0,3.95,4.16,24.95,0,17.5,3.291666666666667,4.158333333333334
#32739,2026-07,counted,paid,fulfilled,2026-07-30 09:25:00 +0100,Shopify Payments,38,0,3.95,6.99,41.95,0,31.66666666666667,3.291666666666667,6.991666666666667
#32740,2026-07,counted,paid,fulfilled,2026-07-30 09:35:00 +0100,Shopify Payments,SUMMER10,74,7.4,0,11.1,66.59999999999999,0,55.5,0,11.1
#32741,2026-07,counted,paid,fulfilled,2026-07-30 09:43:00 +0100,Shopify Payments,54,0,0,9,54,0,45,0,9.000000000000002
#32742,2026-07,counted,paid,fulfilled,2026-07-30 09:53:00 +0100,Shopify Payments,46,0,3.95,8.33,49.95,0,38.33333333333334,3.291666666666667,8.325000000000003
#32743,2026-07,counted,paid,fulfilled,2026-07-30 10:33:00 +0100,Shopify Payments,15,0,3.95,3.16,18.95,0,12.5,3.291666666666667,3.158333333333334
#32744,2026-07,counted,paid,fulfilled,2026-07-30 10:41:00 +0100,Shopify Payments,66,0,0,11,66,0,55,0,11
#32745,2026-07,counted,paid,fulfilled,2026-07-30 11:18:00 +0100,Shopify Payments,130,0,0,21.67,130,0,108.3333333333333,0,21.66666666666667
#32746,2026-07,counted,paid,fulfilled,2026-07-30 11:55:00 +0100,Shopify Payments,65,0,0,10.83,65,0,54.16666666666667,0,10.83333333333333
#32747,2026-07,counted,paid,fulfilled,2026-07-30 12:07:00 +0100,Shopify Payments,WELCOME5,28,5,3.95,4.49,26.95,0,19.16666666666667,3.291666666666667,4.491666666666667
#32748,2026-07,counted,paid,fulfilled,2026-07-30 12:15:00 +0100,Shopify Payments,72,0,0,12,72,0,60,0,12
#32749,2026-07,counted,paid,fulfilled,2026-07-30 13:07:00 +0100,Shopify Payments,11,0,3.95,2.49,14.95,0,9.166666666666668,3.291666666666667,2.491666666666667
#32750,2026-07,counted,paid,fulfilled,2026-07-30 14:01:00 +0100,Shopify Payments,22,0,3.95,4.33,25.95,0,18.33333333333334,3.291666666666667,4.325
#32751,2026-07,counted,paid,fulfilled,2026-07-30 14:03:00 +0100,Shopify Payments,26,0,3.95,4.99,29.95,0,21.66666666666667,3.291666666666667,4.991666666666667
#32752,2026-07,counted,paid,fulfilled,2026-07-30 14:37:00 +0100,Shopify Payments,160,0,0,26.67,160,0,133.3333333333333,0,26.66666666666667
#32753,2026-07,counted,paid,fulfilled,2026-07-30 14:40:00 +0100,Shopify Payments,106,0,0,17.67,106,0,88.33333333333334,0,17.66666666666667
#32754,2026-07,counted,paid,fulfilled,2026-07-30 15:15:00 +0100,Shopify Payments,11,0,3.95,2.49,14.95,0,9.166666666666668,3.291666666666667,2.491666666666667
#32755,2026-07,counted,paid,fulfilled,2026-07-30 15:25:00 +0100,Shopify Payments,54,0,0,9,54,0,45,0,9.000000000000002
#32756,2026-07,counted,paid,fulfilled,2026-07-30 15:32:00 +0100,PayPal Express Checkout,12,0,3.95,2.66,15.95,0,10,3.291666666666667,2.658333333333333
#32757,2026-07,counted,paid,fulfilled,2026-07-30 15:46:00 +0100,Shopify Payments,84,0,0,14,84,0,70,0,14
#32758,2026-07,counted,paid,fulfilled,2026-07-30 15:53:00 +0100,Shopify Payments,33.5,0,3.95,6.24,37.45,0,27.91666666666667,3.291666666666667,6.241666666666668
#32759,2026-07,counted,partially_refunded,fulfilled,2026-07-30 15:55:00 +0100,Shopify Payments,30,0,3.95,5.66,33.95,10.19,16.50833333333333,3.291666666666667,3.960000000000001
#32760,2026-07,counted,paid,fulfilled,2026-07-30 16:05:00 +0100,Shopify Payments,15,0,3.95,3.16,18.95,0,12.5,3.291666666666667,3.158333333333334
#32761,2026-07,counted,paid,fulfilled,2026-07-30 16:55:00 +0100,PayPal Express Checkout,31,0,3.95,5.83,34.95,0,25.83333333333334,3.291666666666667,5.825000000000001
#32762,2026-07,test order,paid,fulfilled,2026-07-30 17:45:00 +0100,Shopify Payments,test,57,0,0,9.5,57,0,47.5,0,9.5
#32763,2026-07,counted,paid,fulfilled,2026-07-30 18:23:00 +0100,PayPal Express Checkout,17,0,3.95,3.49,20.95,0,14.16666666666667,3.291666666666667,3.491666666666667
#32764,2026-07,counted,paid,fulfilled,2026-07-30 18:50:00 +0100,Shopify Payments,173,0,0,28.83,173,0,144.1666666666667,0,28.83333333333334
#32765,2026-07,counted,paid,fulfilled,2026-07-30 19:13:00 +0100,Shopify Payments,72,0,0,12,72,0,60,0,12
#32766,2026-07,counted,paid,fulfilled,2026-07-30 19:20:00 +0100,Shopify Payments,169,0,0,28.17,169,0,140.8333333333333,0,28.16666666666667
#32767,2026-07,counted,paid,fulfilled,2026-07-30 19:29:00 +0100,Shopify Payments,12,0,3.95,2.66,15.95,0,10,3.291666666666667,2.658333333333333
#32768,2026-07,counted,paid,fulfilled,2026-07-30 19:54:00 +0100,Shopify Payments,54.5,0,0,9.08,54.5,0,45.41666666666667,0,9.083333333333334
#32769,2026-07,counted,paid,fulfilled,2026-07-30 20:13:00 +0100,PayPal Express Checkout,78,0,0,13,78,0,65,0,13
#32770,2026-07,counted,paid,fulfilled,2026-07-30 20:23:00 +0100,Shopify Payments,72,0,0,12,72,0,60,0,12
#32771,2026-07,counted,refunded,fulfilled,2026-07-30 20:24:00 +0100,Shopify Payments,42,0,3.95,7.66,45.95,45.95,0,-2.220446049250313e-15,-4.440892098500627e-16
#32772,2026-07,counted,paid,fulfilled,2026-07-30 20:30:00 +0100,Shopify Payments,49,0,3.95,8.83,52.95,0,40.83333333333334,3.291666666666667,8.825000000000001
#32773,2026-07,counted,paid,fulfilled,2026-07-30 20:35:00 +0100,Shopify Payments,148,0,0,24.67,148,0,123.3333333333333,0,24.66666666666667
#32774,2026-07,counted,paid,fulfilled,2026-07-30 20:38:00 +0100,Shopify Payments,21,0,3.95,4.16,24.95,0,17.5,3.291666666666667,4.158333333333334
#32775,2026-07,counted,partially_refunded,fulfilled,2026-07-30 20:53:00 +0100,Shopify Payments,64,0,0,10.67,64,19.2,37.33333333333334,0,7.466666666666666
#32776,2026-07,counted,paid,fulfilled,2026-07-30 21:06:00 +0100,Shopify Payments,161,0,0,26.83,161,0,134.1666666666667,0,26.83333333333334
#32777,2026-07,counted,paid,fulfilled,2026-07-30 21:37:00 +0100,Shopify Payments,15,0,3.95,3.16,18.95,0,12.5,3.291666666666667,3.158333333333334
#32778,2026-07,counted,paid,fulfilled,2026-07-30 21:45:00 +0100,Shopify Payments,SUMMER10,60,6,0,9,54,0,45,0,9.000000000000002
#32779,2026-07,counted,paid,fulfilled,2026-07-30 21:49:00 +0100,Shopify Payments,118,0,0,19.67,118,0,98.33333333333334,0,19.66666666666667
#32780,2026-07,counted,paid,fulfilled,2026-07-30 21:58:00 +0100,Shopify Payments,74,0,0,12.33,74,0,61.66666666666667,0,12.33333333333333
#32781,2026-07,counted,partially_refunded,fulfilled,2026-07-30 22:09:00 +0100,PayPal Express Checkout,40.5,0,3.95,7.41,44.45,13.34,22.63333333333333,3.291666666666667,5.185
#32782,2026-07,counted,paid,fulfilled,2026-07-30 22:10:00 +0100,Shopify Payments,29,0,3.95,5.49,32.95,0,24.16666666666667,3.291666666666667,5.491666666666667
#32783,2026-07,counted,paid,fulfilled,2026-07-30 22:34:00 +0100,Shopify Payments,98,0,0,16.33,98,0,81.66666666666667,0,16.33333333333334
#32784,2026-07,counted,paid,fulfilled,2026-07-30 22:37:00 +0100,Shopify Payments,36,0,3.95,6.66,39.95,0,30,3.291666666666667,6.658333333333334
#32785,2026-07,counted,paid,fulfilled,2026-07-30 22:40:00 +0100,Shopify Payments,80,0,0,13.33,80,0,66.66666666666667,0,13.33333333333333
#32786,2026-07,counted,paid,fulfilled,2026-07-31 07:13:00 +0100,Shopify Payments,155,0,0,25.83,155,0,129.1666666666667,0,25.83333333333334
#32787,2026-07,counted,paid,fulfilled,2026-07-31 07:28:00 +0100,Shopify Payments,54,0,0,9,54,0,45,0,9.000000000000002
#32788,2026-07,counted,paid,fulfilled,2026-07-31 07:49:00 +0100,Shopify Payments,56,0,0,9.33,56,0,46.66666666666667,0,9.333333333333334
#32789,2026-07,counted,paid,fulfilled,2026-07-31 08:14:00 +0100,Shopify Payments,127,0,0,21.17,127,0,105.8333333333333,0,21.16666666666667
#32790,2026-07,counted,paid,fulfilled,2026-07-31 08:25:00 +0100,Shopify Payments,102,0,0,17,102,0,85,0,17
#32791,2026-07,counted,paid,fulfilled,2026-07-31 08:25:00 +0100,Shopify Payments,45.5,0,3.95,8.24,49.45,0,37.91666666666667,3.291666666666667,8.241666666666667
#32792,2026-07,counted,paid,fulfilled,2026-07-31 09:00:00 +0100,Shopify Payments,99,0,0,16.5,99,0,82.5,0,16.5
#32793,2026-07,counted,paid,fulfilled,2026-07-31 09:09:00 +0100,Shopify Payments,38,0,3.95,6.99,41.95,0,31.66666666666667,3.291666666666667,6.991666666666667
#32794,2026-07,counted,paid,fulfilled,2026-07-31 09:39:00 +0100,Shopify Payments,24,0,3.95,4.66,27.95,0,20,3.291666666666667,4.658333333333333
#32795,2026-07,counted,paid,fulfilled,2026-07-31 09:41:00 +0100,Shopify Payments,SUMMER10,153,15.3,0,22.95,137.7,0,114.75,0,22.95
#32796,2026-07,counted,paid,fulfilled,2026-07-31 09:59:00 +0100,Shopify Payments,42,0,3.95,7.66,45.95,0,35,3.291666666666667,7.658333333333335
#32797,2026-07,counted,paid,fulfilled,2026-07-31 10:22:00 +0100,Shopify Payments,20,0,3.95,3.99,23.95,0,16.66666666666667,3.291666666666667,3.991666666666667
#32798,2026-07,counted,paid,fulfilled,2026-07-31 10:24:00 +0100,Shopify Payments,66,0,0,11,66,0,55,0,11
#32799,2026-07,counted,paid,fulfilled,2026-07-31 10:42:00 +0100,PayPal Express Checkout,22.5,0,3.95,4.41,26.45,0,18.75,3.291666666666667,4.408333333333333
#32800,2026-07,counted,paid,fulfilled,2026-07-31 10:55:00 +0100,Shopify Payments,7.5,0,3.95,1.91,11.45,0,6.25,3.291666666666667,1.908333333333333
#32801,2026-07,counted,paid,fulfilled,2026-07-31 11:17:00 +0100,Shopify Payments,7.5,0,3.95,1.91,11.45,0,6.25,3.291666666666667,1.908333333333333
#32802,2026-07,counted,paid,fulfilled,2026-07-31 12:08:00 +0100,Shopify Payments,261,0,0,43.5,261,0,217.5,0,43.50000000000001
#32803,2026-07,counted,paid,fulfilled,2026-07-31 12:09:00 +0100,Shopify Payments,71.5,0,0,11.92,71.5,0,59.58333333333334,0,11.91666666666667
#32804,2026-07,counted,paid,fulfilled,2026-07-31 12:15:00 +0100,Shopify Payments,166,0,0,27.67,166,0,138.3333333333333,0,27.66666666666667
#32805,2026-07,counted,paid,fulfilled,2026-07-31 12:25:00 +0100,Shopify Payments,128,0,0,21.33,128,0,106.6666666666667,0,21.33333333333334
#32806,2026-07,counted,paid,fulfilled,2026-07-31 13:10:00 +0100,Shopify Payments,128,0,0,21.33,128,0,106.6666666666667,0,21.33333333333334
#32807,2026-07,counted,paid,fulfilled,2026-07-31 14:14:00 +0100,Shopify Payments,16,0,3.95,3.33,19.95,0,13.33333333333333,3.291666666666667,3.325
#32808,2026-07,counted,paid,fulfilled,2026-07-31 14:56:00 +0100,Shopify Payments,122,0,0,20.33,122,0,101.6666666666667,0,20.33333333333334
#32809,2026-07,counted,paid,fulfilled,2026-07-31 15:07:00 +0100,Shopify Payments,63,0,0,10.5,63,0,52.5,0,10.5
#32810,2026-07,counted,paid,fulfilled,2026-07-31 15:33:00 +0100,Shopify Payments,46,0,3.95,8.33,49.95,0,38.33333333333334,3.291666666666667,8.325000000000003
#32811,2026-07,counted,paid,fulfilled,2026-07-31 15:34:00 +0100,Shopify Payments,18,0,3.95,3.66,21.95,0,15,3.291666666666667,3.658333333333333
#32812,2026-07,counted,paid,fulfilled,2026-07-31 15:54:00 +0100,PayPal Express Checkout,SUMMER10,30,3,3.95,5.16,30.95,0,22.5,3.291666666666667,5.158333333333334
#32813,2026-07,counted,paid,fulfilled,2026-07-31 16:18:00 +0100,Shopify Payments,105,0,0,17.5,105,0,87.5,0,17.5
#32814,2026-07,counted,partially_refunded,fulfilled,2026-07-31 17:06:00 +0100,Shopify Payments,SUMMER10,57,5.7,0,8.550000000000001,51.3,10.26,34.2,0,6.840000000000001
#32815,2026-07,counted,paid,fulfilled,2026-07-31 19:10:00 +0100,PayPal Express Checkout,SUMMER10,46,4.6,3.95,7.56,45.35,0,34.5,3.291666666666667,7.558333333333334
#32816,2026-07,counted,paid,fulfilled,2026-07-31 19:24:00 +0100,Shopify Payments,27,0,3.95,5.16,30.95,0,22.5,3.291666666666667,5.158333333333334
#32817,2026-07,counted,paid,fulfilled,2026-07-31 19:41:00 +0100,Shopify Payments,128,0,0,21.33,128,0,106.6666666666667,0,21.33333333333334
#32818,2026-07,counted,paid,fulfilled,2026-07-31 20:58:00 +0100,Shopify Payments,11,0,3.95,2.49,14.95,0,9.166666666666668,3.291666666666667,2.491666666666667
#32819,2026-07,counted,paid,fulfilled,2026-07-31 21:02:00 +0100,Shopify Payments,22.5,0,3.95,4.41,26.45,0,18.75,3.291666666666667,4.408333333333333
#32820,2026-07,counted,paid,fulfilled,2026-07-31 21:05:00 +0100,Shopify Payments,192,0,0,32,192,0,160,0,32.00000000000001
#32821,2026-07,counted,paid,fulfilled,2026-07-31 21:18:00 +0100,Shopify Payments,SUMMER10,63,6.3,0,9.449999999999999,56.7,0,47.25000000000001,0,9.450000000000001
#32822,2026-07,counted,paid,fulfilled,2026-07-31 21:37:00 +0100,Shopify Payments,SUMMER10,21,2.1,3.95,3.81,22.85,0,15.75,3.291666666666667,3.808333333333333
#32823,2026-07,counted,paid,fulfilled,2026-07-31 21:48:00 +0100,Shopify Payments,259,0,0,43.17,259,0,215.8333333333333,0,43.16666666666667
#32824,2026-07,counted,paid,fulfilled,2026-07-31 21:50:00 +0100,Shopify Payments,41,0,3.95,7.49,44.95,0,34.16666666666667,3.291666666666667,7.491666666666667
#32825,2026-07,counted,paid,fulfilled,2026-07-31 21:50:00 +0100,Shopify Payments,101,0,0,16.83,101,0,84.16666666666667,0,16.83333333333334
#32826,2026-07,counted,paid,fulfilled,2026-07-31 21:57:00 +0100,Shopify Payments,11,0,3.95,2.49,14.95,0,9.166666666666668,3.291666666666667,2.491666666666667
#32827,2026-07,counted,paid,fulfilled,2026-07-31 21:58:00 +0100,Shopify Payments,108,0,0,18,108,0,90,0,18
#32828,2026-07,counted,paid,fulfilled,2026-07-31 22:09:00 +0100,Shopify Payments,174,0,0,29,174,0,145,0,29
#32829,2026-07,counted,paid,fulfilled,2026-07-31 22:28:00 +0100,Shopify Payments,52,0,0,8.67,52,0,43.33333333333334,0,8.666666666666668
#32830,2026-07,counted,paid,fulfilled,2026-07-31 22:42:00 +0100,Shopify Payments,28,0,3.95,5.33,31.95,0,23.33333333333334,3.291666666666667,5.325000000000001
#32831,2026-08,counted,paid,fulfilled,2026-08-01 07:36:00 +0100,Shopify Payments,36,0,3.95,6.66,39.95,0,30,3.291666666666667,6.658333333333334
#32832,2026-08,counted,paid,fulfilled,2026-08-01 08:01:00 +0100,PayPal Express Checkout,WELCOME5,141,5,0,22.67,136,0,113.3333333333333,0,22.66666666666667
#32833,2026-08,counted,paid,fulfilled,2026-08-01 08:24:00 +0100,Shopify Payments,232,0,0,38.67,232,0,193.3333333333333,0,38.66666666666667
#32834,2026-08,counted,partially_refunded,fulfilled,2026-08-01 08:28:00 +0100,Shopify Payments,SUMMER10,28,2.8,3.95,4.86,29.15,5.83,16.14166666666667,3.291666666666667,3.886666666666667
#32835,2026-08,counted,paid,fulfilled,2026-08-01 08:51:00 +0100,Shopify Payments,26,0,3.95,4.99,29.95,0,21.66666666666667,3.291666666666667,4.991666666666667
#32836,2026-08,counted,paid,fulfilled,2026-08-01 08:58:00 +0100,Shopify Payments,7.5,0,3.95,1.91,11.45,0,6.25,3.291666666666667,1.908333333333333
#32837,2026-08,counted,paid,fulfilled,2026-08-01 08:59:00 +0100,Shopify Payments,100,0,0,16.67,100,0,83.33333333333334,0,16.66666666666667
#32838,2026-08,counted,paid,fulfilled,2026-08-01 09:08:00 +0100,PayPal Express Checkout,SUMMER10,84,8.4,0,12.6,75.59999999999999,0,63,0,12.6
#32839,2026-08,counted,paid,fulfilled,2026-08-01 09:48:00 +0100,Shopify Payments,27,0,3.95,5.16,30.95,0,22.5,3.291666666666667,5.158333333333334
#32840,2026-08,counted,paid,fulfilled,2026-08-01 10:11:00 +0100,Shopify Payments,23.5,0,3.95,4.58,27.45,0,19.58333333333334,3.291666666666667,4.575
#32841,2026-08,counted,paid,fulfilled,2026-08-01 10:26:00 +0100,Shopify Payments,SUMMER10,44,4.4,3.95,7.26,43.55,0,33,3.291666666666667,7.258333333333335
#32842,2026-08,counted,paid,fulfilled,2026-08-01 10:29:00 +0100,Shopify Payments,49,0,3.95,8.83,52.95,0,40.83333333333334,3.291666666666667,8.825000000000001
#32843,2026-08,counted,refunded,fulfilled,2026-08-01 10:45:00 +0100,Shopify Payments,51,0,0,8.5,51,51,0,0,0
#32844,2026-08,counted,paid,fulfilled,2026-08-01 10:57:00 +0100,Shopify Payments,22,0,3.95,4.33,25.95,0,18.33333333333334,3.291666666666667,4.325
#32845,2026-08,counted,paid,fulfilled,2026-08-01 11:02:00 +0100,Shopify Payments,78,0,0,13,78,0,65,0,13
#32846,2026-08,counted,paid,fulfilled,2026-08-01 11:05:00 +0100,Shopify Payments,90,0,0,15,90,0,75,0,15
#32847,2026-08,counted,paid,fulfilled,2026-08-01 11:07:00 +0100,Shopify Payments,24,0,3.95,4.66,27.95,0,20,3.291666666666667,4.658333333333333
#32848,2026-08,counted,paid,fulfilled,2026-08-01 11:12:00 +0100,PayPal Express Checkout,20,0,3.95,3.99,23.95,0,16.66666666666667,3.291666666666667,3.991666666666667
#32849,2026-08,counted,partially_refunded,fulfilled,2026-08-01 11:36:00 +0100,Shopify Payments,140,0,0,23.33,140,70,58.33333333333334,0,11.66666666666667
#32850,2026-08,counted,paid,fulfilled,2026-08-01 11:36:00 +0100,Shopify Payments,20,0,3.95,3.99,23.95,0,16.66666666666667,3.291666666666667,3.991666666666667
#32851,2026-08,counted,paid,fulfilled,2026-08-01 14:04:00 +0100,Shopify Payments,SUMMER10,90,9,0,13.5,81,0,67.5,0,13.5
#32852,2026-08,counted,paid,fulfilled,2026-08-01 15:11:00 +0100,Shopify Payments,104,0,0,17.33,104,0,86.66666666666667,0,17.33333333333334
#32853,2026-08,counted,paid,fulfilled,2026-08-01 15:34:00 +0100,Shopify Payments,114,0,0,19,114,0,95,0,19
#32854,2026-08,voided/cancelled,voided,unfulfilled,2026-08-01 15:49:00 +0100,Shopify Payments,138,0,0,23,138,0,115,0,23
#32855,2026-08,counted,paid,fulfilled,2026-08-01 15:55:00 +0100,Shopify Payments,111.5,0,0,18.58,111.5,0,92.91666666666667,0,18.58333333333334
#32856,2026-08,counted,paid,fulfilled,2026-08-01 16:18:00 +0100,Shopify Payments,30,0,3.95,5.66,33.95,0,25,3.291666666666667,5.658333333333334
#32857,2026-08,counted,paid,fulfilled,2026-08-01 17:17:00 +0100,Shopify Payments,145,0,0,24.17,145,0,120.8333333333333,0,24.16666666666667
#32858,2026-08,counted,refunded,fulfilled,2026-08-01 17:17:00 +0100,Shopify Payments,16,0,3.95,3.33,19.95,19.95,0,8.881784197001252e-16,1.480297366166876e-16
#32859,2026-08,counted,paid,fulfilled,2026-08-01 17:38:00 +0100,Shopify Payments,21,0,3.95,4.16,24.95,0,17.5,3.291666666666667,4.158333333333334
#32860,2026-08,counted,paid,fulfilled,2026-08-01 17:43:00 +0100,Shopify Payments,SUMMER10,63,6.3,0,9.449999999999999,56.7,0,47.25000000000001,0,9.450000000000001
#32861,2026-08,counted,paid,fulfilled,2026-08-01 17:54:00 +0100,Shopify Payments,7.5,0,3.95,1.91,11.45,0,6.25,3.291666666666667,1.908333333333333
#32862,2026-08,counted,paid,fulfilled,2026-08-01 18:04:00 +0100,Shopify Payments,37,0,3.95,6.83,40.95,0,30.83333333333334,3.291666666666667,6.825000000000001
#32863,2026-08,counted,paid,fulfilled,2026-08-01 18:11:00 +0100,Shopify Payments,72.5,0,0,12.08,72.5,0,60.41666666666667,0,12.08333333333333
#32864,2026-08,counted,paid,fulfilled,2026-08-01 18:14:00 +0100,Shopify Payments,150.5,0,0,25.08,150.5,0,125.4166666666667,0,25.08333333333334
#32865,2026-08,counted,paid,fulfilled,2026-08-01 18:41:00 +0100,Shopify Payments,54,0,0,9,54,0,45,0,9.000000000000002
#32866,2026-08,counted,paid,fulfilled,2026-08-01 18:50:00 +0100,PayPal Express Checkout,64,0,0,10.67,64,0,53.33333333333334,0,10.66666666666667
#32867,2026-08,counted,paid,fulfilled,2026-08-01 19:12:00 +0100,Shopify Payments,51,0,0,8.5,51,0,42.5,0,8.500000000000002
#32868,2026-08,counted,paid,fulfilled,2026-08-01 19:16:00 +0100,Shopify Payments,82,0,0,13.67,82,0,68.33333333333334,0,13.66666666666667
#32869,2026-08,counted,partially_refunded,fulfilled,2026-08-01 21:12:00 +0100,Shopify Payments,SUMMER10,44,4.4,3.95,7.26,43.55,8.710000000000001,25.74166666666667,3.291666666666667,5.806666666666668
#32870,2026-08,counted,paid,fulfilled,2026-08-01 22:00:00 +0100,Shopify Payments,141,0,0,23.5,141,0,117.5,0,23.5
#32871,2026-08,counted,paid,fulfilled,2026-08-01 22:24:00 +0100,Shopify Payments,128.5,0,0,21.42,128.5,0,107.0833333333333,0,21.41666666666667
#32872,2026-08,test order,paid,fulfilled,2026-08-01 22:28:00 +0100,Bogus Gateway (for testing),75.59999999999999,0,0,12.6,75.59999999999999,0,63,0,12.6
#32873,2026-08,counted,partially_refunded,fulfilled,2026-08-01 22:53:00 +0100,Shopify Payments,SUMMER10,115,11.5,0,17.25,103.5,51.75,43.125,0,8.625000000000002
#32874,2026-08,counted,paid,fulfilled,2026-08-02 07:13:00 +0100,Shopify Payments,7.5,0,3.95,1.91,11.45,0,6.25,3.291666666666667,1.908333333333333
#32875,2026-08,counted,paid,fulfilled,2026-08-02 07:28:00 +0100,Shopify Payments,76,0,0,12.67,76,0,63.33333333333334,0,12.66666666666667
#32876,2026-08,counted,paid,fulfilled,2026-08-02 07:37:00 +0100,Gift card,85,0,0,14.17,85,0,70.83333333333334,0,14.16666666666667
#32877,2026-08,counted,paid,fulfilled,2026-08-02 07:53:00 +0100,Shopify Payments,115,0,0,19.17,115,0,95.83333333333334,0,19.16666666666667
#32878,2026-08,counted,paid,fulfilled,2026-08-02 08:06:00 +0100,Shopify Payments,WELCOME5,75.5,5,0,11.75,70.5,0,58.75,0,11.75
#32879,2026-08,counted,paid,fulfilled,2026-08-02 08:09:00 +0100,Shopify Payments,108,0,0,18,108,0,90,0,18
#32880,2026-08,counted,paid,fulfilled,2026-08-02 08:17:00 +0100,Shopify Payments,WELCOME5,72,5,0,11.17,67,0,55.83333333333334,0,11.16666666666667
#32881,2026-08,counted,paid,fulfilled,2026-08-02 08:22:00 +0100,Shopify Payments,60,0,0,10,60,0,50,0,10
#32882,2026-08,counted,paid,fulfilled,2026-08-02 08:25:00 +0100,Shopify Payments,20,0,3.95,3.99,23.95,0,16.66666666666667,3.291666666666667,3.991666666666667
#32883,2026-08,counted,paid,fulfilled,2026-08-02 08:30:00 +0100,Shopify Payments,SUMMER10,72,7.2,0,10.8,64.8,0,54,0,10.8
#32884,2026-08,counted,paid,fulfilled,2026-08-02 08:36:00 +0100,Shopify Payments,SUMMER10,65,6.5,0,9.75,58.5,0,48.75,0,9.750000000000002
#32885,2026-08,counted,paid,fulfilled,2026-08-02 08:50:00 +0100,Shopify Payments,137,0,0,22.83,137,0,114.1666666666667,0,22.83333333333334
#32886,2026-08,counted,paid,fulfilled,2026-08-02 08:53:00 +0100,Shopify Payments,46,0,3.95,8.33,49.95,0,38.33333333333334,3.291666666666667,8.325000000000003
#32887,2026-08,counted,paid,fulfilled,2026-08-02 09:24:00 +0100,Shopify Payments,60.5,0,0,10.08,60.5,0,50.41666666666667,0,10.08333333333334
#32888,2026-08,counted,paid,fulfilled,2026-08-02 09:43:00 +0100,PayPal Express Checkout,42,0,3.95,7.66,45.95,0,35,3.291666666666667,7.658333333333335
#32889,2026-08,counted,paid,fulfilled,2026-08-02 10:11:00 +0100,Shopify Payments,SUMMER10,37.5,3.75,3.95,6.28,37.7,0,28.125,3.291666666666667,6.283333333333334
#32890,2026-08,counted,paid,fulfilled,2026-08-02 10:19:00 +0100,Shopify Payments,22,0,3.95,4.33,25.95,0,18.33333333333334,3.291666666666667,4.325
#32891,2026-08,counted,paid,fulfilled,2026-08-02 11:03:00 +0100,Shopify Payments,19,0,3.95,3.83,22.95,0,15.83333333333333,3.291666666666667,3.825
#32892,2026-08,counted,paid,fulfilled,2026-08-02 11:11:00 +0100,Shopify Payments,18,0,3.95,3.66,21.95,0,15,3.291666666666667,3.658333333333333
#32893,2026-08,counted,paid,fulfilled,2026-08-02 11:46:00 +0100,PayPal Express Checkout,93,0,0,15.5,93,0,77.5,0,15.5
#32894,2026-08,counted,paid,fulfilled,2026-08-02 11:50:00 +0100,Shopify Payments,40,0,3.95,7.33,43.95,0,33.33333333333334,3.291666666666667,7.325000000000001
#32895,2026-08,counted,paid,fulfilled,2026-08-02 12:22:00 +0100,PayPal Express Checkout,SUMMER10,50,5,3.95,8.16,48.95,0,37.5,3.291666666666667,8.158333333333335
#32896,2026-08,counted,paid,fulfilled,2026-08-02 12:49:00 +0100,Shopify Payments,40,0,3.95,7.33,43.95,0,33.33333333333334,3.291666666666667,7.325000000000001
#32897,2026-08,counted,paid,fulfilled,2026-08-02 13:08:00 +0100,Shopify Payments,12,0,3.95,2.66,15.95,0,10,3.291666666666667,2.658333333333333
#32898,2026-08,counted,paid,fulfilled,2026-08-02 13:08:00 +0100,Shopify Payments,28,0,3.95,5.33,31.95,0,23.33333333333334,3.291666666666667,5.325000000000001
#32899,2026-08,counted,paid,fulfilled,2026-08-02 13:19:00 +0100,Shopify Payments,136,0,0,22.67,136,0,113.3333333333333,0,22.66666666666667
#32900,2026-08,counted,paid,fulfilled,2026-08-02 13:38:00 +0100,Shopify Payments,213.6,0,0,35.6,213.6,0,178,0,35.6
#32901,2026-08,counted,paid,fulfilled,2026-08-02 13:52:00 +0100,Shopify Payments,109,0,0,18.17,109,0,90.83333333333334,0,18.16666666666667
#32902,2026-08,counted,paid,fulfilled,2026-08-02 14:15:00 +0100,Shopify Payments,64,0,0,10.67,64,0,53.33333333333334,0,10.66666666666667
#32903,2026-08,counted,paid,fulfilled,2026-08-02 15:17:00 +0100,Shopify Payments,22,0,3.95,4.33,25.95,0,18.33333333333334,3.291666666666667,4.325
#32904,2026-08,counted,paid,fulfilled,2026-08-02 15:54:00 +0100,Shopify Payments,SUMMER10,90,9,0,13.5,81,0,67.5,0,13.5
#32905,2026-08,counted,paid,fulfilled,2026-08-02 16:03:00 +0100,Shopify Payments,70,0,0,11.67,70,0,58.33333333333334,0,11.66666666666667
#32906,2026-08,counted,paid,fulfilled,2026-08-02 16:09:00 +0100,Shopify Payments,51.5,0,0,8.58,51.5,0,42.91666666666667,0,8.583333333333334
#32907,2026-08,counted,paid,fulfilled,2026-08-02 16:25:00 +0100,Shopify Payments,WELCOME5,34,5,3.95,5.49,32.95,0,24.16666666666667,3.291666666666667,5.491666666666667
#32908,2026-08,counted,paid,fulfilled,2026-08-02 16:42:00 +0100,Shopify Payments,70,0,0,11.67,70,0,58.33333333333334,0,11.66666666666667
#32909,2026-08,counted,paid,fulfilled,2026-08-02 16:42:00 +0100,Shopify Payments,96,0,0,16,96,0,80,0,16
#32910,2026-08,counted,paid,fulfilled,2026-08-02 16:53:00 +0100,Shopify Payments,115,0,0,19.17,115,0,95.83333333333334,0,19.16666666666667
#32911,2026-08,counted,paid,fulfilled,2026-08-02 17:20:00 +0100,Shopify Payments,15,0,3.95,3.16,18.95,0,12.5,3.291666666666667,3.158333333333334
#32912,2026-08,counted,paid,fulfilled,2026-08-02 17:23:00 +0100,Shopify Payments,51,0,0,8.5,51,0,42.5,0,8.500000000000002
#32913,2026-08,counted,paid,fulfilled,2026-08-02 17:53:00 +0100,Shopify Payments,SUMMER10,111,11.1,0,16.65,99.90000000000001,0,83.25000000000001,0,16.65000000000001
#32914,2026-08,counted,paid,fulfilled,2026-08-02 18:07:00 +0100,Shopify Payments,53.5,0,0,8.92,53.5,0,44.58333333333334,0,8.916666666666668
#32915,2026-08,counted,paid,fulfilled,2026-08-02 18:09:00 +0100,Shopify Payments,129.5,0,0,21.58,129.5,0,107.9166666666667,0,21.58333333333334
#32916,2026-08,counted,paid,fulfilled,2026-08-02 18:13:00 +0100,Shopify Payments,38,0,3.95,6.99,41.95,0,31.66666666666667,3.291666666666667,6.991666666666667
#32917,2026-08,test order,paid,fulfilled,2026-08-02 19:05:00 +0100,Shopify Payments,test,94,0,0,15.67,94,0,78.33333333333334,0,15.66666666666667
#32918,2026-08,counted,refunded,fulfilled,2026-08-02 19:07:00 +0100,Shopify Payments,95,0,0,15.83,95,95,0,0,0
#32919,2026-08,counted,paid,fulfilled,2026-08-02 19:30:00 +0100,Shopify Payments,101,0,0,16.83,101,0,84.16666666666667,0,16.83333333333334
#32920,2026-08,counted,paid,fulfilled,2026-08-02 20:17:00 +0100,Shopify Payments,117,0,0,19.5,117,0,97.5,0,19.5
#32921,2026-08,counted,paid,fulfilled,2026-08-02 20:46:00 +0100,Shopify Payments,11,0,3.95,2.49,14.95,0,9.166666666666668,3.291666666666667,2.491666666666667
#32922,2026-08,counted,paid,fulfilled,2026-08-02 20:59:00 +0100,Shopify Payments,94.5,0,0,15.75,94.5,0,78.75,0,15.75
#32923,2026-08,counted,paid,fulfilled,2026-08-02 21:13:00 +0100,PayPal Express Checkout,132,0,0,22,132,0,110,0,22
#32924,2026-08,counted,paid,fulfilled,2026-08-02 22:06:00 +0100,Shopify Payments,36,0,3.95,6.66,39.95,0,30,3.291666666666667,6.658333333333334
#32925,2026-08,counted,paid,fulfilled,2026-08-02 22:21:00 +0100,Shopify Payments,72,0,0,12,72,0,60,0,12
#32926,2026-08,counted,paid,fulfilled,2026-08-02 22:47:00 +0100,Shopify Payments,SUMMER10,26,2.6,3.95,4.56,27.35,0,19.5,3.291666666666667,4.558333333333334
#32927,2026-08,counted,paid,fulfilled,2026-08-03 07:02:00 +0100,Shopify Payments,32,0,3.95,5.99,35.95,0,26.66666666666667,3.291666666666667,5.991666666666668
#32928,2026-08,counted,paid,fulfilled,2026-08-03 07:10:00 +0100,Shopify Payments,87,0,0,14.5,87,0,72.5,0,14.5
#32929,2026-08,counted,paid,fulfilled,2026-08-03 07:47:00 +0100,Shopify Payments,49,0,3.95,8.83,52.95,0,40.83333333333334,3.291666666666667,8.825000000000001
#32930,2026-08,counted,paid,fulfilled,2026-08-03 08:35:00 +0100,Shopify Payments,20,0,3.95,3.99,23.95,0,16.66666666666667,3.291666666666667,3.991666666666667
#32931,2026-08,counted,paid,fulfilled,2026-08-03 09:18:00 +0100,Shopify Payments,SUMMER10,97,9.699999999999999,0,14.55,87.3,0,72.75,0,14.55
#32932,2026-08,counted,paid,fulfilled,2026-08-03 09:29:00 +0100,Shopify Payments,76,0,0,12.67,76,0,63.33333333333334,0,12.66666666666667
#32933,2026-08,counted,paid,fulfilled,2026-08-03 09:46:00 +0100,Shopify Payments,69,0,0,11.5,69,0,57.5,0,11.5
#32934,2026-08,counted,paid,fulfilled,2026-08-03 09:53:00 +0100,Shopify Payments,25,0,3.95,4.83,28.95,0,20.83333333333334,3.291666666666667,4.825
#32935,2026-08,counted,paid,fulfilled,2026-08-03 10:04:00 +0100,Shopify Payments,SUMMER10,170,17,0,25.5,153,0,127.5,0,25.5
#32936,2026-08,counted,paid,fulfilled,2026-08-03 10:28:00 +0100,Gift card,60,0,0,10,60,0,50,0,10
#32937,2026-08,counted,paid,fulfilled,2026-08-03 10:30:00 +0100,Shopify Payments,98,0,0,16.33,98,0,81.66666666666667,0,16.33333333333334
#32938,2026-08,counted,paid,fulfilled,2026-08-03 10:40:00 +0100,"Gift card, Shopify Payments",111,0,0,18.5,111,0,92.5,0,18.5
#32939,2026-08,counted,paid,fulfilled,2026-08-03 10:43:00 +0100,Shopify Payments,11,0,3.95,2.49,14.95,0,9.166666666666668,3.291666666666667,2.491666666666667
#32940,2026-08,counted,paid,fulfilled,2026-08-03 11:15:00 +0100,Shopify Payments,147.6,0,0,24.6,147.6,0,123,0,24.6
#32941,2026-08,counted,paid,fulfilled,2026-08-03 11:32:00 +0100,Shopify Payments,204,0,0,34,204,0,170,0,34.00000000000001
#32942,2026-08,counted,paid,fulfilled,2026-08-03 11:33:00 +0100,Shopify Payments,36,0,3.95,6.66,39.95,0,30,3.291666666666667,6.658333333333334
#32943,2026-08,counted,paid,fulfilled,2026-08-03 11:36:00 +0100,Shopify Payments,30,0,3.95,5.66,33.95,0,25,3.291666666666667,5.658333333333334
#32944,2026-08,counted,paid,fulfilled,2026-08-03 11:43:00 +0100,Shopify Payments,51,0,0,8.5,51,0,42.5,0,8.500000000000002
#32945,2026-08,counted,paid,fulfilled,2026-08-03 11:46:00 +0100,Shopify Payments,72,0,0,12,72,0,60,0,12
#32946,2026-08,counted,paid,fulfilled,2026-08-03 11:48:00 +0100,Shopify Payments,31,0,3.95,5.83,34.95,0,25.83333333333334,3.291666666666667,5.825000000000001
#32947,2026-08,counted,paid,fulfilled,2026-08-03 11:51:00 +0100,PayPal Express Checkout,51,0,0,8.5,51,0,42.5,0,8.500000000000002
#32948,2026-08,counted,paid,fulfilled,2026-08-03 12:05:00 +0100,Shopify Payments,36,0,3.95,6.66,39.95,0,30,3.291666666666667,6.658333333333334
#32949,2026-08,counted,paid,fulfilled,2026-08-03 12:13:00 +0100,Shopify Payments,95,0,0,15.83,95,0,79.16666666666667,0,15.83333333333333
#32950,2026-08,counted,paid,fulfilled,2026-08-03 12:26:00 +0100,Shopify Payments,164,0,0,27.33,164,0,136.6666666666667,0,27.33333333333334
#32951,2026-08,counted,paid,fulfilled,2026-08-03 12:39:00 +0100,Shopify Payments,74,0,0,12.33,74,0,61.66666666666667,0,12.33333333333333
#32952,2026-08,counted,paid,fulfilled,2026-08-03 12:40:00 +0100,Shopify Payments,122,0,0,20.33,122,0,101.6666666666667,0,20.33333333333334
#32953,2026-08,counted,paid,fulfilled,2026-08-03 13:48:00 +0100,Shopify Payments,SUMMER10,58.5,5.85,0,8.779999999999999,52.65,0,43.875,0,8.775000000000002
#32954,2026-08,counted,paid,fulfilled,2026-08-03 14:12:00 +0100,Shopify Payments,83,0,0,13.83,83,0,69.16666666666667,0,13.83333333333334
#32955,2026-08,counted,paid,fulfilled,2026-08-03 14:23:00 +0100,Shopify Payments,116,0,0,19.33,116,0,96.66666666666667,0,19.33333333333334
#32956,2026-08,counted,paid,fulfilled,2026-08-03 14:42:00 +0100,Shopify Payments,12,0,3.95,2.66,15.95,0,10,3.291666666666667,2.658333333333333
#32957,2026-08,counted,paid,fulfilled,2026-08-03 14:59:00 +0100,Shopify Payments,15,0,3.95,3.16,18.95,0,12.5,3.291666666666667,3.158333333333334
#32958,2026-08,counted,paid,fulfilled,2026-08-03 15:10:00 +0100,Shopify Payments,170,0,0,28.33,170,0,141.6666666666667,0,28.33333333333334
#32959,2026-08,counted,paid,fulfilled,2026-08-03 15:12:00 +0100,Shopify Payments,74,0,0,12.33,74,0,61.66666666666667,0,12.33333333333333
#32960,2026-08,counted,paid,fulfilled,2026-08-03 15:25:00 +0100,Shopify Payments,137,0,0,22.83,137,0,114.1666666666667,0,22.83333333333334
#32961,2026-08,counted,partially_refunded,fulfilled,2026-08-03 16:01:00 +0100,Shopify Payments,120,0,0,20,120,60,50,0,10
#32962,2026-08,counted,paid,fulfilled,2026-08-03 16:06:00 +0100,Shopify Payments,79,0,0,13.17,79,0,65.83333333333334,0,13.16666666666667
#32963,2026-08,counted,partially_refunded,fulfilled,2026-08-03 16:26:00 +0100,Shopify Payments,31,0,3.95,5.83,34.95,10.49,17.09166666666667,3.291666666666667,4.076666666666666
#32964,2026-08,counted,paid,fulfilled,2026-08-03 16:40:00 +0100,Shopify Payments,32,0,3.95,5.99,35.95,0,26.66666666666667,3.291666666666667,5.991666666666668
#32965,2026-08,counted,paid,fulfilled,2026-08-03 16:57:00 +0100,Shopify Payments,22,0,3.95,4.33,25.95,0,18.33333333333334,3.291666666666667,4.325
#32966,2026-08,counted,paid,fulfilled,2026-08-03 16:59:00 +0100,Shopify Payments,78.5,0,0,13.08,78.5,0,65.41666666666667,0,13.08333333333333
#32967,2026-08,counted,paid,fulfilled,2026-08-03 17:38:00 +0100,Shopify Payments,54,0,0,9,54,0,45,0,9.000000000000002
#32968,2026-08,counted,paid,fulfilled,2026-08-03 17:40:00 +0100,Shopify Payments,54,0,0,9,54,0,45,0,9.000000000000002
#32969,2026-08,counted,partially_refunded,fulfilled,2026-08-03 17:49:00 +0100,Shopify Payments,97,0,0,16.17,97,48.5,40.41666666666667,0,8.083333333333334
#32970,2026-08,counted,paid,fulfilled,2026-08-03 17:57:00 +0100,Shopify Payments,48,0,3.95,8.66,51.95,0,40,3.291666666666667,8.658333333333335
#32971,2026-08,counted,paid,fulfilled,2026-08-03 18:48:00 +0100,Shopify Payments,SUMMER10,14,1.4,3.95,2.76,16.55,0,10.5,3.291666666666667,2.758333333333334
#32972,2026-08,counted,paid,fulfilled,2026-08-03 19:21:00 +0100,Shopify Payments,113,0,0,18.83,113,0,94.16666666666667,0,18.83333333333334
#32973,2026-08,counted,paid,fulfilled,2026-08-03 19:46:00 +0100,Shopify Payments,49,0,3.95,8.83,52.95,0,40.83333333333334,3.291666666666667,8.825000000000001
#32974,2026-08,counted,paid,fulfilled,2026-08-03 19:48:00 +0100,Shopify Payments,18,0,3.95,3.66,21.95,0,15,3.291666666666667,3.658333333333333
#32975,2026-08,counted,paid,fulfilled,2026-08-03 20:58:00 +0100,Shopify Payments,SUMMER10,32,3.2,3.95,5.46,32.75,0,24,3.291666666666667,5.458333333333334
#32976,2026-08,counted,paid,fulfilled,2026-08-03 21:31:00 +0100,Shopify Payments,121,0,0,20.17,121,0,100.8333333333333,0,20.16666666666667
#32977,2026-08,counted,paid,fulfilled,2026-08-03 21:31:00 +0100,Shopify Payments,28,0,3.95,5.33,31.95,0,23.33333333333334,3.291666666666667,5.325000000000001
#32978,2026-08,counted,paid,fulfilled,2026-08-03 21:36:00 +0100,Shopify Payments,90,0,0,15,90,0,75,0,15
#32979,2026-08,counted,paid,fulfilled,2026-08-03 21:47:00 +0100,Shopify Payments,SUMMER10,36,3.6,3.95,6.06,36.35,0,27,3.291666666666667,6.058333333333334
#32980,2026-08,counted,paid,fulfilled,2026-08-03 22:12:00 +0100,Shopify Payments,48,0,3.95,8.66,51.95,0,40,3.291666666666667,8.658333333333335
#32981,2026-08,counted,paid,fulfilled,2026-08-03 22:29:00 +0100,Shopify Payments,37,0,3.95,6.83,40.95,0,30.83333333333334,3.291666666666667,6.825000000000001
#32982,2026-08,counted,paid,fulfilled,2026-08-03 22:55:00 +0100,Shopify Payments,39,0,3.95,7.16,42.95,0,32.5,3.291666666666667,7.158333333333335
#32983,2026-08,counted,paid,fulfilled,2026-08-03 22:57:00 +0100,Shopify Payments,207,0,0,34.5,207,0,172.5,0,34.50000000000001
#32984,2026-08,counted,paid,fulfilled,2026-08-04 07:04:00 +0100,Shopify Payments,84,0,0,14,84,0,70,0,14
#32985,2026-08,counted,paid,fulfilled,2026-08-04 07:10:00 +0100,Shopify Payments,61,0,0,10.17,61,0,50.83333333333334,0,10.16666666666667
#32986,2026-08,counted,paid,fulfilled,2026-08-04 07:33:00 +0100,PayPal Express Checkout,63,0,0,10.5,63,0,52.5,0,10.5
#32987,2026-08,counted,paid,fulfilled,2026-08-04 07:42:00 +0100,Shopify Payments,11,0,3.95,2.49,14.95,0,9.166666666666668,3.291666666666667,2.491666666666667
#32988,2026-08,counted,paid,fulfilled,2026-08-04 08:14:00 +0100,Shopify Payments,18,0,3.95,3.66,21.95,0,15,3.291666666666667,3.658333333333333
#32989,2026-08,counted,paid,fulfilled,2026-08-04 08:19:00 +0100,Shopify Payments,120,0,0,20,120,0,100,0,20
#32990,2026-08,counted,paid,fulfilled,2026-08-04 09:29:00 +0100,Shopify Payments,SUMMER10,125,12.5,0,18.75,112.5,0,93.75,0,18.75
#32991,2026-08,counted,paid,fulfilled,2026-08-04 09:34:00 +0100,PayPal Express Checkout,96,0,0,16,96,0,80,0,16
#32992,2026-08,counted,paid,fulfilled,2026-08-04 09:46:00 +0100,Shopify Payments,42,0,3.95,7.66,45.95,0,35,3.291666666666667,7.658333333333335
#32993,2026-08,voided/cancelled,voided,unfulfilled,2026-08-04 10:23:00 +0100,Shopify Payments,93.5,0,0,15.58,93.5,0,77.91666666666667,0,15.58333333333333
#32994,2026-08,counted,paid,fulfilled,2026-08-04 10:40:00 +0100,Shopify Payments,71.5,0,0,11.92,71.5,0,59.58333333333334,0,11.91666666666667
#32995,2026-08,counted,paid,fulfilled,2026-08-04 10:54:00 +0100,Shopify Payments,9,0,3.95,2.16,12.95,0,7.5,3.291666666666667,2.158333333333333
#32996,2026-08,counted,paid,fulfilled,2026-08-04 11:10:00 +0100,Shopify Payments,114,0,0,19,114,0,95,0,19
#32997,2026-08,counted,paid,fulfilled,2026-08-04 11:11:00 +0100,Shopify Payments,SUMMER10,81,8.1,0,12.15,72.90000000000001,0,60.75000000000001,0,12.15
#32998,2026-08,counted,paid,fulfilled,2026-08-04 11:45:00 +0100,Shopify Payments,158,0,0,26.33,158,0,131.6666666666667,0,26.33333333333334
#32999,2026-08,counted,paid,fulfilled,2026-08-04 11:50:00 +0100,Gift card,SUMMER10,44.5,4.45,3.95,7.33,44,0,33.375,3.291666666666667,7.333333333333334
#33000,2026-08,counted,paid,fulfilled,2026-08-04 11:55:00 +0100,Shopify Payments,17,0,3.95,3.49,20.95,0,14.16666666666667,3.291666666666667,3.491666666666667
#33001,2026-08,counted,paid,fulfilled,2026-08-04 12:42:00 +0100,Shopify Payments,19,0,3.95,3.83,22.95,0,15.83333333333333,3.291666666666667,3.825
#33002,2026-08,counted,paid,fulfilled,2026-08-04 12:45:00 +0100,Shopify Payments,90,0,0,15,90,0,75,0,15
#33003,2026-08,counted,paid,fulfilled,2026-08-04 13:01:00 +0100,Shopify Payments,78,0,0,13,78,0,65,0,13
#33004,2026-08,counted,paid,fulfilled,2026-08-04 13:46:00 +0100,Shopify Payments,14,0,3.95,2.99,17.95,0,11.66666666666667,3.291666666666667,2.991666666666667
#33005,2026-08,counted,paid,fulfilled,2026-08-04 14:03:00 +0100,Shopify Payments,130.6,0,0,21.77,130.6,0,108.8333333333333,0,21.76666666666667
#33006,2026-08,counted,paid,fulfilled,2026-08-04 14:21:00 +0100,"Gift card, Shopify Payments",28,0,3.95,5.33,31.95,0,23.33333333333334,3.291666666666667,5.325000000000001
#33007,2026-08,counted,paid,fulfilled,2026-08-04 15:22:00 +0100,Shopify Payments,14,0,3.95,2.99,17.95,0,11.66666666666667,3.291666666666667,2.991666666666667
#33008,2026-08,counted,paid,fulfilled,2026-08-04 15:36:00 +0100,Shopify Payments,32,0,3.95,5.99,35.95,0,26.66666666666667,3.291666666666667,5.991666666666668
#33009,2026-08,counted,paid,fulfilled,2026-08-04 15:41:00 +0100,Shopify Payments,18,0,3.95,3.66,21.95,0,15,3.291666666666667,3.658333333333333
#33010,2026-08,counted,paid,fulfilled,2026-08-04 15:57:00 +0100,Shopify Payments,16.5,0,3.95,3.41,20.45,0,13.75,3.291666666666667,3.408333333333333
#33011,2026-08,counted,paid,fulfilled,2026-08-04 16:07:00 +0100,Shopify Payments,72,0,0,12,72,0,60,0,12
#33012,2026-08,counted,paid,fulfilled,2026-08-04 17:27:00 +0100,Shopify Payments,58,0,0,9.67,58,0,48.33333333333334,0,9.666666666666668
#33013,2026-08,counted,paid,fulfilled,2026-08-04 17:31:00 +0100,PayPal Express Checkout,27,0,3.95,5.16,30.95,0,22.5,3.291666666666667,5.158333333333334
#33014,2026-08,counted,paid,fulfilled,2026-08-04 19:04:00 +0100,PayPal Express Checkout,127,0,0,21.17,127,0,105.8333333333333,0,21.16666666666667
#33015,2026-08,counted,paid,fulfilled,2026-08-04 19:17:00 +0100,Shopify Payments,21,0,3.95,4.16,24.95,0,17.5,3.291666666666667,4.158333333333334
#33016,2026-08,counted,paid,fulfilled,2026-08-04 19:30:00 +0100,Shopify Payments,114,0,0,19,114,0,95,0,19
#33017,2026-08,counted,paid,fulfilled,2026-08-04 19:34:00 +0100,Shopify Payments,126,0,0,21,126,0,105,0,21
#33018,2026-08,counted,paid,fulfilled,2026-08-04 19:35:00 +0100,Shopify Payments,45,0,3.95,8.16,48.95,0,37.5,3.291666666666667,8.158333333333335
#33019,2026-08,counted,paid,fulfilled,2026-08-04 20:13:00 +0100,Shopify Payments,38,0,3.95,6.99,41.95,0,31.66666666666667,3.291666666666667,6.991666666666667
#33020,2026-08,counted,paid,fulfilled,2026-08-04 20:31:00 +0100,PayPal Express Checkout,54,0,0,9,54,0,45,0,9.000000000000002
#33021,2026-08,counted,paid,fulfilled,2026-08-04 20:41:00 +0100,Shopify Payments,366,0,0,61,366,0,305,0,61.00000000000001
#33022,2026-08,counted,paid,fulfilled,2026-08-04 21:09:00 +0100,Shopify Payments,SUMMER10,154,15.4,0,23.1,138.6,0,115.5,0,23.1
#33023,2026-08,counted,partially_refunded,fulfilled,2026-08-04 21:47:00 +0100,Shopify Payments,108,0,0,18,108,21.6,72,0,14.4
#33024,2026-08,counted,paid,fulfilled,2026-08-04 21:47:00 +0100,Shopify Payments,SUMMER10,42,4.2,3.95,6.96,41.75,0,31.5,3.291666666666667,6.958333333333333
#33025,2026-08,counted,paid,fulfilled,2026-08-04 22:00:00 +0100,Shopify Payments,35,0,3.95,6.49,38.95,0,29.16666666666667,3.291666666666667,6.491666666666668
#33026,2026-08,counted,paid,fulfilled,2026-08-04 22:31:00 +0100,Shopify Payments,60,0,0,10,60,0,50,0,10
#33027,2026-08,counted,paid,fulfilled,2026-08-05 07:03:00 +0100,Shopify Payments,20,0,3.95,3.99,23.95,0,16.66666666666667,3.291666666666667,3.991666666666667
#33028,2026-08,counted,paid,fulfilled,2026-08-05 07:10:00 +0100,Shopify Payments,90,0,0,15,90,0,75,0,15
#33029,2026-08,counted,paid,fulfilled,2026-08-05 08:11:00 +0100,Gift card,92,0,0,15.33,92,0,76.66666666666667,0,15.33333333333334
#33030,2026-08,counted,paid,fulfilled,2026-08-05 08:18:00 +0100,Shopify Payments,80.5,0,0,13.42,80.5,0,67.08333333333334,0,13.41666666666667
#33031,2026-08,counted,refunded,fulfilled,2026-08-05 08:24:00 +0100,Shopify Payments,66,0,0,11,66,66,0,0,0
#33032,2026-08,counted,paid,fulfilled,2026-08-05 08:46:00 +0100,Shopify Payments,43,0,3.95,7.83,46.95,0,35.83333333333334,3.291666666666667,7.825000000000001
#33033,2026-08,counted,paid,fulfilled,2026-08-05 08:50:00 +0100,Shopify Payments,60,0,0,10,60,0,50,0,10
#33034,2026-08,counted,paid,fulfilled,2026-08-05 09:08:00 +0100,Shopify Payments,48,0,3.95,8.66,51.95,0,40,3.291666666666667,8.658333333333335
#33035,2026-08,counted,paid,fulfilled,2026-08-05 09:28:00 +0100,Shopify Payments,45,0,3.95,8.16,48.95,0,37.5,3.291666666666667,8.158333333333335
#33036,2026-08,counted,paid,fulfilled,2026-08-05 09:34:00 +0100,Shopify Payments,38,0,3.95,6.99,41.95,0,31.66666666666667,3.291666666666667,6.991666666666667
#33037,2026-08,counted,paid,fulfilled,2026-08-05 09:43:00 +0100,Shopify Payments,21,0,3.95,4.16,24.95,0,17.5,3.291666666666667,4.158333333333334
#33038,2026-08,counted,paid,fulfilled,2026-08-05 10:06:00 +0100,Shopify Payments,31.5,0,3.95,5.91,35.45,0,26.25,3.291666666666667,5.908333333333334
#33039,2026-08,counted,paid,fulfilled,2026-08-05 10:42:00 +0100,Shopify Payments,181,0,0,30.17,181,0,150.8333333333333,0,30.16666666666667
#33040,2026-08,counted,paid,fulfilled,2026-08-05 10:50:00 +0100,Shopify Payments,48.5,0,3.95,8.74,52.45,0,40.41666666666667,3.291666666666667,8.741666666666669
#33041,2026-08,counted,refunded,fulfilled,2026-08-05 10:52:00 +0100,Shopify Payments,140.5,0,0,23.42,140.5,140.5,0,0,0
#33042,2026-08,counted,paid,fulfilled,2026-08-05 11:04:00 +0100,Shopify Payments,76,0,0,12.67,76,0,63.33333333333334,0,12.66666666666667
#33043,2026-08,counted,paid,fulfilled,2026-08-05 11:17:00 +0100,"Gift card, Shopify Payments",143.5,0,0,23.92,143.5,0,119.5833333333333,0,23.91666666666667
#33044,2026-08,counted,paid,fulfilled,2026-08-05 11:18:00 +0100,PayPal Express Checkout,WELCOME5,24,5,3.95,3.83,22.95,0,15.83333333333333,3.291666666666667,3.825
#33045,2026-08,counted,paid,fulfilled,2026-08-05 11:21:00 +0100,Shopify Payments,99,0,0,16.5,99,0,82.5,0,16.5
#33046,2026-08,counted,paid,fulfilled,2026-08-05 11:21:00 +0100,Shopify Payments,15,0,3.95,3.16,18.95,0,12.5,3.291666666666667,3.158333333333334
#33047,2026-08,counted,paid,fulfilled,2026-08-05 11:31:00 +0100,Shopify Payments,SUMMER10,86,8.6,0,12.9,77.40000000000001,0,64.50000000000001,0,12.9
#33048,2026-08,counted,paid,fulfilled,2026-08-05 11:32:00 +0100,Gift card,WELCOME5,27,5,3.95,4.33,25.95,0,18.33333333333334,3.291666666666667,4.325
#33049,2026-08,counted,refunded,fulfilled,2026-08-05 11:41:00 +0100,Shopify Payments,91,0,0,15.17,91,91,0,0,0
#33050,2026-08,counted,paid,fulfilled,2026-08-05 14:49:00 +0100,Shopify Payments,108,0,0,18,108,0,90,0,18
#33051,2026-08,counted,paid,fulfilled,2026-08-05 14:50:00 +0100,Shopify Payments,66,0,0,11,66,0,55,0,11
#33052,2026-08,counted,paid,fulfilled,2026-08-05 16:30:00 +0100,Shopify Payments,125,0,0,20.83,125,0,104.1666666666667,0,20.83333333333334
#33053,2026-08,counted,paid,fulfilled,2026-08-05 16:38:00 +0100,Shopify Payments,79,0,0,13.17,79,0,65.83333333333334,0,13.16666666666667
#33054,2026-08,counted,paid,fulfilled,2026-08-05 16:50:00 +0100,Shopify Payments,176,0,0,29.33,176,0,146.6666666666667,0,29.33333333333334
#33055,2026-08,counted,paid,fulfilled,2026-08-05 17:01:00 +0100,Shopify Payments,165,0,0,27.5,165,0,137.5,0,27.5
#33056,2026-08,counted,paid,fulfilled,2026-08-05 17:15:00 +0100,"Gift card, Shopify Payments",32,0,3.95,5.99,35.95,0,26.66666666666667,3.291666666666667,5.991666666666668
#33057,2026-08,counted,paid,fulfilled,2026-08-05 17:17:00 +0100,Shopify Payments,WELCOME5,54,5,3.95,8.83,52.95,0,40.83333333333334,3.291666666666667,8.825000000000001
#33058,2026-08,counted,paid,fulfilled,2026-08-05 17:30:00 +0100,Shopify Payments,124,0,0,20.67,124,0,103.3333333333333,0,20.66666666666667
#33059,2026-08,counted,paid,fulfilled,2026-08-05 17:43:00 +0100,Shopify Payments,22,0,3.95,4.33,25.95,0,18.33333333333334,3.291666666666667,4.325
#33060,2026-08,counted,paid,fulfilled,2026-08-05 18:24:00 +0100,Shopify Payments,53,0,0,8.83,53,0,44.16666666666667,0,8.833333333333336
#33061,2026-08,counted,paid,fulfilled,2026-08-05 18:31:00 +0100,Shopify Payments,20,0,3.95,3.99,23.95,0,16.66666666666667,3.291666666666667,3.991666666666667
#33062,2026-08,counted,refunded,fulfilled,2026-08-05 18:41:00 +0100,Shopify Payments,SUMMER10,195,19.5,0,29.25,175.5,175.5,0,0,0
#33063,2026-08,counted,partially_refunded,fulfilled,2026-08-05 18:50:00 +0100,Shopify Payments,154,0,0,25.67,154,46.2,89.83333333333334,0,17.96666666666667
#33064,2026-08,counted,paid,fulfilled,2026-08-05 18:53:00 +0100,PayPal Express Checkout,9,0,3.95,2.16,12.95,0,7.5,3.291666666666667,2.158333333333333
#33065,2026-08,test order,paid,fulfilled,2026-08-05 18:53:00 +0100,Shopify Payments,test,267,0,0,44.5,267,0,222.5,0,44.50000000000001
#33066,2026-08,counted,paid,fulfilled,2026-08-05 18:56:00 +0100,Shopify Payments,74,0,0,12.33,74,0,61.66666666666667,0,12.33333333333333
#33067,2026-08,counted,paid,fulfilled,2026-08-05 18:58:00 +0100,Shopify Payments,60,0,0,10,60,0,50,0,10
#33068,2026-08,counted,paid,fulfilled,2026-08-05 19:26:00 +0100,PayPal Express Checkout,22,0,3.95,4.33,25.95,0,18.33333333333334,3.291666666666667,4.325
#33069,2026-08,counted,paid,fulfilled,2026-08-05 19:31:00 +0100,Shopify Payments,91,0,0,15.17,91,0,75.83333333333334,0,15.16666666666667
#33070,2026-08,counted,paid,fulfilled,2026-08-05 20:17:00 +0100,Shopify Payments,57,0,0,9.5,57,0,47.5,0,9.5
#33071,2026-08,counted,partially_refunded,fulfilled,2026-08-05 20:45:00 +0100,Shopify Payments,SUMMER10,145,14.5,0,21.75,130.5,65.25,54.375,0,10.875
#33072,2026-08,counted,paid,fulfilled,2026-08-05 20:59:00 +0100,Shopify Payments,SUMMER10,42,4.2,3.95,6.96,41.75,0,31.5,3.291666666666667,6.958333333333333
#33073,2026-08,counted,paid,fulfilled,2026-08-05 21:12:00 +0100,Shopify Payments,36,0,3.95,6.66,39.95,0,30,3.291666666666667,6.658333333333334
#33074,2026-08,counted,partially_refunded,fulfilled,2026-08-05 21:13:00 +0100,"Gift card, Shopify Payments",106,0,0,17.67,106,21.2,70.66666666666667,0,14.13333333333333
#33075,2026-08,counted,paid,fulfilled,2026-08-05 21:19:00 +0100,Shopify Payments,56,0,0,9.33,56,0,46.66666666666667,0,9.333333333333334
#33076,2026-08,counted,paid,fulfilled,2026-08-05 21:21:00 +0100,Shopify Payments,37,0,3.95,6.83,40.95,0,30.83333333333334,3.291666666666667,6.825000000000001
#33077,2026-08,counted,paid,fulfilled,2026-08-05 22:14:00 +0100,PayPal Express Checkout,WELCOME5,78,5,0,12.17,73,0,60.83333333333334,0,12.16666666666667
#33078,2026-08,counted,paid,fulfilled,2026-08-05 22:20:00 +0100,Shopify Payments,39,0,3.95,7.16,42.95,0,32.5,3.291666666666667,7.158333333333335
#33079,2026-08,counted,paid,fulfilled,2026-08-05 22:22:00 +0100,Shopify Payments,23.6,0,3.95,4.59,27.55,0,19.66666666666667,3.291666666666667,4.591666666666668
#33080,2026-08,counted,paid,fulfilled,2026-08-05 22:36:00 +0100,Shopify Payments,83,0,0,13.83,83,0,69.16666666666667,0,13.83333333333334
#33081,2026-08,counted,paid,fulfilled,2026-08-05 22:45:00 +0100,Shopify Payments,90,0,0,15,90,0,75,0,15
#33082,2026-08,counted,paid,fulfilled,2026-08-05 22:49:00 +0100,Shopify Payments,81,0,0,13.5,81,0,67.5,0,13.5
#33083,2026-08,counted,paid,fulfilled,2026-08-06 07:20:00 +0100,Gift card,114,0,0,19,114,0,95,0,19
#33084,2026-08,counted,paid,fulfilled,2026-08-06 07:33:00 +0100,Shopify Payments,48,0,3.95,8.66,51.95,0,40,3.291666666666667,8.658333333333335
#33085,2026-08,counted,paid,fulfilled,2026-08-06 08:27:00 +0100,Shopify Payments,22,0,3.95,4.33,25.95,0,18.33333333333334,3.291666666666667,4.325
#33086,2026-08,counted,paid,fulfilled,2026-08-06 08:54:00 +0100,Shopify Payments,108.6,0,0,18.1,108.6,0,90.5,0,18.1
#33087,2026-08,counted,paid,fulfilled,2026-08-06 09:38:00 +0100,Shopify Payments,SUMMER10,7.5,0.75,3.95,1.78,10.7,0,5.625,3.291666666666667,1.783333333333333
#33088,2026-08,counted,paid,fulfilled,2026-08-06 09:40:00 +0100,Gift card,22,0,3.95,4.33,25.95,0,18.33333333333334,3.291666666666667,4.325
#33089,2026-08,counted,paid,fulfilled,2026-08-06 10:01:00 +0100,Shopify Payments,152,0,0,25.33,152,0,126.6666666666667,0,25.33333333333334
#33090,2026-08,counted,paid,fulfilled,2026-08-06 10:20:00 +0100,Shopify Payments,SUMMER10,47,4.7,3.95,7.71,46.25,0,35.25,3.291666666666667,7.708333333333334
#33091,2026-08,counted,paid,fulfilled,2026-08-06 10:23:00 +0100,Shopify Payments,160,0,0,26.67,160,0,133.3333333333333,0,26.66666666666667
#33092,2026-08,counted,paid,fulfilled,2026-08-06 10:40:00 +0100,Shopify Payments,36,0,3.95,6.66,39.95,0,30,3.291666666666667,6.658333333333334
#33093,2026-08,counted,paid,fulfilled,2026-08-06 10:52:00 +0100,Shopify Payments,39,0,3.95,7.16,42.95,0,32.5,3.291666666666667,7.158333333333335
#33094,2026-08,counted,paid,fulfilled,2026-08-06 10:53:00 +0100,Shopify Payments,42,0,3.95,7.66,45.95,0,35,3.291666666666667,7.658333333333335
#33095,2026-08,counted,paid,fulfilled,2026-08-06 10:54:00 +0100,Shopify Payments,68,0,0,11.33,68,0,56.66666666666667,0,11.33333333333334
#33096,2026-08,counted,paid,fulfilled,2026-08-06 11:01:00 +0100,Shopify Payments,163.5,0,0,27.25,163.5,0,136.25,0,27.25
#33097,2026-08,counted,paid,fulfilled,2026-08-06 11:10:00 +0100,Shopify Payments,76,0,0,12.67,76,0,63.33333333333334,0,12.66666666666667
#33098,2026-08,counted,paid,fulfilled,2026-08-06 11:19:00 +0100,Shopify Payments,17,0,3.95,3.49,20.95,0,14.16666666666667,3.291666666666667,3.491666666666667
#33099,2026-08,counted,paid,fulfilled,2026-08-06 11:37:00 +0100,"Gift card, Shopify Payments",48,0,3.95,8.66,51.95,0,40,3.291666666666667,8.658333333333335
#33100,2026-08,counted,paid,fulfilled,2026-08-06 11:39:00 +0100,Shopify Payments,22,0,3.95,4.33,25.95,0,18.33333333333334,3.291666666666667,4.325
#33101,2026-08,counted,paid,fulfilled,2026-08-06 12:06:00 +0100,Shopify Payments,95,0,0,15.83,95,0,79.16666666666667,0,15.83333333333333
#33102,2026-08,counted,paid,fulfilled,2026-08-06 12:11:00 +0100,Shopify Payments,25,0,3.95,4.83,28.95,0,20.83333333333334,3.291666666666667,4.825
#33103,2026-08,counted,paid,fulfilled,2026-08-06 12:17:00 +0100,Shopify Payments,16.5,0,3.95,3.41,20.45,0,13.75,3.291666666666667,3.408333333333333
#33104,2026-08,counted,paid,fulfilled,2026-08-06 12:17:00 +0100,Shopify Payments,56,0,0,9.33,56,0,46.66666666666667,0,9.333333333333334
#33105,2026-08,counted,paid,fulfilled,2026-08-06 12:27:00 +0100,Shopify Payments,75,0,0,12.5,75,0,62.5,0,12.5
#33106,2026-08,counted,paid,fulfilled,2026-08-06 12:41:00 +0100,Shopify Payments,24,0,3.95,4.66,27.95,0,20,3.291666666666667,4.658333333333333
#33107,2026-08,counted,paid,fulfilled,2026-08-06 13:03:00 +0100,Shopify Payments,24,0,3.95,4.66,27.95,0,20,3.291666666666667,4.658333333333333
#33108,2026-08,counted,paid,fulfilled,2026-08-06 13:17:00 +0100,Shopify Payments,126,0,0,21,126,0,105,0,21
#33109,2026-08,counted,paid,fulfilled,2026-08-06 13:45:00 +0100,Shopify Payments,25,0,3.95,4.83,28.95,0,20.83333333333334,3.291666666666667,4.825
#33110,2026-08,counted,paid,fulfilled,2026-08-06 14:00:00 +0100,Shopify Payments,72,0,0,12,72,0,60,0,12
#33111,2026-08,counted,paid,fulfilled,2026-08-06 14:05:00 +0100,Shopify Payments,SUMMER10,31,3.1,3.95,5.31,31.85,0,23.25,3.291666666666667,5.308333333333334
#33112,2026-08,counted,paid,fulfilled,2026-08-06 14:48:00 +0100,Shopify Payments,69,0,0,11.5,69,0,57.5,0,11.5
#33113,2026-08,counted,paid,fulfilled,2026-08-06 14:51:00 +0100,Shopify Payments,77,0,0,12.83,77,0,64.16666666666667,0,12.83333333333333
#33114,2026-08,counted,paid,fulfilled,2026-08-06 14:51:00 +0100,Shopify Payments,WELCOME5,41,5,3.95,6.66,39.95,0,30,3.291666666666667,6.658333333333334
#33115,2026-08,counted,paid,fulfilled,2026-08-06 14:54:00 +0100,Shopify Payments,168,0,0,28,168,0,140,0,28
#33116,2026-08,counted,paid,fulfilled,2026-08-06 14:57:00 +0100,PayPal Express Checkout,21,0,3.95,4.16,24.95,0,17.5,3.291666666666667,4.158333333333334
#33117,2026-08,counted,paid,fulfilled,2026-08-06 15:35:00 +0100,Shopify Payments,18,0,3.95,3.66,21.95,0,15,3.291666666666667,3.658333333333333
#33118,2026-08,counted,paid,fulfilled,2026-08-06 16:01:00 +0100,Shopify Payments,90,0,0,15,90,0,75,0,15
#33119,2026-08,counted,paid,fulfilled,2026-08-06 16:49:00 +0100,Shopify Payments,88,0,0,14.67,88,0,73.33333333333334,0,14.66666666666667
#33120,2026-08,counted,paid,fulfilled,2026-08-06 17:08:00 +0100,Shopify Payments,28,0,3.95,5.33,31.95,0,23.33333333333334,3.291666666666667,5.325000000000001
#33121,2026-08,counted,paid,fulfilled,2026-08-06 17:12:00 +0100,Shopify Payments,15,0,3.95,3.16,18.95,0,12.5,3.291666666666667,3.158333333333334
#33122,2026-08,counted,paid,fulfilled,2026-08-06 18:24:00 +0100,PayPal Express Checkout,SUMMER10,36,3.6,3.95,6.06,36.35,0,27,3.291666666666667,6.058333333333334
#33123,2026-08,counted,paid,fulfilled,2026-08-06 18:56:00 +0100,PayPal Express Checkout,SUMMER10,28,2.8,3.95,4.86,29.15,0,21,3.291666666666667,4.858333333333333
#33124,2026-08,counted,paid,fulfilled,2026-08-06 19:08:00 +0100,Shopify Payments,70,0,0,11.67,70,0,58.33333333333334,0,11.66666666666667
#33125,2026-08,counted,paid,fulfilled,2026-08-06 19:17:00 +0100,Shopify Payments,15,0,3.95,3.16,18.95,0,12.5,3.291666666666667,3.158333333333334
#33126,2026-08,counted,paid,fulfilled,2026-08-06 19:32:00 +0100,Shopify Payments,47,0,3.95,8.49,50.95,0,39.16666666666667,3.291666666666667,8.491666666666669
#33127,2026-08,counted,paid,fulfilled,2026-08-06 19:55:00 +0100,Shopify Payments,104,0,0,17.33,104,0,86.66666666666667,0,17.33333333333334
#33128,2026-08,counted,paid,fulfilled,2026-08-06 20:27:00 +0100,Shopify Payments,15,0,3.95,3.16,18.95,0,12.5,3.291666666666667,3.158333333333334
#33129,2026-08,counted,partially_refunded,fulfilled,2026-08-06 20:43:00 +0100,Shopify Payments,SUMMER10,9,0.9,3.95,2.01,12.05,6.03,1.725,3.291666666666667,1.003333333333333
#33130,2026-08,counted,paid,fulfilled,2026-08-06 20:47:00 +0100,Shopify Payments,15,0,3.95,3.16,18.95,0,12.5,3.291666666666667,3.158333333333334
#33131,2026-08,counted,paid,fulfilled,2026-08-06 20:56:00 +0100,Shopify Payments,29,0,3.95,5.49,32.95,0,24.16666666666667,3.291666666666667,5.491666666666667
#33132,2026-08,counted,paid,fulfilled,2026-08-06 20:58:00 +0100,Shopify Payments,156.5,0,0,26.08,156.5,0,130.4166666666667,0,26.08333333333334
#33133,2026-08,counted,paid,fulfilled,2026-08-06 21:03:00 +0100,Shopify Payments,186,0,0,31,186,0,155,0,31
#33134,2026-08,counted,paid,fulfilled,2026-08-06 21:27:00 +0100,Gift card,101.5,0,0,16.92,101.5,0,84.58333333333334,0,16.91666666666667
#33135,2026-08,counted,paid,fulfilled,2026-08-06 21:29:00 +0100,"Gift card, Shopify Payments",57.5,0,0,9.58,57.5,0,47.91666666666667,0,9.583333333333334
#33136,2026-08,counted,paid,fulfilled,2026-08-06 21:33:00 +0100,Shopify Payments,48,0,3.95,8.66,51.95,0,40,3.291666666666667,8.658333333333335
#33137,2026-08,counted,paid,fulfilled,2026-08-06 21:55:00 +0100,Shopify Payments,108,0,0,18,108,0,90,0,18
#33138,2026-08,counted,paid,fulfilled,2026-08-06 22:04:00 +0100,Shopify Payments,58,0,0,9.67,58,0,48.33333333333334,0,9.666666666666668
#33139,2026-08,counted,paid,fulfilled,2026-08-06 22:08:00 +0100,PayPal Express Checkout,42,0,3.95,7.66,45.95,0,35,3.291666666666667,7.658333333333335
#33140,2026-08,counted,paid,fulfilled,2026-08-06 22:11:00 +0100,Shopify Payments,117,0,0,19.5,117,0,97.5,0,19.5
#33141,2026-08,counted,paid,fulfilled,2026-08-06 22:20:00 +0100,Shopify Payments,70,0,0,11.67,70,0,58.33333333333334,0,11.66666666666667
#33142,2026-08,counted,paid,fulfilled,2026-08-06 22:23:00 +0100,Shopify Payments,SUMMER10,21,2.1,3.95,3.81,22.85,0,15.75,3.291666666666667,3.808333333333333
#33143,2026-08,counted,paid,fulfilled,2026-08-06 22:26:00 +0100,Shopify Payments,83,0,0,13.83,83,0,69.16666666666667,0,13.83333333333334
#33144,2026-08,counted,paid,fulfilled,2026-08-07 07:14:00 +0100,Gift card,35,0,3.95,6.49,38.95,0,29.16666666666667,3.291666666666667,6.491666666666668
#33145,2026-08,counted,paid,fulfilled,2026-08-07 07:18:00 +0100,Shopify Payments,15,0,3.95,3.16,18.95,0,12.5,3.291666666666667,3.158333333333334
#33146,2026-08,counted,paid,fulfilled,2026-08-07 07:28:00 +0100,Shopify Payments,51,0,0,8.5,51,0,42.5,0,8.500000000000002
#33147,2026-08,counted,paid,fulfilled,2026-08-07 07:53:00 +0100,Shopify Payments,40,0,3.95,7.33,43.95,0,33.33333333333334,3.291666666666667,7.325000000000001
#33148,2026-08,counted,paid,fulfilled,2026-08-07 08:02:00 +0100,Shopify Payments,24,0,3.95,4.66,27.95,0,20,3.291666666666667,4.658333333333333
#33149,2026-08,counted,paid,fulfilled,2026-08-07 08:17:00 +0100,PayPal Express Checkout,19.5,0,3.95,3.91,23.45,0,16.25,3.291666666666667,3.908333333333334
#33150,2026-08,counted,paid,fulfilled,2026-08-07 09:12:00 +0100,Shopify Payments,128,0,0,21.33,128,0,106.6666666666667,0,21.33333333333334
#33151,2026-08,counted,paid,fulfilled,2026-08-07 09:22:00 +0100,Shopify Payments,WELCOME5,146,5,0,23.5,141,0,117.5,0,23.5
#33152,2026-08,counted,paid,fulfilled,2026-08-07 09:43:00 +0100,Shopify Payments,94,0,0,15.67,94,0,78.33333333333334,0,15.66666666666667
#33153,2026-08,counted,paid,fulfilled,2026-08-07 10:15:00 +0100,Shopify Payments,130,0,0,21.67,130,0,108.3333333333333,0,21.66666666666667
#33154,2026-08,counted,paid,fulfilled,2026-08-07 10:53:00 +0100,Shopify Payments,9,0,3.95,2.16,12.95,0,7.5,3.291666666666667,2.158333333333333
#33155,2026-08,counted,paid,fulfilled,2026-08-07 11:09:00 +0100,Shopify Payments,126,0,0,21,126,0,105,0,21
#33156,2026-08,counted,paid,fulfilled,2026-08-07 11:12:00 +0100,Shopify Payments,162,0,0,27,162,0,135,0,27
#33157,2026-08,counted,paid,fulfilled,2026-08-07 12:55:00 +0100,Shopify Payments,87,0,0,14.5,87,0,72.5,0,14.5
#33158,2026-08,counted,paid,fulfilled,2026-08-07 13:10:00 +0100,Shopify Payments,57,0,0,9.5,57,0,47.5,0,9.5
#33159,2026-08,counted,paid,fulfilled,2026-08-07 13:21:00 +0100,Shopify Payments,63,0,0,10.5,63,0,52.5,0,10.5
#33160,2026-08,counted,paid,fulfilled,2026-08-07 13:26:00 +0100,Shopify Payments,52,0,0,8.67,52,0,43.33333333333334,0,8.666666666666668
#33161,2026-08,counted,paid,fulfilled,2026-08-07 13:29:00 +0100,Shopify Payments,12,0,3.95,2.66,15.95,0,10,3.291666666666667,2.658333333333333
#33162,2026-08,counted,paid,fulfilled,2026-08-07 14:45:00 +0100,"Gift card, Shopify Payments",43.5,0,3.95,7.91,47.45,0,36.25,3.291666666666667,7.908333333333334
#33163,2026-08,counted,paid,fulfilled,2026-08-07 14:46:00 +0100,Shopify Payments,123,0,0,20.5,123,0,102.5,0,20.5
#33164,2026-08,counted,paid,fulfilled,2026-08-07 14:50:00 +0100,Shopify Payments,32,0,3.95,5.99,35.95,0,26.66666666666667,3.291666666666667,5.991666666666668
#33165,2026-08,counted,paid,fulfilled,2026-08-07 15:51:00 +0100,Shopify Payments,106,0,0,17.67,106,0,88.33333333333334,0,17.66666666666667
#33166,2026-08,counted,paid,fulfilled,2026-08-07 16:23:00 +0100,Shopify Payments,35,0,3.95,6.49,38.95,0,29.16666666666667,3.291666666666667,6.491666666666668
#33167,2026-08,counted,paid,fulfilled,2026-08-07 16:42:00 +0100,Shopify Payments,WELCOME5,26,5,3.95,4.16,24.95,0,17.5,3.291666666666667,4.158333333333334
#33168,2026-08,counted,paid,fulfilled,2026-08-07 16:46:00 +0100,Shopify Payments,26,0,3.95,4.99,29.95,0,21.66666666666667,3.291666666666667,4.991666666666667
#33169,2026-08,counted,partially_refunded,fulfilled,2026-08-07 17:01:00 +0100,Shopify Payments,69,0,0,11.5,69,13.8,46,0,9.200000000000001
#33170,2026-08,counted,paid,fulfilled,2026-08-07 17:32:00 +0100,Shopify Payments,25.5,0,3.95,4.91,29.45,0,21.25,3.291666666666667,4.908333333333334
#33171,2026-08,counted,paid,fulfilled,2026-08-07 17:37:00 +0100,Shopify Payments,179,0,0,29.83,179,0,149.1666666666667,0,29.83333333333334
#33172,2026-08,counted,paid,fulfilled,2026-08-07 17:52:00 +0100,Shopify Payments,84,0,0,14,84,0,70,0,14
#33173,2026-08,counted,paid,fulfilled,2026-08-07 18:04:00 +0100,Shopify Payments,40,0,3.95,7.33,43.95,0,33.33333333333334,3.291666666666667,7.325000000000001
#33174,2026-08,counted,paid,fulfilled,2026-08-07 18:18:00 +0100,Shopify Payments,42,0,3.95,7.66,45.95,0,35,3.291666666666667,7.658333333333335
#33175,2026-08,counted,paid,fulfilled,2026-08-07 18:19:00 +0100,Shopify Payments,47,0,3.95,8.49,50.95,0,39.16666666666667,3.291666666666667,8.491666666666669
#33176,2026-08,counted,paid,fulfilled,2026-08-07 18:23:00 +0100,Shopify Payments,68,0,0,11.33,68,0,56.66666666666667,0,11.33333333333334
#33177,2026-08,counted,paid,fulfilled,2026-08-07 18:29:00 +0100,Shopify Payments,18,0,3.95,3.66,21.95,0,15,3.291666666666667,3.658333333333333
#33178,2026-08,counted,paid,fulfilled,2026-08-07 18:43:00 +0100,Shopify Payments,114,0,0,19,114,0,95,0,19
#33179,2026-08,counted,paid,fulfilled,2026-08-07 18:48:00 +0100,Shopify Payments,122.5,0,0,20.42,122.5,0,102.0833333333333,0,20.41666666666667
#33180,2026-08,counted,paid,fulfilled,2026-08-07 19:20:00 +0100,Shopify Payments,94,0,0,15.67,94,0,78.33333333333334,0,15.66666666666667
#33181,2026-08,counted,paid,fulfilled,2026-08-07 19:43:00 +0100,Shopify Payments,42,0,3.95,7.66,45.95,0,35,3.291666666666667,7.658333333333335
#33182,2026-08,counted,paid,fulfilled,2026-08-07 20:05:00 +0100,"Gift card, Shopify Payments",232,0,0,38.67,232,0,193.3333333333333,0,38.66666666666667
#33183,2026-08,counted,paid,fulfilled,2026-08-07 20:38:00 +0100,Shopify Payments,58,0,0,9.67,58,0,48.33333333333334,0,9.666666666666668
#33184,2026-08,counted,paid,fulfilled,2026-08-07 21:15:00 +0100,Shopify Payments,86,0,0,14.33,86,0,71.66666666666667,0,14.33333333333333
#33185,2026-08,counted,paid,fulfilled,2026-08-07 21:53:00 +0100,Shopify Payments,62,0,0,10.33,62,0,51.66666666666667,0,10.33333333333333
#33186,2026-08,counted,paid,fulfilled,2026-08-07 21:57:00 +0100,PayPal Express Checkout,42.5,0,3.95,7.74,46.45,0,35.41666666666667,3.291666666666667,7.741666666666668
#33187,2026-08,counted,partially_refunded,fulfilled,2026-08-07 22:19:00 +0100,Shopify Payments,45,0,3.95,8.16,48.95,9.789999999999999,29.34166666666667,3.291666666666667,6.526666666666667
#33188,2026-08,counted,paid,fulfilled,2026-08-07 22:25:00 +0100,Shopify Payments,50,0,0,8.33,50,0,41.66666666666667,0,8.333333333333334
#33189,2026-08,counted,paid,fulfilled,2026-08-07 22:35:00 +0100,Shopify Payments,SUMMER10,22,2.2,3.95,3.96,23.75,0,16.5,3.291666666666667,3.958333333333333
#33190,2026-08,counted,paid,fulfilled,2026-08-07 22:36:00 +0100,Shopify Payments,38,0,3.95,6.99,41.95,0,31.66666666666667,3.291666666666667,6.991666666666667
#33191,2026-08,counted,paid,fulfilled,2026-08-08 07:00:00 +0100,Shopify Payments,14,0,3.95,2.99,17.95,0,11.66666666666667,3.291666666666667,2.991666666666667
#33192,2026-08,counted,paid,fulfilled,2026-08-08 07:12:00 +0100,Shopify Payments,WELCOME5,20,5,3.95,3.16,18.95,0,12.5,3.291666666666667,3.158333333333334
#33193,2026-08,counted,paid,fulfilled,2026-08-08 08:18:00 +0100,Shopify Payments,75,0,0,12.5,75,0,62.5,0,12.5
#33194,2026-08,counted,paid,fulfilled,2026-08-08 08:32:00 +0100,Shopify Payments,230,0,0,38.33,230,0,191.6666666666667,0,38.33333333333334
#33195,2026-08,counted,paid,fulfilled,2026-08-08 08:47:00 +0100,Shopify Payments,53,0,0,8.83,53,0,44.16666666666667,0,8.833333333333336
#33196,2026-08,counted,paid,fulfilled,2026-08-08 08:48:00 +0100,Shopify Payments,79,0,0,13.17,79,0,65.83333333333334,0,13.16666666666667
#33197,2026-08,counted,paid,fulfilled,2026-08-08 08:52:00 +0100,"Gift card, Shopify Payments",147,0,0,24.5,147,0,122.5,0,24.5
#33198,2026-08,counted,paid,fulfilled,2026-08-08 09:17:00 +0100,Shopify Payments,110,0,0,18.33,110,0,91.66666666666667,0,18.33333333333334
#33199,2026-08,counted,paid,fulfilled,2026-08-08 09:30:00 +0100,Shopify Payments,145,0,0,24.17,145,0,120.8333333333333,0,24.16666666666667
#33200,2026-08,counted,paid,fulfilled,2026-08-08 10:18:00 +0100,Shopify Payments,78,0,0,13,78,0,65,0,13
#33201,2026-08,counted,paid,fulfilled,2026-08-08 10:26:00 +0100,Shopify Payments,36,0,3.95,6.66,39.95,0,30,3.291666666666667,6.658333333333334
#33202,2026-08,counted,paid,fulfilled,2026-08-08 10:59:00 +0100,Shopify Payments,48,0,3.95,8.66,51.95,0,40,3.291666666666667,8.658333333333335
#33203,2026-08,counted,paid,fulfilled,2026-08-08 11:54:00 +0100,Shopify Payments,9,0,3.95,2.16,12.95,0,7.5,3.291666666666667,2.158333333333333
#33204,2026-08,counted,paid,fulfilled,2026-08-08 11:56:00 +0100,Shopify Payments,9,0,3.95,2.16,12.95,0,7.5,3.291666666666667,2.158333333333333
#33205,2026-08,counted,paid,fulfilled,2026-08-08 12:03:00 +0100,Shopify Payments,175,0,0,29.17,175,0,145.8333333333333,0,29.16666666666667
#33206,2026-08,counted,paid,fulfilled,2026-08-08 12:27:00 +0100,PayPal Express Checkout,SUMMER10,72,7.2,0,10.8,64.8,0,54,0,10.8
#33207,2026-08,counted,paid,fulfilled,2026-08-08 12:28:00 +0100,PayPal Express Checkout,61,0,0,10.17,61,0,50.83333333333334,0,10.16666666666667
#33208,2026-08,counted,paid,fulfilled,2026-08-08 12:47:00 +0100,Shopify Payments,173,0,0,28.83,173,0,144.1666666666667,0,28.83333333333334
#33209,2026-08,counted,paid,fulfilled,2026-08-08 12:51:00 +0100,Gift card,64,0,0,10.67,64,0,53.33333333333334,0,10.66666666666667
#33210,2026-08,counted,paid,fulfilled,2026-08-08 13:29:00 +0100,Shopify Payments,20,0,3.95,3.99,23.95,0,16.66666666666667,3.291666666666667,3.991666666666667
#33211,2026-08,counted,paid,fulfilled,2026-08-08 14:04:00 +0100,Shopify Payments,28.5,0,3.95,5.41,32.45,0,23.75,3.291666666666667,5.408333333333334
#33212,2026-08,counted,paid,fulfilled,2026-08-08 14:24:00 +0100,Shopify Payments,29,0,3.95,5.49,32.95,0,24.16666666666667,3.291666666666667,5.491666666666667
#33213,2026-08,counted,paid,fulfilled,2026-08-08 15:36:00 +0100,Gift card,79,0,0,13.17,79,0,65.83333333333334,0,13.16666666666667
#33214,2026-08,counted,paid,fulfilled,2026-08-08 15:59:00 +0100,Shopify Payments,SUMMER10,54,5.4,3.95,8.76,52.55,0,40.5,3.291666666666667,8.758333333333335
#33215,2026-08,counted,paid,fulfilled,2026-08-08 16:36:00 +0100,Shopify Payments,60,0,0,10,60,0,50,0,10
#33216,2026-08,counted,paid,fulfilled,2026-08-08 16:38:00 +0100,Shopify Payments,52,0,0,8.67,52,0,43.33333333333334,0,8.666666666666668
#33217,2026-08,counted,paid,fulfilled,2026-08-08 16:56:00 +0100,"Gift card, Shopify Payments",90,0,0,15,90,0,75,0,15
#33218,2026-08,counted,paid,fulfilled,2026-08-08 17:36:00 +0100,Shopify Payments,86,0,0,14.33,86,0,71.66666666666667,0,14.33333333333333
#33219,2026-08,counted,paid,fulfilled,2026-08-08 17:46:00 +0100,Shopify Payments,33,0,3.95,6.16,36.95,0,27.5,3.291666666666667,6.158333333333334
#33220,2026-08,counted,paid,fulfilled,2026-08-08 17:47:00 +0100,Shopify Payments,48,0,3.95,8.66,51.95,0,40,3.291666666666667,8.658333333333335
#33221,2026-08,counted,paid,fulfilled,2026-08-08 17:58:00 +0100,Shopify Payments,7.5,0,3.95,1.91,11.45,0,6.25,3.291666666666667,1.908333333333333
#33222,2026-08,counted,paid,fulfilled,2026-08-08 18:51:00 +0100,Shopify Payments,45,0,3.95,8.16,48.95,0,37.5,3.291666666666667,8.158333333333335
#33223,2026-08,counted,paid,fulfilled,2026-08-08 18:52:00 +0100,Shopify Payments,SUMMER10,32,3.2,3.95,5.46,32.75,0,24,3.291666666666667,5.458333333333334
#33224,2026-08,counted,paid,fulfilled,2026-08-08 19:06:00 +0100,Shopify Payments,35,0,3.95,6.49,38.95,0,29.16666666666667,3.291666666666667,6.491666666666668
#33225,2026-08,counted,paid,fulfilled,2026-08-08 19:15:00 +0100,Shopify Payments,77,0,0,12.83,77,0,64.16666666666667,0,12.83333333333333
#33226,2026-08,counted,paid,fulfilled,2026-08-08 19:36:00 +0100,Shopify Payments,SUMMER10,18,1.8,3.95,3.36,20.15,0,13.5,3.291666666666667,3.358333333333334
#33227,2026-08,counted,paid,fulfilled,2026-08-08 19:37:00 +0100,Shopify Payments,SUMMER10,90,9,0,13.5,81,0,67.5,0,13.5
#33228,2026-08,counted,paid,fulfilled,2026-08-08 19:59:00 +0100,PayPal Express Checkout,141,0,0,23.5,141,0,117.5,0,23.5
#33229,2026-08,counted,paid,fulfilled,2026-08-08 20:44:00 +0100,Shopify Payments,51,0,0,8.5,51,0,42.5,0,8.500000000000002
#33230,2026-08,counted,paid,fulfilled,2026-08-08 20:49:00 +0100,Shopify Payments,57,0,0,9.5,57,0,47.5,0,9.5
#33231,2026-08,counted,paid,fulfilled,2026-08-08 20:52:00 +0100,PayPal Express Checkout,12,0,3.95,2.66,15.95,0,10,3.291666666666667,2.658333333333333
#33232,2026-08,counted,paid,fulfilled,2026-08-08 20:55:00 +0100,Shopify Payments,58,0,0,9.67,58,0,48.33333333333334,0,9.666666666666668
#33233,2026-08,counted,paid,fulfilled,2026-08-08 21:29:00 +0100,Shopify Payments,131,0,0,21.83,131,0,109.1666666666667,0,21.83333333333334
#33234,2026-08,counted,paid,fulfilled,2026-08-08 21:34:00 +0100,Shopify Payments,101,0,0,16.83,101,0,84.16666666666667,0,16.83333333333334
#33235,2026-08,counted,paid,fulfilled,2026-08-08 21:40:00 +0100,Shopify Payments,42,0,3.95,7.66,45.95,0,35,3.291666666666667,7.658333333333335
#33236,2026-08,counted,paid,fulfilled,2026-08-09 07:10:00 +0100,Shopify Payments,72,0,0,12,72,0,60,0,12
#33237,2026-08,counted,partially_refunded,fulfilled,2026-08-09 07:41:00 +0100,Shopify Payments,14,0,3.95,2.99,17.95,5.39,7.175000000000002,3.291666666666667,2.093333333333333
#33238,2026-08,counted,paid,fulfilled,2026-08-09 07:45:00 +0100,Gift card,SUMMER10,58,5.8,0,8.699999999999999,52.2,0,43.50000000000001,0,8.700000000000001
#33239,2026-08,counted,refunded,fulfilled,2026-08-09 07:49:00 +0100,Shopify Payments,SUMMER10,34,3.4,3.95,5.76,34.55,34.55,0,3.552713678800501e-15,7.401486830834377e-16
#33240,2026-08,counted,paid,fulfilled,2026-08-09 07:56:00 +0100,Shopify Payments,33,0,3.95,6.16,36.95,0,27.5,3.291666666666667,6.158333333333334
#33241,2026-08,counted,paid,fulfilled,2026-08-09 08:03:00 +0100,Shopify Payments,98,0,0,16.33,98,0,81.66666666666667,0,16.33333333333334
#33242,2026-08,counted,paid,fulfilled,2026-08-09 08:47:00 +0100,Shopify Payments,7.5,0,3.95,1.91,11.45,0,6.25,3.291666666666667,1.908333333333333
#33243,2026-08,counted,paid,fulfilled,2026-08-09 09:14:00 +0100,Shopify Payments,28,0,3.95,5.33,31.95,0,23.33333333333334,3.291666666666667,5.325000000000001
#33244,2026-08,counted,paid,fulfilled,2026-08-09 09:20:00 +0100,Shopify Payments,36,0,3.95,6.66,39.95,0,30,3.291666666666667,6.658333333333334
#33245,2026-08,counted,paid,fulfilled,2026-08-09 09:58:00 +0100,Shopify Payments,106,0,0,17.67,106,0,88.33333333333334,0,17.66666666666667
#33246,2026-08,counted,paid,fulfilled,2026-08-09 10:24:00 +0100,Shopify Payments,167,0,0,27.83,167,0,139.1666666666667,0,27.83333333333333
#33247,2026-08,counted,paid,fulfilled,2026-08-09 10:28:00 +0100,Shopify Payments,16,0,3.95,3.33,19.95,0,13.33333333333333,3.291666666666667,3.325
#33248,2026-08,counted,paid,fulfilled,2026-08-09 10:28:00 +0100,Shopify Payments,6,0,3.95,1.66,9.949999999999999,0,5,3.291666666666667,1.658333333333333
#33249,2026-08,counted,paid,fulfilled,2026-08-09 10:39:00 +0100,PayPal Express Checkout,84,0,0,14,84,0,70,0,14
#33250,2026-08,counted,paid,fulfilled,2026-08-09 10:57:00 +0100,Shopify Payments,64,0,0,10.67,64,0,53.33333333333334,0,10.66666666666667
#33251,2026-08,counted,paid,fulfilled,2026-08-09 11:23:00 +0100,Shopify Payments,28,0,3.95,5.33,31.95,0,23.33333333333334,3.291666666666667,5.325000000000001
#33252,2026-08,counted,paid,fulfilled,2026-08-09 11:33:00 +0100,PayPal Express Checkout,52,0,0,8.67,52,0,43.33333333333334,0,8.666666666666668
#33253,2026-08,counted,paid,fulfilled,2026-08-09 11:35:00 +0100,Shopify Payments,79,0,0,13.17,79,0,65.83333333333334,0,13.16666666666667
#33254,2026-08,counted,paid,fulfilled,2026-08-09 11:36:00 +0100,Shopify Payments,52,0,0,8.67,52,0,43.33333333333334,0,8.666666666666668
#33255,2026-08,counted,paid,fulfilled,2026-08-09 11:47:00 +0100,Shopify Payments,84,0,0,14,84,0,70,0,14
#33256,2026-08,counted,paid,fulfilled,2026-08-09 12:47:00 +0100,Shopify Payments,125.5,0,0,20.92,125.5,0,104.5833333333333,0,20.91666666666667
#33257,2026-08,counted,paid,fulfilled,2026-08-09 12:53:00 +0100,Shopify Payments,SUMMER10,20,2,3.95,3.66,21.95,0,15,3.291666666666667,3.658333333333333
#33258,2026-08,counted,paid,fulfilled,2026-08-09 12:55:00 +0100,Shopify Payments,91,0,0,15.17,91,0,75.83333333333334,0,15.16666666666667
#33259,2026-08,counted,paid,fulfilled,2026-08-09 13:19:00 +0100,Shopify Payments,89,0,0,14.83,89,0,74.16666666666667,0,14.83333333333333
#33260,2026-08,counted,paid,fulfilled,2026-08-09 13:45:00 +0100,Shopify Payments,74,0,0,12.33,74,0,61.66666666666667,0,12.33333333333333
#33261,2026-08,counted,paid,fulfilled,2026-08-09 14:49:00 +0100,Shopify Payments,54,0,0,9,54,0,45,0,9.000000000000002
#33262,2026-08,counted,paid,fulfilled,2026-08-09 15:18:00 +0100,"Gift card, Shopify Payments",247,0,0,41.17,247,0,205.8333333333333,0,41.16666666666667
#33263,2026-08,counted,paid,fulfilled,2026-08-09 15:24:00 +0100,Shopify Payments,SUMMER10,61,6.1,0,9.15,54.9,0,45.75,0,9.15
#33264,2026-08,counted,paid,fulfilled,2026-08-09 15:42:00 +0100,Shopify Payments,122,0,0,20.33,122,0,101.6666666666667,0,20.33333333333334
#33265,2026-08,counted,paid,fulfilled,2026-08-09 15:46:00 +0100,Shopify Payments,SUMMER10,47,4.7,3.95,7.71,46.25,0,35.25,3.291666666666667,7.708333333333334
#33266,2026-08,counted,paid,fulfilled,2026-08-09 16:42:00 +0100,Shopify Payments,90,0,0,15,90,0,75,0,15
#33267,2026-08,counted,paid,fulfilled,2026-08-09 17:01:00 +0100,Shopify Payments,78,0,0,13,78,0,65,0,13
#33268,2026-08,counted,paid,fulfilled,2026-08-09 17:23:00 +0100,Shopify Payments,WELCOME5,87,5,0,13.67,82,0,68.33333333333334,0,13.66666666666667
#33269,2026-08,counted,paid,fulfilled,2026-08-09 17:39:00 +0100,Shopify Payments,SUMMER10,15,1.5,3.95,2.91,17.45,0,11.25,3.291666666666667,2.908333333333334
#33270,2026-08,counted,paid,fulfilled,2026-08-09 18:11:00 +0100,Shopify Payments,255,0,0,42.5,255,0,212.5,0,42.5
#33271,2026-08,counted,paid,fulfilled,2026-08-09 18:29:00 +0100,Shopify Payments,316,0,0,52.67,316,0,263.3333333333334,0,52.66666666666667
#33272,2026-08,counted,paid,fulfilled,2026-08-09 18:38:00 +0100,Shopify Payments,135,0,0,22.5,135,0,112.5,0,22.5
#33273,2026-08,counted,paid,fulfilled,2026-08-09 18:39:00 +0100,Shopify Payments,50,0,0,8.33,50,0,41.66666666666667,0,8.333333333333334
#33274,2026-08,counted,paid,fulfilled,2026-08-09 19:17:00 +0100,Shopify Payments,112,0,0,18.67,112,0,93.33333333333334,0,18.66666666666667
#33275,2026-08,counted,paid,fulfilled,2026-08-09 19:22:00 +0100,Shopify Payments,99,0,0,16.5,99,0,82.5,0,16.5
#33276,2026-08,voided/cancelled,voided,unfulfilled,2026-08-09 19:44:00 +0100,Shopify Payments,87,0,0,14.5,87,0,72.5,0,14.5
#33277,2026-08,counted,paid,fulfilled,2026-08-09 20:22:00 +0100,PayPal Express Checkout,30,0,3.95,5.66,33.95,0,25,3.291666666666667,5.658333333333334
#33278,2026-08,counted,paid,fulfilled,2026-08-09 20:22:00 +0100,Shopify Payments,SUMMER10,16,1.6,3.95,3.06,18.35,0,12,3.291666666666667,3.058333333333334
#33279,2026-08,counted,paid,fulfilled,2026-08-09 20:51:00 +0100,Shopify Payments,11,0,3.95,2.49,14.95,0,9.166666666666668,3.291666666666667,2.491666666666667
#33280,2026-08,counted,paid,fulfilled,2026-08-09 20:54:00 +0100,Shopify Payments,47,0,3.95,8.49,50.95,0,39.16666666666667,3.291666666666667,8.491666666666669
#33281,2026-08,counted,paid,fulfilled,2026-08-09 20:59:00 +0100,Shopify Payments,14,0,3.95,2.99,17.95,0,11.66666666666667,3.291666666666667,2.991666666666667
#33282,2026-08,counted,paid,fulfilled,2026-08-09 21:12:00 +0100,Shopify Payments,25,0,3.95,4.83,28.95,0,20.83333333333334,3.291666666666667,4.825
#33283,2026-08,counted,paid,fulfilled,2026-08-09 21:46:00 +0100,Shopify Payments,14,0,3.95,2.99,17.95,0,11.66666666666667,3.291666666666667,2.991666666666667
#33284,2026-08,counted,paid,fulfilled,2026-08-09 22:09:00 +0100,Shopify Payments,60,0,0,10,60,0,50,0,10
#33285,2026-08,counted,paid,fulfilled,2026-08-09 22:58:00 +0100,Shopify Payments,84,0,0,14,84,0,70,0,14
#33286,2026-08,counted,paid,fulfilled,2026-08-09 22:59:00 +0100,Shopify Payments,113,0,0,18.83,113,0,94.16666666666667,0,18.83333333333334
#33287,2026-08,counted,paid,fulfilled,2026-08-10 07:00:00 +0100,Shopify Payments,42,0,3.95,7.66,45.95,0,35,3.291666666666667,7.658333333333335
#33288,2026-08,counted,paid,fulfilled,2026-08-10 07:55:00 +0100,Shopify Payments,22,0,3.95,4.33,25.95,0,18.33333333333334,3.291666666666667,4.325
#33289,2026-08,counted,paid,fulfilled,2026-08-10 08:02:00 +0100,Shopify Payments,91,0,0,15.17,91,0,75.83333333333334,0,15.16666666666667
#33290,2026-08,pre-order (not shipped),paid,unfulfilled,2026-08-10 08:10:00 +0100,Shopify Payments,pre-order,28,0,3.95,5.33,31.95,0,23.33333333333334,3.291666666666667,5.325000000000001
#33291,2026-08,counted,paid,fulfilled,2026-08-10 08:10:00 +0100,Shopify Payments,79,0,0,13.17,79,0,65.83333333333334,0,13.16666666666667
#33292,2026-08,counted,paid,fulfilled,2026-08-10 08:19:00 +0100,Shopify Payments,SUMMER10,79,7.9,0,11.85,71.09999999999999,0,59.25,0,11.85
#33293,2026-08,counted,paid,fulfilled,2026-08-10 08:30:00 +0100,Shopify Payments,85,0,0,14.17,85,0,70.83333333333334,0,14.16666666666667
#33294,2026-08,counted,paid,fulfilled,2026-08-10 09:07:00 +0100,Shopify Payments,38,0,3.95,6.99,41.95,0,31.66666666666667,3.291666666666667,6.991666666666667
#33295,2026-08,counted,paid,fulfilled,2026-08-10 10:01:00 +0100,PayPal Express Checkout,37,0,3.95,6.83,40.95,0,30.83333333333334,3.291666666666667,6.825000000000001
#33296,2026-08,counted,paid,fulfilled,2026-08-10 10:19:00 +0100,Gift card,WELCOME5,32,5,3.95,5.16,30.95,0,22.5,3.291666666666667,5.158333333333334
#33297,2026-08,counted,paid,fulfilled,2026-08-10 10:31:00 +0100,Shopify Payments,99,0,0,16.5,99,0,82.5,0,16.5
#33298,2026-08,counted,refunded,fulfilled,2026-08-10 11:22:00 +0100,Shopify Payments,11,0,3.95,2.49,14.95,14.95,0,8.881784197001252e-16,1.480297366166876e-16
#33299,2026-08,counted,paid,fulfilled,2026-08-10 11:32:00 +0100,Shopify Payments,60,0,0,10,60,0,50,0,10
#33300,2026-08,counted,paid,fulfilled,2026-08-10 11:39:00 +0100,Shopify Payments,25,0,3.95,4.83,28.95,0,20.83333333333334,3.291666666666667,4.825
#33301,2026-08,counted,paid,fulfilled,2026-08-10 11:40:00 +0100,Shopify Payments,82,0,0,13.67,82,0,68.33333333333334,0,13.66666666666667
#33302,2026-08,counted,paid,fulfilled,2026-08-10 11:42:00 +0100,Shopify Payments,84,0,0,14,84,0,70,0,14
#33303,2026-08,counted,paid,fulfilled,2026-08-10 11:44:00 +0100,Shopify Payments,44,0,3.95,7.99,47.95,0,36.66666666666667,3.291666666666667,7.991666666666668
#33304,2026-08,counted,paid,fulfilled,2026-08-10 12:11:00 +0100,Shopify Payments,72,0,0,12,72,0,60,0,12
#33305,2026-08,counted,paid,fulfilled,2026-08-10 12:17:00 +0100,Shopify Payments,21,0,3.95,4.16,24.95,0,17.5,3.291666666666667,4.158333333333334
#33306,2026-08,counted,paid,fulfilled,2026-08-10 12:28:00 +0100,Shopify Payments,38,0,3.95,6.99,41.95,0,31.66666666666667,3.291666666666667,6.991666666666667
#33307,2026-08,counted,paid,fulfilled,2026-08-10 12:57:00 +0100,Shopify Payments,48,0,3.95,8.66,51.95,0,40,3.291666666666667,8.658333333333335
#33308,2026-08,counted,paid,fulfilled,2026-08-10 13:20:00 +0100,Shopify Payments,128,0,0,21.33,128,0,106.6666666666667,0,21.33333333333334
#33309,2026-08,counted,paid,fulfilled,2026-08-10 13:31:00 +0100,Shopify Payments,68,0,0,11.33,68,0,56.66666666666667,0,11.33333333333334
#33310,2026-08,counted,paid,fulfilled,2026-08-10 13:45:00 +0100,Shopify Payments,SUMMER10,64,6.4,0,9.6,57.6,0,48,0,9.600000000000001
#33311,2026-08,counted,paid,fulfilled,2026-08-10 13:52:00 +0100,Shopify Payments,9,0,3.95,2.16,12.95,0,7.5,3.291666666666667,2.158333333333333
#33312,2026-08,counted,refunded,fulfilled,2026-08-10 14:03:00 +0100,Shopify Payments,14,0,3.95,2.99,17.95,17.95,0,8.881784197001252e-16,1.480297366166876e-16
#33313,2026-08,counted,paid,fulfilled,2026-08-10 14:09:00 +0100,Shopify Payments,133,0,0,22.17,133,0,110.8333333333333,0,22.16666666666667
#33314,2026-08,counted,paid,fulfilled,2026-08-10 15:01:00 +0100,Gift card,173,0,0,28.83,173,0,144.1666666666667,0,28.83333333333334
#33315,2026-08,counted,paid,fulfilled,2026-08-10 15:45:00 +0100,Shopify Payments,94.8,0,0,15.8,94.8,0,79,0,15.8
#33316,2026-08,counted,paid,fulfilled,2026-08-10 15:52:00 +0100,Gift card,20,0,3.95,3.99,23.95,0,16.66666666666667,3.291666666666667,3.991666666666667
#33317,2026-08,counted,paid,fulfilled,2026-08-10 16:07:00 +0100,Shopify Payments,45,0,3.95,8.16,48.95,0,37.5,3.291666666666667,8.158333333333335
#33318,2026-08,pre-order (not shipped),paid,unfulfilled,2026-08-10 16:43:00 +0100,Shopify Payments,pre-order,97,0,0,16.17,97,0,80.83333333333334,0,16.16666666666667
#33319,2026-08,counted,paid,fulfilled,2026-08-10 17:13:00 +0100,Shopify Payments,51,0,0,8.5,51,0,42.5,0,8.500000000000002
#33320,2026-08,counted,partially_refunded,fulfilled,2026-08-10 17:16:00 +0100,Gift card,43,0,3.95,7.83,46.95,23.48,16.26666666666667,3.291666666666667,3.911666666666667
#33321,2026-08,counted,paid,fulfilled,2026-08-10 17:22:00 +0100,Shopify Payments,SUMMER10,45.5,4.55,3.95,7.48,44.9,0,34.12500000000001,3.291666666666667,7.483333333333335
#33322,2026-08,pre-order (not shipped),paid,unfulfilled,2026-08-10 17:24:00 +0100,Shopify Payments,pre-order,51,0,0,8.5,51,0,42.5,0,8.500000000000002
#33323,2026-08,counted,paid,fulfilled,2026-08-10 17:31:00 +0100,Shopify Payments,212,0,0,35.33,212,0,176.6666666666667,0,35.33333333333334
#33324,2026-08,counted,paid,fulfilled,2026-08-10 17:40:00 +0100,Shopify Payments,320,0,0,53.33,320,0,266.6666666666667,0,53.33333333333334
#33325,2026-08,counted,paid,fulfilled,2026-08-10 17:53:00 +0100,Shopify Payments,11,0,3.95,2.49,14.95,0,9.166666666666668,3.291666666666667,2.491666666666667
#33326,2026-08,counted,paid,fulfilled,2026-08-10 18:48:00 +0100,"Gift card, Shopify Payments",17,0,3.95,3.49,20.95,0,14.16666666666667,3.291666666666667,3.491666666666667
#33327,2026-08,counted,paid,fulfilled,2026-08-10 18:58:00 +0100,Shopify Payments,96.5,0,0,16.08,96.5,0,80.41666666666667,0,16.08333333333334
#33328,2026-08,counted,paid,fulfilled,2026-08-10 19:07:00 +0100,Shopify Payments,42,0,3.95,7.66,45.95,0,35,3.291666666666667,7.658333333333335
#33329,2026-08,counted,paid,fulfilled,2026-08-10 19:17:00 +0100,Shopify Payments,30,0,3.95,5.66,33.95,0,25,3.291666666666667,5.658333333333334
#33330,2026-08,counted,paid,fulfilled,2026-08-10 19:38:00 +0100,Shopify Payments,98,0,0,16.33,98,0,81.66666666666667,0,16.33333333333334
#33331,2026-08,pre-order (not shipped),paid,unfulfilled,2026-08-10 19:40:00 +0100,Shopify Payments,pre-order,224,0,0,37.33,224,0,186.6666666666667,0,37.33333333333334
#33332,2026-08,counted,paid,fulfilled,2026-08-10 19:47:00 +0100,Shopify Payments,SUMMER10,149,14.9,0,22.35,134.1,0,111.75,0,22.35
#33333,2026-08,counted,paid,fulfilled,2026-08-10 19:51:00 +0100,Shopify Payments,42,0,3.95,7.66,45.95,0,35,3.291666666666667,7.658333333333335
#33334,2026-08,counted,paid,fulfilled,2026-08-10 19:56:00 +0100,Shopify Payments,161.5,0,0,26.92,161.5,0,134.5833333333333,0,26.91666666666667
#33335,2026-08,counted,paid,fulfilled,2026-08-10 20:21:00 +0100,Shopify Payments,82,0,0,13.67,82,0,68.33333333333334,0,13.66666666666667
#33336,2026-08,counted,paid,fulfilled,2026-08-10 20:33:00 +0100,Shopify Payments,7.5,0,3.95,1.91,11.45,0,6.25,3.291666666666667,1.908333333333333
#33337,2026-08,pre-order (not shipped),paid,unfulfilled,2026-08-10 20:39:00 +0100,Shopify Payments,pre-order,18,0,3.95,3.66,21.95,0,15,3.291666666666667,3.658333333333333
#33338,2026-08,counted,paid,fulfilled,2026-08-10 20:49:00 +0100,Shopify Payments,28,0,3.95,5.33,31.95,0,23.33333333333334,3.291666666666667,5.325000000000001
#33339,2026-08,counted,paid,fulfilled,2026-08-10 20:51:00 +0100,Shopify Payments,24,0,3.95,4.66,27.95,0,20,3.291666666666667,4.658333333333333
#33340,2026-08,counted,paid,fulfilled,2026-08-10 20:55:00 +0100,Gift card,90,0,0,15,90,0,75,0,15
#33341,2026-08,counted,paid,fulfilled,2026-08-10 21:14:00 +0100,Shopify Payments,36,0,3.95,6.66,39.95,0,30,3.291666666666667,6.658333333333334
#33342,2026-08,counted,paid,fulfilled,2026-08-10 21:25:00 +0100,Shopify Payments,22,0,3.95,4.33,25.95,0,18.33333333333334,3.291666666666667,4.325
#33343,2026-08,counted,paid,fulfilled,2026-08-10 21:45:00 +0100,Shopify Payments,66,0,0,11,66,0,55,0,11
#33344,2026-08,counted,paid,fulfilled,2026-08-10 21:45:00 +0100,Shopify Payments,48,0,3.95,8.66,51.95,0,40,3.291666666666667,8.658333333333335
#33345,2026-08,counted,paid,fulfilled,2026-08-10 22:23:00 +0100,Shopify Payments,132,0,0,22,132,0,110,0,22
#33346,2026-08,counted,paid,fulfilled,2026-08-11 07:00:00 +0100,Shopify Payments,15,0,3.95,3.16,18.95,0,12.5,3.291666666666667,3.158333333333334
#33347,2026-08,counted,paid,fulfilled,2026-08-11 07:02:00 +0100,Shopify Payments,SUMMER10,28,2.8,3.95,4.86,29.15,0,21,3.291666666666667,4.858333333333333
#33348,2026-08,pre-order (not shipped),paid,unfulfilled,2026-08-11 07:25:00 +0100,Shopify Payments,pre-order,SUMMER10,36,3.6,3.95,6.06,36.35,0,27,3.291666666666667,6.058333333333334
#33349,2026-08,counted,paid,fulfilled,2026-08-11 07:47:00 +0100,Shopify Payments,137,0,0,22.83,137,0,114.1666666666667,0,22.83333333333334
#33350,2026-08,counted,paid,fulfilled,2026-08-11 08:05:00 +0100,Shopify Payments,107,0,0,17.83,107,0,89.16666666666667,0,17.83333333333334
#33351,2026-08,counted,paid,fulfilled,2026-08-11 08:25:00 +0100,Shopify Payments,164,0,0,27.33,164,0,136.6666666666667,0,27.33333333333334
#33352,2026-08,counted,paid,fulfilled,2026-08-11 08:27:00 +0100,Shopify Payments,63,0,0,10.5,63,0,52.5,0,10.5
#33353,2026-08,counted,paid,fulfilled,2026-08-11 08:31:00 +0100,Shopify Payments,45,0,3.95,8.16,48.95,0,37.5,3.291666666666667,8.158333333333335
#33354,2026-08,counted,paid,fulfilled,2026-08-11 08:40:00 +0100,Shopify Payments,47,0,3.95,8.49,50.95,0,39.16666666666667,3.291666666666667,8.491666666666669
#33355,2026-08,counted,paid,fulfilled,2026-08-11 08:45:00 +0100,Shopify Payments,53,0,0,8.83,53,0,44.16666666666667,0,8.833333333333336
#33356,2026-08,voided/cancelled,voided,unfulfilled,2026-08-11 08:48:00 +0100,Shopify Payments,153,0,0,25.5,153,0,127.5,0,25.5
#33357,2026-08,counted,paid,fulfilled,2026-08-11 09:19:00 +0100,Shopify Payments,22,0,3.95,4.33,25.95,0,18.33333333333334,3.291666666666667,4.325
#33358,2026-08,counted,paid,fulfilled,2026-08-11 09:29:00 +0100,Shopify Payments,125,0,0,20.83,125,0,104.1666666666667,0,20.83333333333334
#33359,2026-08,counted,paid,fulfilled,2026-08-11 10:02:00 +0100,Shopify Payments,18,0,3.95,3.66,21.95,0,15,3.291666666666667,3.658333333333333
#33360,2026-08,counted,paid,fulfilled,2026-08-11 10:34:00 +0100,Shopify Payments,51,0,0,8.5,51,0,42.5,0,8.500000000000002
#33361,2026-08,counted,paid,fulfilled,2026-08-11 10:41:00 +0100,Shopify Payments,30,0,3.95,5.66,33.95,0,25,3.291666666666667,5.658333333333334
#33362,2026-08,counted,paid,fulfilled,2026-08-11 10:42:00 +0100,Shopify Payments,36,0,3.95,6.66,39.95,0,30,3.291666666666667,6.658333333333334
#33363,2026-08,counted,paid,fulfilled,2026-08-11 11:09:00 +0100,Shopify Payments,121,0,0,20.17,121,0,100.8333333333333,0,20.16666666666667
#33364,2026-08,pre-order (not shipped),paid,unfulfilled,2026-08-11 11:26:00 +0100,Shopify Payments,pre-order,28,0,3.95,5.33,31.95,0,23.33333333333334,3.291666666666667,5.325000000000001
#33365,2026-08,counted,paid,fulfilled,2026-08-11 12:18:00 +0100,Shopify Payments,54,0,0,9,54,0,45,0,9.000000000000002
#33366,2026-08,counted,paid,fulfilled,2026-08-11 12:37:00 +0100,Shopify Payments,110,0,0,18.33,110,0,91.66666666666667,0,18.33333333333334
#33367,2026-08,counted,paid,fulfilled,2026-08-11 12:49:00 +0100,Shopify Payments,57,0,0,9.5,57,0,47.5,0,9.5
#33368,2026-08,counted,paid,fulfilled,2026-08-11 12:55:00 +0100,PayPal Express Checkout,114,0,0,19,114,0,95,0,19
#33369,2026-08,counted,paid,fulfilled,2026-08-11 13:06:00 +0100,Shopify Payments,146,0,0,24.33,146,0,121.6666666666667,0,24.33333333333334
#33370,2026-08,counted,paid,fulfilled,2026-08-11 14:01:00 +0100,Shopify Payments,60,0,0,10,60,0,50,0,10
#33371,2026-08,counted,paid,fulfilled,2026-08-11 14:05:00 +0100,Shopify Payments,32,0,3.95,5.99,35.95,0,26.66666666666667,3.291666666666667,5.991666666666668
#33372,2026-08,counted,paid,fulfilled,2026-08-11 14:12:00 +0100,Shopify Payments,90,0,0,15,90,0,75,0,15
#33373,2026-08,counted,paid,fulfilled,2026-08-11 14:31:00 +0100,PayPal Express Checkout,9,0,3.95,2.16,12.95,0,7.5,3.291666666666667,2.158333333333333
#33374,2026-08,counted,paid,fulfilled,2026-08-11 14:32:00 +0100,Shopify Payments,81,0,0,13.5,81,0,67.5,0,13.5
#33375,2026-08,counted,paid,fulfilled,2026-08-11 14:37:00 +0100,Shopify Payments,11,0,3.95,2.49,14.95,0,9.166666666666668,3.291666666666667,2.491666666666667
#33376,2026-08,counted,paid,fulfilled,2026-08-11 15:00:00 +0100,Shopify Payments,WELCOME5,45,5,3.95,7.33,43.95,0,33.33333333333334,3.291666666666667,7.325000000000001
#33377,2026-08,counted,paid,fulfilled,2026-08-11 15:14:00 +0100,Shopify Payments,164,0,0,27.33,164,0,136.6666666666667,0,27.33333333333334
#33378,2026-08,counted,paid,fulfilled,2026-08-11 15:23:00 +0100,Shopify Payments,SUMMER10,63,6.3,0,9.449999999999999,56.7,0,47.25000000000001,0,9.450000000000001
#33379,2026-08,counted,paid,fulfilled,2026-08-11 15:42:00 +0100,Shopify Payments,67.5,0,0,11.25,67.5,0,56.25,0,11.25
#33380,2026-08,counted,paid,fulfilled,2026-08-11 15:57:00 +0100,Shopify Payments,58,0,0,9.67,58,0,48.33333333333334,0,9.666666666666668
#33381,2026-08,counted,paid,fulfilled,2026-08-11 16:17:00 +0100,Shopify Payments,7.5,0,3.95,1.91,11.45,0,6.25,3.291666666666667,1.908333333333333
#33382,2026-08,pre-order (not shipped),paid,unfulfilled,2026-08-11 16:31:00 +0100,Shopify Payments,pre-order,66,0,0,11,66,0,55,0,11
#33383,2026-08,counted,paid,fulfilled,2026-08-11 16:38:00 +0100,Shopify Payments,92.5,0,0,15.42,92.5,0,77.08333333333334,0,15.41666666666667
#33384,2026-08,counted,paid,fulfilled,2026-08-11 17:28:00 +0100,Shopify Payments,72,0,0,12,72,0,60,0,12
#33385,2026-08,counted,partially_refunded,fulfilled,2026-08-11 17:45:00 +0100,Shopify Payments,30,0,3.95,5.66,33.95,6.79,19.34166666666667,3.291666666666667,4.526666666666667
#33386,2026-08,counted,paid,fulfilled,2026-08-11 17:50:00 +0100,Shopify Payments,38,0,3.95,6.99,41.95,0,31.66666666666667,3.291666666666667,6.991666666666667
#33387,2026-08,counted,paid,fulfilled,2026-08-11 17:53:00 +0100,Shopify Payments,44,0,3.95,7.99,47.95,0,36.66666666666667,3.291666666666667,7.991666666666668
#33388,2026-08,counted,paid,fulfilled,2026-08-11 17:53:00 +0100,Shopify Payments,37,0,3.95,6.83,40.95,0,30.83333333333334,3.291666666666667,6.825000000000001
#33389,2026-08,counted,paid,fulfilled,2026-08-11 18:00:00 +0100,Shopify Payments,67,0,0,11.17,67,0,55.83333333333334,0,11.16666666666667
#33390,2026-08,counted,paid,fulfilled,2026-08-11 18:38:00 +0100,Shopify Payments,25,0,3.95,4.83,28.95,0,20.83333333333334,3.291666666666667,4.825
#33391,2026-08,counted,paid,fulfilled,2026-08-11 18:41:00 +0100,PayPal Express Checkout,62,0,0,10.33,62,0,51.66666666666667,0,10.33333333333333
#33392,2026-08,counted,paid,fulfilled,2026-08-11 18:52:00 +0100,"Gift card, Shopify Payments",55,0,0,9.17,55,0,45.83333333333334,0,9.166666666666668
#33393,2026-08,counted,paid,fulfilled,2026-08-11 18:54:00 +0100,Shopify Payments,164,0,0,27.33,164,0,136.6666666666667,0,27.33333333333334
#33394,2026-08,counted,paid,fulfilled,2026-08-11 19:08:00 +0100,PayPal Express Checkout,79,0,0,13.17,79,0,65.83333333333334,0,13.16666666666667
#33395,2026-08,counted,paid,fulfilled,2026-08-11 19:09:00 +0100,Shopify Payments,41,0,3.95,7.49,44.95,0,34.16666666666667,3.291666666666667,7.491666666666667
#33396,2026-08,counted,paid,fulfilled,2026-08-11 19:14:00 +0100,Shopify Payments,30,0,3.95,5.66,33.95,0,25,3.291666666666667,5.658333333333334
#33397,2026-08,counted,paid,fulfilled,2026-08-11 19:26:00 +0100,Shopify Payments,173,0,0,28.83,173,0,144.1666666666667,0,28.83333333333334
#33398,2026-08,counted,paid,fulfilled,2026-08-11 19:32:00 +0100,Shopify Payments,138.5,0,0,23.08,138.5,0,115.4166666666667,0,23.08333333333334
#33399,2026-08,counted,paid,fulfilled,2026-08-11 19:52:00 +0100,Shopify Payments,40,0,3.95,7.33,43.95,0,33.33333333333334,3.291666666666667,7.325000000000001
#33400,2026-08,counted,paid,fulfilled,2026-08-11 19:58:00 +0100,Shopify Payments,45,0,3.95,8.16,48.95,0,37.5,3.291666666666667,8.158333333333335
#33401,2026-08,counted,paid,fulfilled,2026-08-11 20:19:00 +0100,Shopify Payments,60,0,0,10,60,0,50,0,10
#33402,2026-08,counted,paid,fulfilled,2026-08-11 20:42:00 +0100,Shopify Payments,12,0,3.95,2.66,15.95,0,10,3.291666666666667,2.658333333333333
#33403,2026-08,counted,paid,fulfilled,2026-08-11 21:20:00 +0100,Shopify Payments,52,0,0,8.67,52,0,43.33333333333334,0,8.666666666666668
#33404,2026-08,counted,paid,fulfilled,2026-08-11 21:22:00 +0100,Shopify Payments,132,0,0,22,132,0,110,0,22
#33405,2026-08,counted,paid,fulfilled,2026-08-11 21:45:00 +0100,Shopify Payments,SUMMER10,102,10.2,0,15.3,91.8,0,76.5,0,15.3
#33406,2026-08,counted,paid,fulfilled,2026-08-11 21:52:00 +0100,Shopify Payments,71,0,0,11.83,71,0,59.16666666666667,0,11.83333333333333
#33407,2026-08,counted,paid,fulfilled,2026-08-11 22:04:00 +0100,Shopify Payments,32.5,0,3.95,6.08,36.45,0,27.08333333333334,3.291666666666667,6.075000000000001
#33408,2026-08,counted,paid,fulfilled,2026-08-11 22:58:00 +0100,Shopify Payments,54,0,0,9,54,0,45,0,9.000000000000002
#33409,2026-08,counted,paid,fulfilled,2026-08-12 07:30:00 +0100,Shopify Payments,SUMMER10,35,3.5,3.95,5.91,35.45,0,26.25,3.291666666666667,5.908333333333334
#33410,2026-08,counted,paid,fulfilled,2026-08-12 07:40:00 +0100,Shopify Payments,20,0,3.95,3.99,23.95,0,16.66666666666667,3.291666666666667,3.991666666666667
#33411,2026-08,counted,partially_refunded,fulfilled,2026-08-12 07:49:00 +0100,Shopify Payments,SUMMER10,7.5,0.75,3.95,1.78,10.7,5.35,1.166666666666667,3.291666666666667,0.8916666666666667
#33412,2026-08,counted,paid,fulfilled,2026-08-12 07:55:00 +0100,Shopify Payments,22.5,0,3.95,4.41,26.45,0,18.75,3.291666666666667,4.408333333333333
#33413,2026-08,counted,paid,fulfilled,2026-08-12 08:03:00 +0100,PayPal Express Checkout,7.5,0,3.95,1.91,11.45,0,6.25,3.291666666666667,1.908333333333333
#33414,2026-08,counted,refunded,fulfilled,2026-08-12 08:29:00 +0100,Shopify Payments,WELCOME5,42,5,3.95,6.83,40.95,40.95,0,-2.220446049250313e-15,-4.440892098500627e-16
#33415,2026-08,test order,paid,fulfilled,2026-08-12 08:34:00 +0100,Shopify Payments,test,SUMMER10,177,17.7,0,26.55,159.3,0,132.75,0,26.55
#33416,2026-08,counted,paid,fulfilled,2026-08-12 08:35:00 +0100,Shopify Payments,25,0,3.95,4.83,28.95,0,20.83333333333334,3.291666666666667,4.825
#33417,2026-08,counted,paid,fulfilled,2026-08-12 08:35:00 +0100,Shopify Payments,11,0,3.95,2.49,14.95,0,9.166666666666668,3.291666666666667,2.491666666666667
#33418,2026-08,pre-order (not shipped),paid,unfulfilled,2026-08-12 09:01:00 +0100,Shopify Payments,pre-order,SUMMER10,104,10.4,0,15.6,93.59999999999999,0,78,0,15.6
#33419,2026-08,counted,paid,fulfilled,2026-08-12 09:06:00 +0100,Shopify Payments,102,0,0,17,102,0,85,0,17
#33420,2026-08,test order,paid,fulfilled,2026-08-12 09:08:00 +0100,Shopify Payments,test,17,0,3.95,3.49,20.95,0,14.16666666666667,3.291666666666667,3.491666666666667
#33421,2026-08,counted,paid,fulfilled,2026-08-12 09:45:00 +0100,PayPal Express Checkout,SUMMER10,37.5,3.75,3.95,6.28,37.7,0,28.125,3.291666666666667,6.283333333333334
#33422,2026-08,counted,paid,fulfilled,2026-08-12 09:53:00 +0100,Shopify Payments,70,0,0,11.67,70,0,58.33333333333334,0,11.66666666666667
#33423,2026-08,counted,paid,fulfilled,2026-08-12 10:12:00 +0100,PayPal Express Checkout,51,0,0,8.5,51,0,42.5,0,8.500000000000002
#33424,2026-08,counted,paid,fulfilled,2026-08-12 10:16:00 +0100,Shopify Payments,SUMMER10,12,1.2,3.95,2.46,14.75,0,9.000000000000002,3.291666666666667,2.458333333333333
#33425,2026-08,counted,paid,fulfilled,2026-08-12 10:32:00 +0100,Gift card,SUMMER10,264,26.4,0,39.6,237.6,0,198,0,39.6
#33426,2026-08,counted,paid,fulfilled,2026-08-12 10:41:00 +0100,Shopify Payments,15,0,3.95,3.16,18.95,0,12.5,3.291666666666667,3.158333333333334
#33427,2026-08,counted,partially_refunded,fulfilled,2026-08-12 11:01:00 +0100,Shopify Payments,45,0,3.95,8.16,48.95,14.69,25.25833333333333,3.291666666666667,5.710000000000001
#33428,2026-08,counted,paid,fulfilled,2026-08-12 11:20:00 +0100,Shopify Payments,34,0,3.95,6.33,37.95,0,28.33333333333334,3.291666666666667,6.325000000000001
#33429,2026-08,counted,partially_refunded,fulfilled,2026-08-12 11:32:00 +0100,Shopify Payments,60,0,0,10,60,30,25,0,5
#33430,2026-08,counted,paid,fulfilled,2026-08-12 11:55:00 +0100,Shopify Payments,131,0,0,21.83,131,0,109.1666666666667,0,21.83333333333334
#33431,2026-08,unshipped,refunded,unfulfilled,2026-08-12 11:58:00 +0100,Shopify Payments,9,0,3.95,2.16,12.95,12.95,0,8.881784197001252e-16,1.480297366166876e-16
#33432,2026-08,counted,paid,fulfilled,2026-08-12 12:03:00 +0100,Shopify Payments,29,0,3.95,5.49,32.95,0,24.16666666666667,3.291666666666667,5.491666666666667
#33433,2026-08,counted,paid,fulfilled,2026-08-12 12:10:00 +0100,Shopify Payments,120,0,0,20,120,0,100,0,20
#33434,2026-08,counted,paid,fulfilled,2026-08-12 12:45:00 +0100,Shopify Payments,36,0,3.95,6.66,39.95,0,30,3.291666666666667,6.658333333333334
#33435,2026-08,counted,paid,fulfilled,2026-08-12 12:45:00 +0100,Shopify Payments,65,0,0,10.83,65,0,54.16666666666667,0,10.83333333333333
#33436,2026-08,counted,paid,fulfilled,2026-08-12 12:51:00 +0100,Shopify Payments,38.5,0,3.95,7.08,42.45,0,32.08333333333334,3.291666666666667,7.075
#33437,2026-08,counted,paid,fulfilled,2026-08-12 13:28:00 +0100,"Gift card, Shopify Payments",127,0,0,21.17,127,0,105.8333333333333,0,21.16666666666667
#33438,2026-08,counted,paid,fulfilled,2026-08-12 13:58:00 +0100,Shopify Payments,33,0,3.95,6.16,36.95,0,27.5,3.291666666666667,6.158333333333334
#33439,2026-08,counted,paid,fulfilled,2026-08-12 14:16:00 +0100,PayPal Express Checkout,32,0,3.95,5.99,35.95,0,26.66666666666667,3.291666666666667,5.991666666666668
#33440,2026-08,counted,paid,fulfilled,2026-08-12 14:21:00 +0100,Shopify Payments,17,0,3.95,3.49,20.95,0,14.16666666666667,3.291666666666667,3.491666666666667
#33441,2026-08,counted,paid,fulfilled,2026-08-12 14:42:00 +0100,"Gift card, Shopify Payments",57,0,0,9.5,57,0,47.5,0,9.5
#33442,2026-08,pre-order (not shipped),paid,unfulfilled,2026-08-12 15:15:00 +0100,Shopify Payments,pre-order,9,0,3.95,2.16,12.95,0,7.5,3.291666666666667,2.158333333333333
#33443,2026-08,voided/cancelled,voided,unfulfilled,2026-08-12 15:15:00 +0100,Shopify Payments,34,0,3.95,6.33,37.95,0,28.33333333333334,3.291666666666667,6.325000000000001
#33444,2026-08,counted,paid,fulfilled,2026-08-12 16:00:00 +0100,PayPal Express Checkout,15,0,3.95,3.16,18.95,0,12.5,3.291666666666667,3.158333333333334
#33445,2026-08,counted,paid,fulfilled,2026-08-12 16:01:00 +0100,Shopify Payments,SUMMER10,48,4.8,3.95,7.86,47.15,0,36.00000000000001,3.291666666666667,7.858333333333335
#33446,2026-08,counted,paid,fulfilled,2026-08-12 16:27:00 +0100,Shopify Payments,18,0,3.95,3.66,21.95,0,15,3.291666666666667,3.658333333333333
#33447,2026-08,counted,paid,fulfilled,2026-08-12 16:44:00 +0100,Shopify Payments,71,0,0,11.83,71,0,59.16666666666667,0,11.83333333333333
#33448,2026-08,counted,paid,fulfilled,2026-08-12 16:50:00 +0100,Shopify Payments,142.5,0,0,23.75,142.5,0,118.75,0,23.75
#33449,2026-08,counted,paid,fulfilled,2026-08-12 17:21:00 +0100,Shopify Payments,75,0,0,12.5,75,0,62.5,0,12.5
#33450,2026-08,pre-order (not shipped),paid,unfulfilled,2026-08-12 17:30:00 +0100,Shopify Payments,pre-order,WELCOME5,121,5,0,19.33,116,0,96.66666666666667,0,19.33333333333334
#33451,2026-08,pre-order (not shipped),paid,unfulfilled,2026-08-12 17:37:00 +0100,Shopify Payments,pre-order,15,0,3.95,3.16,18.95,0,12.5,3.291666666666667,3.158333333333334
#33452,2026-08,counted,paid,fulfilled,2026-08-12 18:03:00 +0100,Shopify Payments,45,0,3.95,8.16,48.95,0,37.5,3.291666666666667,8.158333333333335
#33453,2026-08,counted,paid,fulfilled,2026-08-12 18:26:00 +0100,Shopify Payments,304,0,0,50.67,304,0,253.3333333333333,0,50.66666666666667
#33454,2026-08,counted,refunded,fulfilled,2026-08-12 18:26:00 +0100,Shopify Payments,30,0,3.95,5.66,33.95,33.95,0,-2.220446049250313e-15,-4.440892098500627e-16
#33455,2026-08,counted,paid,fulfilled,2026-08-12 18:27:00 +0100,Shopify Payments,109,0,0,18.17,109,0,90.83333333333334,0,18.16666666666667
#33456,2026-08,test order,paid,fulfilled,2026-08-12 19:01:00 +0100,Bogus Gateway (for testing),WELCOME5,107,5,0,17,102,0,85,0,17
#33457,2026-08,counted,paid,fulfilled,2026-08-12 19:54:00 +0100,Shopify Payments,49,0,3.95,8.83,52.95,0,40.83333333333334,3.291666666666667,8.825000000000001
#33458,2026-08,counted,paid,fulfilled,2026-08-12 20:12:00 +0100,Shopify Payments,237,0,0,39.5,237,0,197.5,0,39.50000000000001
#33459,2026-08,pre-order (not shipped),paid,unfulfilled,2026-08-12 20:18:00 +0100,Shopify Payments,pre-order,22,0,3.95,4.33,25.95,0,18.33333333333334,3.291666666666667,4.325
#33460,2026-08,counted,paid,fulfilled,2026-08-12 20:31:00 +0100,Shopify Payments,128,0,0,21.33,128,0,106.6666666666667,0,21.33333333333334
#33461,2026-08,counted,paid,fulfilled,2026-08-12 20:46:00 +0100,PayPal Express Checkout,86,0,0,14.33,86,0,71.66666666666667,0,14.33333333333333
#33462,2026-08,counted,paid,fulfilled,2026-08-12 20:46:00 +0100,Shopify Payments,143,0,0,23.83,143,0,119.1666666666667,0,23.83333333333334
#33463,2026-08,counted,paid,fulfilled,2026-08-12 20:59:00 +0100,Shopify Payments,51,0,0,8.5,51,0,42.5,0,8.500000000000002
#33464,2026-08,counted,paid,fulfilled,2026-08-12 21:00:00 +0100,Shopify Payments,168,0,0,28,168,0,140,0,28
#33465,2026-08,counted,paid,fulfilled,2026-08-12 21:11:00 +0100,"Gift card, Shopify Payments",56,0,0,9.33,56,0,46.66666666666667,0,9.333333333333334
#33466,2026-08,counted,paid,fulfilled,2026-08-12 21:40:00 +0100,Shopify Payments,47,0,3.95,8.49,50.95,0,39.16666666666667,3.291666666666667,8.491666666666669
#33467,2026-08,counted,paid,fulfilled,2026-08-12 21:42:00 +0100,Shopify Payments,30,0,3.95,5.66,33.95,0,25,3.291666666666667,5.658333333333334
#33468,2026-08,counted,paid,fulfilled,2026-08-12 22:19:00 +0100,PayPal Express Checkout,30,0,3.95,5.66,33.95,0,25,3.291666666666667,5.658333333333334
#33469,2026-08,counted,paid,fulfilled,2026-08-12 22:27:00 +0100,Shopify Payments,WELCOME5,41.5,5,3.95,6.74,40.45,0,30.41666666666667,3.291666666666667,6.741666666666668
#33470,2026-08,counted,paid,fulfilled,2026-08-12 22:38:00 +0100,Shopify Payments,15,0,3.95,3.16,18.95,0,12.5,3.291666666666667,3.158333333333334
#33471,2026-08,counted,paid,fulfilled,2026-08-12 22:39:00 +0100,Shopify Payments,48,0,3.95,8.66,51.95,0,40,3.291666666666667,8.658333333333335
#33472,2026-08,pre-order (not shipped),paid,unfulfilled,2026-08-12 22:50:00 +0100,Shopify Payments,pre-order,40,0,3.95,7.33,43.95,0,33.33333333333334,3.291666666666667,7.325000000000001
#33473,2026-08,counted,paid,fulfilled,2026-08-12 22:54:00 +0100,Shopify Payments,WELCOME5,173,5,0,28,168,0,140,0,28
#33474,2026-08,counted,paid,fulfilled,2026-08-12 22:58:00 +0100,Shopify Payments,73,0,0,12.17,73,0,60.83333333333334,0,12.16666666666667
#33475,2026-08,counted,paid,fulfilled,2026-08-13 07:03:00 +0100,Shopify Payments,WELCOME5,61.2,5,0,9.369999999999999,56.2,0,46.83333333333334,0,9.366666666666669
#33476,2026-08,counted,refunded,fulfilled,2026-08-13 07:29:00 +0100,Shopify Payments,SUMMER10,36,3.6,3.95,6.06,36.35,36.35,0,-2.220446049250313e-15,-4.440892098500627e-16
#33477,2026-08,counted,paid,fulfilled,2026-08-13 07:33:00 +0100,Shopify Payments,63,0,0,10.5,63,0,52.5,0,10.5
#33478,2026-08,counted,paid,fulfilled,2026-08-13 07:37:00 +0100,"Gift card, Shopify Payments",44,0,3.95,7.99,47.95,0,36.66666666666667,3.291666666666667,7.991666666666668
#33479,2026-08,counted,paid,fulfilled,2026-08-13 07:39:00 +0100,Shopify Payments,110.5,0,0,18.42,110.5,0,92.08333333333334,0,18.41666666666667
#33480,2026-08,counted,paid,fulfilled,2026-08-13 07:46:00 +0100,Shopify Payments,103,0,0,17.17,103,0,85.83333333333334,0,17.16666666666667
#33481,2026-08,counted,paid,fulfilled,2026-08-13 08:00:00 +0100,Shopify Payments,83,0,0,13.83,83,0,69.16666666666667,0,13.83333333333334
#33482,2026-08,counted,paid,fulfilled,2026-08-13 08:25:00 +0100,PayPal Express Checkout,60,0,0,10,60,0,50,0,10
#33483,2026-08,counted,paid,fulfilled,2026-08-13 08:27:00 +0100,Shopify Payments,7.5,0,3.95,1.91,11.45,0,6.25,3.291666666666667,1.908333333333333
#33484,2026-08,counted,paid,fulfilled,2026-08-13 08:34:00 +0100,PayPal Express Checkout,36,0,3.95,6.66,39.95,0,30,3.291666666666667,6.658333333333334
#33485,2026-08,counted,paid,fulfilled,2026-08-13 08:38:00 +0100,Shopify Payments,28,0,3.95,5.33,31.95,0,23.33333333333334,3.291666666666667,5.325000000000001
#33486,2026-08,counted,paid,fulfilled,2026-08-13 08:42:00 +0100,Shopify Payments,123,0,0,20.5,123,0,102.5,0,20.5
#33487,2026-08,counted,refunded,fulfilled,2026-08-13 09:16:00 +0100,Shopify Payments,50,0,0,8.33,50,50,0,0,0
#33488,2026-08,counted,paid,fulfilled,2026-08-13 09:32:00 +0100,Shopify Payments,71.8,0,0,11.97,71.8,0,59.83333333333334,0,11.96666666666667
#33489,2026-08,counted,paid,fulfilled,2026-08-13 09:57:00 +0100,Shopify Payments,46,0,3.95,8.33,49.95,0,38.33333333333334,3.291666666666667,8.325000000000003
#33490,2026-08,counted,paid,fulfilled,2026-08-13 10:04:00 +0100,Shopify Payments,35,0,3.95,6.49,38.95,0,29.16666666666667,3.291666666666667,6.491666666666668
#33491,2026-08,counted,paid,fulfilled,2026-08-13 10:23:00 +0100,Shopify Payments,11,0,3.95,2.49,14.95,0,9.166666666666668,3.291666666666667,2.491666666666667
#33492,2026-08,counted,paid,fulfilled,2026-08-13 11:23:00 +0100,Shopify Payments,118,0,0,19.67,118,0,98.33333333333334,0,19.66666666666667
#33493,2026-08,counted,paid,fulfilled,2026-08-13 11:25:00 +0100,Shopify Payments,26,0,3.95,4.99,29.95,0,21.66666666666667,3.291666666666667,4.991666666666667
#33494,2026-08,counted,paid,fulfilled,2026-08-13 11:38:00 +0100,Shopify Payments,SUMMER10,28,2.8,3.95,4.86,29.15,0,21,3.291666666666667,4.858333333333333
#33495,2026-08,counted,paid,fulfilled,2026-08-13 11:44:00 +0100,Shopify Payments,17,0,3.95,3.49,20.95,0,14.16666666666667,3.291666666666667,3.491666666666667
#33496,2026-08,counted,paid,fulfilled,2026-08-13 12:05:00 +0100,Shopify Payments,WELCOME5,77,5,0,12,72,0,60,0,12
#33497,2026-08,counted,paid,fulfilled,2026-08-13 12:05:00 +0100,PayPal Express Checkout,SUMMER10,16,1.6,3.95,3.06,18.35,0,12,3.291666666666667,3.058333333333334
#33498,2026-08,counted,paid,fulfilled,2026-08-13 12:18:00 +0100,Shopify Payments,174,0,0,29,174,0,145,0,29
#33499,2026-08,counted,paid,fulfilled,2026-08-13 12:43:00 +0100,Shopify Payments,28.5,0,3.95,5.41,32.45,0,23.75,3.291666666666667,5.408333333333334
#33500,2026-08,counted,paid,fulfilled,2026-08-13 13:19:00 +0100,Shopify Payments,25,0,3.95,4.83,28.95,0,20.83333333333334,3.291666666666667,4.825
#33501,2026-08,pre-order (not shipped),paid,unfulfilled,2026-08-13 13:20:00 +0100,Shopify Payments,pre-order,24,0,3.95,4.66,27.95,0,20,3.291666666666667,4.658333333333333
#33502,2026-08,counted,paid,fulfilled,2026-08-13 13:24:00 +0100,Shopify Payments,80.5,0,0,13.42,80.5,0,67.08333333333334,0,13.41666666666667
#33503,2026-08,counted,paid,fulfilled,2026-08-13 13:52:00 +0100,Shopify Payments,SUMMER10,51.5,5.15,3.95,8.380000000000001,50.3,0,38.625,3.291666666666667,8.383333333333336
#33504,2026-08,pre-order (not shipped),paid,unfulfilled,2026-08-13 13:54:00 +0100,Shopify Payments,pre-order,140,0,0,23.33,140,0,116.6666666666667,0,23.33333333333334
#33505,2026-08,counted,paid,fulfilled,2026-08-13 14:39:00 +0100,Shopify Payments,43,0,3.95,7.83,46.95,0,35.83333333333334,3.291666666666667,7.825000000000001
#33506,2026-08,counted,partially_refunded,fulfilled,2026-08-13 15:00:00 +0100,Gift card,SUMMER10,56,5.6,0,8.4,50.4,15.12,29.4,0,5.880000000000001
#33507,2026-08,counted,paid,fulfilled,2026-08-13 15:04:00 +0100,PayPal Express Checkout,34,0,3.95,6.33,37.95,0,28.33333333333334,3.291666666666667,6.325000000000001
#33508,2026-08,counted,paid,fulfilled,2026-08-13 15:25:00 +0100,Shopify Payments,16.5,0,3.95,3.41,20.45,0,13.75,3.291666666666667,3.408333333333333
#33509,2026-08,counted,paid,fulfilled,2026-08-13 16:02:00 +0100,Shopify Payments,96,0,0,16,96,0,80,0,16
#33510,2026-08,counted,paid,fulfilled,2026-08-13 16:46:00 +0100,Shopify Payments,41,0,3.95,7.49,44.95,0,34.16666666666667,3.291666666666667,7.491666666666667
#33511,2026-08,counted,paid,fulfilled,2026-08-13 16:56:00 +0100,Shopify Payments,25,0,3.95,4.83,28.95,0,20.83333333333334,3.291666666666667,4.825
#33512,2026-08,counted,paid,fulfilled,2026-08-13 17:00:00 +0100,Shopify Payments,SUMMER10,105,10.5,0,15.75,94.5,0,78.75,0,15.75
#33513,2026-08,counted,paid,fulfilled,2026-08-13 17:15:00 +0100,Shopify Payments,74,0,0,12.33,74,0,61.66666666666667,0,12.33333333333333
#33514,2026-08,counted,paid,fulfilled,2026-08-13 17:25:00 +0100,Shopify Payments,60,0,0,10,60,0,50,0,10
#33515,2026-08,counted,paid,fulfilled,2026-08-13 17:28:00 +0100,Shopify Payments,45,0,3.95,8.16,48.95,0,37.5,3.291666666666667,8.158333333333335
#33516,2026-08,counted,paid,fulfilled,2026-08-13 17:44:00 +0100,Shopify Payments,36,0,3.95,6.66,39.95,0,30,3.291666666666667,6.658333333333334
#33517,2026-08,counted,paid,fulfilled,2026-08-13 18:04:00 +0100,Shopify Payments,17,0,3.95,3.49,20.95,0,14.16666666666667,3.291666666666667,3.491666666666667
#33518,2026-08,counted,paid,fulfilled,2026-08-13 18:07:00 +0100,Shopify Payments,86,0,0,14.33,86,0,71.66666666666667,0,14.33333333333333
#33519,2026-08,pre-order (not shipped),paid,unfulfilled,2026-08-13 18:18:00 +0100,Shopify Payments,pre-order,82,0,0,13.67,82,0,68.33333333333334,0,13.66666666666667
#33520,2026-08,counted,paid,fulfilled,2026-08-13 19:36:00 +0100,Shopify Payments,72,0,0,12,72,0,60,0,12
#33521,2026-08,counted,paid,fulfilled,2026-08-13 19:48:00 +0100,Shopify Payments,48,0,3.95,8.66,51.95,0,40,3.291666666666667,8.658333333333335
#33522,2026-08,counted,paid,fulfilled,2026-08-13 20:04:00 +0100,Gift card,27,0,3.95,5.16,30.95,0,22.5,3.291666666666667,5.158333333333334
#33523,2026-08,counted,paid,fulfilled,2026-08-13 20:10:00 +0100,Gift card,211,0,0,35.17,211,0,175.8333333333333,0,35.16666666666667
#33524,2026-08,counted,paid,fulfilled,2026-08-13 20:51:00 +0100,Shopify Payments,66,0,0,11,66,0,55,0,11
#33525,2026-08,counted,paid,fulfilled,2026-08-13 21:05:00 +0100,Shopify Payments,SUMMER10,97,9.699999999999999,0,14.55,87.3,0,72.75,0,14.55
#33526,2026-08,counted,paid,fulfilled,2026-08-13 21:22:00 +0100,Shopify Payments,58,0,0,9.67,58,0,48.33333333333334,0,9.666666666666668
#33527,2026-08,counted,paid,fulfilled,2026-08-13 21:30:00 +0100,Shopify Payments,107.6,0,0,17.93,107.6,0,89.66666666666667,0,17.93333333333333
#33528,2026-08,counted,paid,fulfilled,2026-08-13 22:00:00 +0100,Shopify Payments,63,0,0,10.5,63,0,52.5,0,10.5
#33529,2026-08,counted,paid,fulfilled,2026-08-13 22:36:00 +0100,Shopify Payments,40,0,3.95,7.33,43.95,0,33.33333333333334,3.291666666666667,7.325000000000001
#33530,2026-08,counted,paid,fulfilled,2026-08-13 22:45:00 +0100,Shopify Payments,146,0,0,24.33,146,0,121.6666666666667,0,24.33333333333334
#33531,2026-08,counted,paid,fulfilled,2026-08-13 22:57:00 +0100,Shopify Payments,66,0,0,11,66,0,55,0,11
#33532,2026-08,counted,paid,fulfilled,2026-08-13 22:58:00 +0100,Shopify Payments,132,0,0,22,132,0,110,0,22
#33533,2026-08,pre-order (not shipped),partially_refunded,unfulfilled,2026-08-14 07:09:00 +0100,Shopify Payments,pre-order,59,0,0,9.83,59,17.7,34.41666666666667,0,6.883333333333334
#33534,2026-08,counted,paid,fulfilled,2026-08-14 07:13:00 +0100,Shopify Payments,78,0,0,13,78,0,65,0,13
#33535,2026-08,counted,paid,fulfilled,2026-08-14 07:24:00 +0100,Shopify Payments,52,0,0,8.67,52,0,43.33333333333334,0,8.666666666666668
#33536,2026-08,pre-order (not shipped),paid,unfulfilled,2026-08-14 07:29:00 +0100,Shopify Payments,pre-order,25,0,3.95,4.83,28.95,0,20.83333333333334,3.291666666666667,4.825
#33537,2026-08,counted,paid,fulfilled,2026-08-14 07:35:00 +0100,Shopify Payments,34,0,3.95,6.33,37.95,0,28.33333333333334,3.291666666666667,6.325000000000001
#33538,2026-08,counted,paid,fulfilled,2026-08-14 08:03:00 +0100,"Gift card, Shopify Payments",95,0,0,15.83,95,0,79.16666666666667,0,15.83333333333333
#33539,2026-08,counted,partially_refunded,fulfilled,2026-08-14 08:09:00 +0100,"Gift card, Shopify Payments",38,0,3.95,6.99,41.95,8.390000000000001,24.675,3.291666666666667,5.593333333333334
#33540,2026-08,counted,refunded,fulfilled,2026-08-14 08:18:00 +0100,PayPal Express Checkout,17,0,3.95,3.49,20.95,20.95,0,8.881784197001252e-16,1.480297366166876e-16
#33541,2026-08,counted,paid,fulfilled,2026-08-14 08:26:00 +0100,Shopify Payments,SUMMER10,56,5.6,0,8.4,50.4,0,42,0,8.4
#33542,2026-08,counted,paid,fulfilled,2026-08-14 08:54:00 +0100,Shopify Payments,43,0,3.95,7.83,46.95,0,35.83333333333334,3.291666666666667,7.825000000000001
#33543,2026-08,counted,paid,fulfilled,2026-08-14 09:16:00 +0100,Shopify Payments,30,0,3.95,5.66,33.95,0,25,3.291666666666667,5.658333333333334
#33544,2026-08,counted,paid,fulfilled,2026-08-14 09:34:00 +0100,Shopify Payments,WELCOME5,20,5,3.95,3.16,18.95,0,12.5,3.291666666666667,3.158333333333334
#33545,2026-08,counted,paid,fulfilled,2026-08-14 10:11:00 +0100,PayPal Express Checkout,41,0,3.95,7.49,44.95,0,34.16666666666667,3.291666666666667,7.491666666666667
#33546,2026-08,counted,paid,fulfilled,2026-08-14 10:13:00 +0100,Shopify Payments,SUMMER10,28,2.8,3.95,4.86,29.15,0,21,3.291666666666667,4.858333333333333
#33547,2026-08,counted,paid,fulfilled,2026-08-14 10:40:00 +0100,Shopify Payments,25,0,3.95,4.83,28.95,0,20.83333333333334,3.291666666666667,4.825
#33548,2026-08,counted,paid,fulfilled,2026-08-14 10:49:00 +0100,Shopify Payments,57.5,0,0,9.58,57.5,0,47.91666666666667,0,9.583333333333334
#33549,2026-08,counted,paid,fulfilled,2026-08-14 11:16:00 +0100,Shopify Payments,WELCOME5,172,5,0,27.83,167,0,139.1666666666667,0,27.83333333333333
#33550,2026-08,counted,paid,fulfilled,2026-08-14 11:24:00 +0100,Shopify Payments,88,0,0,14.67,88,0,73.33333333333334,0,14.66666666666667
#33551,2026-08,counted,paid,fulfilled,2026-08-14 11:31:00 +0100,Shopify Payments,57,0,0,9.5,57,0,47.5,0,9.5
#33552,2026-08,counted,paid,fulfilled,2026-08-14 12:39:00 +0100,Shopify Payments,115,0,0,19.17,115,0,95.83333333333334,0,19.16666666666667
#33553,2026-08,counted,paid,fulfilled,2026-08-14 12:51:00 +0100,Shopify Payments,45,0,3.95,8.16,48.95,0,37.5,3.291666666666667,8.158333333333335
#33554,2026-08,counted,paid,fulfilled,2026-08-14 12:59:00 +0100,Shopify Payments,21,0,3.95,4.16,24.95,0,17.5,3.291666666666667,4.158333333333334
#33555,2026-08,counted,paid,fulfilled,2026-08-14 13:07:00 +0100,Shopify Payments,11,0,3.95,2.49,14.95,0,9.166666666666668,3.291666666666667,2.491666666666667
#33556,2026-08,counted,paid,fulfilled,2026-08-14 13:37:00 +0100,Shopify Payments,60,0,0,10,60,0,50,0,10
#33557,2026-08,counted,paid,fulfilled,2026-08-14 15:05:00 +0100,Shopify Payments,92,0,0,15.33,92,0,76.66666666666667,0,15.33333333333334
#33558,2026-08,counted,paid,fulfilled,2026-08-14 15:34:00 +0100,Shopify Payments,19,0,3.95,3.83,22.95,0,15.83333333333333,3.291666666666667,3.825
#33559,2026-08,counted,paid,fulfilled,2026-08-14 16:00:00 +0100,Shopify Payments,67,0,0,11.17,67,0,55.83333333333334,0,11.16666666666667
#33560,2026-08,counted,paid,fulfilled,2026-08-14 16:06:00 +0100,Shopify Payments,97,0,0,16.17,97,0,80.83333333333334,0,16.16666666666667
#33561,2026-08,counted,paid,fulfilled,2026-08-14 16:07:00 +0100,Shopify Payments,58,0,0,9.67,58,0,48.33333333333334,0,9.666666666666668
#33562,2026-08,counted,paid,fulfilled,2026-08-14 16:18:00 +0100,Shopify Payments,21,0,3.95,4.16,24.95,0,17.5,3.291666666666667,4.158333333333334
#33563,2026-08,counted,paid,fulfilled,2026-08-14 16:33:00 +0100,Shopify Payments,WELCOME5,114,5,0,18.17,109,0,90.83333333333334,0,18.16666666666667
#33564,2026-08,counted,paid,fulfilled,2026-08-14 17:04:00 +0100,PayPal Express Checkout,86,0,0,14.33,86,0,71.66666666666667,0,14.33333333333333
#33565,2026-08,counted,paid,fulfilled,2026-08-14 17:07:00 +0100,Shopify Payments,205.5,0,0,34.25,205.5,0,171.25,0,34.25
#33566,2026-08,counted,paid,fulfilled,2026-08-14 17:07:00 +0100,Shopify Payments,120,0,0,20,120,0,100,0,20
#33567,2026-08,counted,paid,fulfilled,2026-08-14 17:22:00 +0100,PayPal Express Checkout,36,0,3.95,6.66,39.95,0,30,3.291666666666667,6.658333333333334
#33568,2026-08,counted,partially_refunded,fulfilled,2026-08-14 18:25:00 +0100,PayPal Express Checkout,14,0,3.95,2.99,17.95,5.39,7.175000000000002,3.291666666666667,2.093333333333333
#33569,2026-08,counted,paid,fulfilled,2026-08-14 18:37:00 +0100,Shopify Payments,99,0,0,16.5,99,0,82.5,0,16.5
#33570,2026-08,counted,paid,fulfilled,2026-08-14 18:37:00 +0100,Shopify Payments,7.5,0,3.95,1.91,11.45,0,6.25,3.291666666666667,1.908333333333333
#33571,2026-08,counted,paid,fulfilled,2026-08-14 19:18:00 +0100,Shopify Payments,66,0,0,11,66,0,55,0,11
#33572,2026-08,counted,paid,fulfilled,2026-08-14 19:42:00 +0100,Shopify Payments,142,0,0,23.67,142,0,118.3333333333333,0,23.66666666666667
#33573,2026-08,counted,paid,fulfilled,2026-08-14 20:09:00 +0100,Shopify Payments,138,0,0,23,138,0,115,0,23
#33574,2026-08,counted,paid,fulfilled,2026-08-14 20:20:00 +0100,Shopify Payments,26,0,3.95,4.99,29.95,0,21.66666666666667,3.291666666666667,4.991666666666667
#33575,2026-08,counted,paid,fulfilled,2026-08-14 20:36:00 +0100,Shopify Payments,129,0,0,21.5,129,0,107.5,0,21.5
#33576,2026-08,counted,refunded,fulfilled,2026-08-14 21:43:00 +0100,Shopify Payments,30,0,3.95,5.66,33.95,33.95,0,-2.220446049250313e-15,-4.440892098500627e-16
#33577,2026-08,counted,paid,fulfilled,2026-08-14 22:23:00 +0100,Shopify Payments,30,0,3.95,5.66,33.95,0,25,3.291666666666667,5.658333333333334
#33578,2026-08,counted,paid,fulfilled,2026-08-14 22:36:00 +0100,Shopify Payments,28,0,3.95,5.33,31.95,0,23.33333333333334,3.291666666666667,5.325000000000001
#33579,2026-08,counted,partially_refunded,fulfilled,2026-08-15 07:28:00 +0100,Shopify Payments,12,0,3.95,2.66,15.95,3.19,7.341666666666667,3.291666666666667,2.126666666666667
#33580,2026-08,counted,paid,fulfilled,2026-08-15 08:03:00 +0100,Shopify Payments,21,0,3.95,4.16,24.95,0,17.5,3.291666666666667,4.158333333333334
#33581,2026-08,counted,paid,fulfilled,2026-08-15 08:26:00 +0100,Shopify Payments,78,0,0,13,78,0,65,0,13
#33582,2026-08,counted,paid,fulfilled,2026-08-15 08:47:00 +0100,PayPal Express Checkout,88,0,0,14.67,88,0,73.33333333333334,0,14.66666666666667
#33583,2026-08,counted,paid,fulfilled,2026-08-15 09:10:00 +0100,Shopify Payments,105.5,0,0,17.58,105.5,0,87.91666666666667,0,17.58333333333334
#33584,2026-08,counted,paid,fulfilled,2026-08-15 09:20:00 +0100,Shopify Payments,95,0,0,15.83,95,0,79.16666666666667,0,15.83333333333333
#33585,2026-08,counted,paid,fulfilled,2026-08-15 09:22:00 +0100,PayPal Express Checkout,19,0,3.95,3.83,22.95,0,15.83333333333333,3.291666666666667,3.825
#33586,2026-08,counted,paid,fulfilled,2026-08-15 09:26:00 +0100,Shopify Payments,42,0,3.95,7.66,45.95,0,35,3.291666666666667,7.658333333333335
#33587,2026-08,counted,paid,fulfilled,2026-08-15 09:27:00 +0100,Shopify Payments,24,0,3.95,4.66,27.95,0,20,3.291666666666667,4.658333333333333
#33588,2026-08,counted,paid,fulfilled,2026-08-15 09:53:00 +0100,Shopify Payments,28,0,3.95,5.33,31.95,0,23.33333333333334,3.291666666666667,5.325000000000001
#33589,2026-08,counted,paid,fulfilled,2026-08-15 10:07:00 +0100,Shopify Payments,136.5,0,0,22.75,136.5,0,113.75,0,22.75
#33590,2026-08,pre-order (not shipped),paid,unfulfilled,2026-08-15 10:22:00 +0100,Shopify Payments,pre-order,69,0,0,11.5,69,0,57.5,0,11.5
#33591,2026-08,counted,paid,fulfilled,2026-08-15 10:49:00 +0100,Shopify Payments,49.5,0,3.95,8.91,53.45,0,41.25,3.291666666666667,8.908333333333335
#33592,2026-08,counted,paid,fulfilled,2026-08-15 10:53:00 +0100,Shopify Payments,17,0,3.95,3.49,20.95,0,14.16666666666667,3.291666666666667,3.491666666666667
#33593,2026-08,counted,paid,fulfilled,2026-08-15 12:03:00 +0100,Shopify Payments,64,0,0,10.67,64,0,53.33333333333334,0,10.66666666666667
#33594,2026-08,counted,paid,fulfilled,2026-08-15 12:04:00 +0100,Shopify Payments,SUMMER10,26,2.6,3.95,4.56,27.35,0,19.5,3.291666666666667,4.558333333333334
#33595,2026-08,counted,paid,fulfilled,2026-08-15 12:27:00 +0100,PayPal Express Checkout,74,0,0,12.33,74,0,61.66666666666667,0,12.33333333333333
#33596,2026-08,counted,paid,fulfilled,2026-08-15 12:30:00 +0100,Shopify Payments,36,0,3.95,6.66,39.95,0,30,3.291666666666667,6.658333333333334
#33597,2026-08,counted,paid,fulfilled,2026-08-15 12:49:00 +0100,Shopify Payments,21,0,3.95,4.16,24.95,0,17.5,3.291666666666667,4.158333333333334
#33598,2026-08,counted,paid,fulfilled,2026-08-15 13:07:00 +0100,Shopify Payments,51,0,0,8.5,51,0,42.5,0,8.500000000000002
#33599,2026-08,counted,paid,fulfilled,2026-08-15 13:16:00 +0100,Shopify Payments,WELCOME5,77,5,0,12,72,0,60,0,12
#33600,2026-08,counted,paid,fulfilled,2026-08-15 13:18:00 +0100,Shopify Payments,79,0,0,13.17,79,0,65.83333333333334,0,13.16666666666667
#33601,2026-08,counted,paid,fulfilled,2026-08-15 13:37:00 +0100,Shopify Payments,42,0,3.95,7.66,45.95,0,35,3.291666666666667,7.658333333333335
#33602,2026-08,counted,paid,fulfilled,2026-08-15 14:16:00 +0100,Shopify Payments,48,0,3.95,8.66,51.95,0,40,3.291666666666667,8.658333333333335
#33603,2026-08,counted,paid,fulfilled,2026-08-15 14:38:00 +0100,Shopify Payments,60,0,0,10,60,0,50,0,10
#33604,2026-08,pre-order (not shipped),paid,unfulfilled,2026-08-15 15:44:00 +0100,Shopify Payments,pre-order,SUMMER10,14,1.4,3.95,2.76,16.55,0,10.5,3.291666666666667,2.758333333333334
#33605,2026-08,counted,paid,fulfilled,2026-08-15 15:52:00 +0100,Shopify Payments,24,0,3.95,4.66,27.95,0,20,3.291666666666667,4.658333333333333
#33606,2026-08,counted,paid,fulfilled,2026-08-15 16:34:00 +0100,Shopify Payments,38,0,3.95,6.99,41.95,0,31.66666666666667,3.291666666666667,6.991666666666667
#33607,2026-08,counted,paid,fulfilled,2026-08-15 16:58:00 +0100,Shopify Payments,80,0,0,13.33,80,0,66.66666666666667,0,13.33333333333333
#33608,2026-08,counted,paid,fulfilled,2026-08-15 17:01:00 +0100,Shopify Payments,SUMMER10,52,5.2,3.95,8.460000000000001,50.75,0,39,3.291666666666667,8.458333333333334
#33609,2026-08,counted,paid,fulfilled,2026-08-15 17:30:00 +0100,Shopify Payments,38,0,3.95,6.99,41.95,0,31.66666666666667,3.291666666666667,6.991666666666667
#33610,2026-08,counted,paid,fulfilled,2026-08-15 17:46:00 +0100,PayPal Express Checkout,SUMMER10,133,13.3,0,19.95,119.7,0,99.75,0,19.95
#33611,2026-08,counted,paid,fulfilled,2026-08-15 17:48:00 +0100,Shopify Payments,SUMMER10,107.5,10.75,0,16.13,96.75,0,80.625,0,16.125
#33612,2026-08,counted,paid,fulfilled,2026-08-15 18:10:00 +0100,Shopify Payments,315,0,0,52.5,315,0,262.5,0,52.5
#33613,2026-08,counted,paid,fulfilled,2026-08-15 18:55:00 +0100,Shopify Payments,87,0,0,14.5,87,0,72.5,0,14.5
#33614,2026-08,counted,paid,fulfilled,2026-08-15 18:59:00 +0100,Shopify Payments,12,0,3.95,2.66,15.95,0,10,3.291666666666667,2.658333333333333
#33615,2026-08,counted,paid,fulfilled,2026-08-15 19:22:00 +0100,Shopify Payments,15,0,3.95,3.16,18.95,0,12.5,3.291666666666667,3.158333333333334
#33616,2026-08,counted,paid,fulfilled,2026-08-15 20:10:00 +0100,Shopify Payments,102,0,0,17,102,0,85,0,17
#33617,2026-08,counted,paid,fulfilled,2026-08-15 20:12:00 +0100,Shopify Payments,15,0,3.95,3.16,18.95,0,12.5,3.291666666666667,3.158333333333334
#33618,2026-08,counted,paid,fulfilled,2026-08-15 20:43:00 +0100,Shopify Payments,WELCOME5,42,5,3.95,6.83,40.95,0,30.83333333333334,3.291666666666667,6.825000000000001
#33619,2026-08,counted,paid,fulfilled,2026-08-15 20:49:00 +0100,Shopify Payments,30,0,3.95,5.66,33.95,0,25,3.291666666666667,5.658333333333334
#33620,2026-08,counted,paid,fulfilled,2026-08-15 21:47:00 +0100,Shopify Payments,77,0,0,12.83,77,0,64.16666666666667,0,12.83333333333333
#33621,2026-08,counted,paid,fulfilled,2026-08-15 21:51:00 +0100,Shopify Payments,78,0,0,13,78,0,65,0,13
#33622,2026-08,counted,paid,fulfilled,2026-08-15 22:07:00 +0100,Gift card,28,0,3.95,5.33,31.95,0,23.33333333333334,3.291666666666667,5.325000000000001
#33623,2026-08,counted,paid,fulfilled,2026-08-15 22:09:00 +0100,Shopify Payments,111,0,0,18.5,111,0,92.5,0,18.5
#33624,2026-08,counted,paid,fulfilled,2026-08-15 22:11:00 +0100,Shopify Payments,36,0,3.95,6.66,39.95,0,30,3.291666666666667,6.658333333333334
#33625,2026-08,counted,paid,fulfilled,2026-08-15 22:54:00 +0100,Shopify Payments,12,0,3.95,2.66,15.95,0,10,3.291666666666667,2.658333333333333
#33626,2026-08,counted,paid,fulfilled,2026-08-16 07:42:00 +0100,Shopify Payments,48,0,3.95,8.66,51.95,0,40,3.291666666666667,8.658333333333335
#33627,2026-08,counted,paid,fulfilled,2026-08-16 08:07:00 +0100,Shopify Payments,47.5,0,3.95,8.58,51.45,0,39.58333333333334,3.291666666666667,8.575000000000001
#33628,2026-08,counted,paid,fulfilled,2026-08-16 08:07:00 +0100,Shopify Payments,28,0,3.95,5.33,31.95,0,23.33333333333334,3.291666666666667,5.325000000000001
#33629,2026-08,counted,paid,fulfilled,2026-08-16 08:15:00 +0100,Shopify Payments,40,0,3.95,7.33,43.95,0,33.33333333333334,3.291666666666667,7.325000000000001
#33630,2026-08,counted,paid,fulfilled,2026-08-16 08:15:00 +0100,Shopify Payments,20,0,3.95,3.99,23.95,0,16.66666666666667,3.291666666666667,3.991666666666667
#33631,2026-08,voided/cancelled,voided,unfulfilled,2026-08-16 08:35:00 +0100,Shopify Payments,378,0,0,63,378,0,315,0,63.00000000000001
#33632,2026-08,counted,paid,fulfilled,2026-08-16 08:40:00 +0100,Shopify Payments,45,0,3.95,8.16,48.95,0,37.5,3.291666666666667,8.158333333333335
#33633,2026-08,counted,paid,fulfilled,2026-08-16 08:43:00 +0100,"Gift card, Shopify Payments",7.5,0,3.95,1.91,11.45,0,6.25,3.291666666666667,1.908333333333333
#33634,2026-08,test order,paid,fulfilled,2026-08-16 08:45:00 +0100,Bogus Gateway (for testing),94,0,0,15.67,94,0,78.33333333333334,0,15.66666666666667
#33635,2026-08,counted,paid,fulfilled,2026-08-16 09:59:00 +0100,Shopify Payments,116,0,0,19.33,116,0,96.66666666666667,0,19.33333333333334
#33636,2026-08,counted,paid,fulfilled,2026-08-16 10:51:00 +0100,Shopify Payments,64,0,0,10.67,64,0,53.33333333333334,0,10.66666666666667
#33637,2026-08,counted,paid,fulfilled,2026-08-16 10:57:00 +0100,Shopify Payments,7.5,0,3.95,1.91,11.45,0,6.25,3.291666666666667,1.908333333333333
#33638,2026-08,counted,paid,fulfilled,2026-08-16 11:15:00 +0100,Shopify Payments,64,0,0,10.67,64,0,53.33333333333334,0,10.66666666666667
#33639,2026-08,counted,paid,fulfilled,2026-08-16 12:10:00 +0100,Shopify Payments,53,0,0,8.83,53,0,44.16666666666667,0,8.833333333333336
#33640,2026-08,counted,paid,fulfilled,2026-08-16 12:13:00 +0100,Shopify Payments,17,0,3.95,3.49,20.95,0,14.16666666666667,3.291666666666667,3.491666666666667
#33641,2026-08,counted,paid,fulfilled,2026-08-16 12:39:00 +0100,PayPal Express Checkout,116,0,0,19.33,116,0,96.66666666666667,0,19.33333333333334
#33642,2026-08,counted,paid,fulfilled,2026-08-16 12:52:00 +0100,Shopify Payments,114,0,0,19,114,0,95,0,19
#33643,2026-08,counted,paid,fulfilled,2026-08-16 13:16:00 +0100,Shopify Payments,83,0,0,13.83,83,0,69.16666666666667,0,13.83333333333334
#33644,2026-08,counted,paid,fulfilled,2026-08-16 13:42:00 +0100,Shopify Payments,WELCOME5,110,5,0,17.5,105,0,87.5,0,17.5
#33645,2026-08,counted,paid,fulfilled,2026-08-16 13:51:00 +0100,Shopify Payments,22.5,0,3.95,4.41,26.45,0,18.75,3.291666666666667,4.408333333333333
#33646,2026-08,counted,paid,fulfilled,2026-08-16 14:04:00 +0100,Shopify Payments,SUMMER10,108,10.8,0,16.2,97.2,0,81,0,16.2
#33647,2026-08,counted,paid,fulfilled,2026-08-16 14:04:00 +0100,"Gift card, Shopify Payments",38,0,3.95,6.99,41.95,0,31.66666666666667,3.291666666666667,6.991666666666667
#33648,2026-08,counted,paid,fulfilled,2026-08-16 15:43:00 +0100,Shopify Payments,54,0,0,9,54,0,45,0,9.000000000000002
#33649,2026-08,counted,paid,fulfilled,2026-08-16 15:45:00 +0100,Shopify Payments,96,0,0,16,96,0,80,0,16
#33650,2026-08,counted,paid,fulfilled,2026-08-16 16:11:00 +0100,Shopify Payments,27,0,3.95,5.16,30.95,0,22.5,3.291666666666667,5.158333333333334
#33651,2026-08,counted,paid,fulfilled,2026-08-16 16:53:00 +0100,Shopify Payments,79,0,0,13.17,79,0,65.83333333333334,0,13.16666666666667
#33652,2026-08,counted,paid,fulfilled,2026-08-16 17:06:00 +0100,Shopify Payments,52,0,0,8.67,52,0,43.33333333333334,0,8.666666666666668
#33653,2026-08,pre-order (not shipped),paid,unfulfilled,2026-08-16 17:37:00 +0100,Shopify Payments,pre-order,72,0,0,12,72,0,60,0,12
#33654,2026-08,counted,paid,fulfilled,2026-08-16 17:37:00 +0100,Shopify Payments,11,0,3.95,2.49,14.95,0,9.166666666666668,3.291666666666667,2.491666666666667
#33655,2026-08,counted,paid,fulfilled,2026-08-16 17:41:00 +0100,Shopify Payments,65,0,0,10.83,65,0,54.16666666666667,0,10.83333333333333
#33656,2026-08,counted,paid,fulfilled,2026-08-16 18:09:00 +0100,Shopify Payments,94,0,0,15.67,94,0,78.33333333333334,0,15.66666666666667
#33657,2026-08,counted,partially_refunded,fulfilled,2026-08-16 18:38:00 +0100,Shopify Payments,64,0,0,10.67,64,19.2,37.33333333333334,0,7.466666666666666
#33658,2026-08,counted,paid,fulfilled,2026-08-16 19:07:00 +0100,Shopify Payments,32.5,0,3.95,6.08,36.45,0,27.08333333333334,3.291666666666667,6.075000000000001
#33659,2026-08,counted,paid,fulfilled,2026-08-16 19:09:00 +0100,Shopify Payments,94,0,0,15.67,94,0,78.33333333333334,0,15.66666666666667
#33660,2026-08,counted,paid,fulfilled,2026-08-16 19:13:00 +0100,PayPal Express Checkout,16,0,3.95,3.33,19.95,0,13.33333333333333,3.291666666666667,3.325
#33661,2026-08,counted,paid,fulfilled,2026-08-16 19:20:00 +0100,Shopify Payments,22.5,0,3.95,4.41,26.45,0,18.75,3.291666666666667,4.408333333333333
#33662,2026-08,counted,paid,fulfilled,2026-08-16 19:23:00 +0100,Shopify Payments,11,0,3.95,2.49,14.95,0,9.166666666666668,3.291666666666667,2.491666666666667
#33663,2026-08,counted,paid,fulfilled,2026-08-16 19:30:00 +0100,PayPal Express Checkout,WELCOME5,76,5,0,11.83,71,0,59.16666666666667,0,11.83333333333333
#33664,2026-08,counted,paid,fulfilled,2026-08-16 20:05:00 +0100,Shopify Payments,WELCOME5,47,5,3.95,7.66,45.95,0,35,3.291666666666667,7.658333333333335
#33665,2026-08,counted,paid,fulfilled,2026-08-16 20:10:00 +0100,Shopify Payments,25,0,3.95,4.83,28.95,0,20.83333333333334,3.291666666666667,4.825
#33666,2026-08,counted,paid,fulfilled,2026-08-16 20:13:00 +0100,Shopify Payments,111,0,0,18.5,111,0,92.5,0,18.5
#33667,2026-08,counted,paid,fulfilled,2026-08-16 20:14:00 +0100,Shopify Payments,96,0,0,16,96,0,80,0,16
#33668,2026-08,counted,paid,fulfilled,2026-08-16 20:26:00 +0100,Shopify Payments,87,0,0,14.5,87,0,72.5,0,14.5
#33669,2026-08,counted,paid,fulfilled,2026-08-16 21:00:00 +0100,"Gift card, Shopify Payments",30,0,3.95,5.66,33.95,0,25,3.291666666666667,5.658333333333334
#33670,2026-08,counted,paid,fulfilled,2026-08-16 21:01:00 +0100,"Gift card, Shopify Payments",6,0,3.95,1.66,9.949999999999999,0,5,3.291666666666667,1.658333333333333
#33671,2026-08,counted,paid,fulfilled,2026-08-16 21:07:00 +0100,Shopify Payments,19,0,3.95,3.83,22.95,0,15.83333333333333,3.291666666666667,3.825
#33672,2026-08,counted,paid,fulfilled,2026-08-16 21:11:00 +0100,Shopify Payments,37.5,0,3.95,6.91,41.45,0,31.25,3.291666666666667,6.908333333333334
#33673,2026-08,counted,paid,fulfilled,2026-08-16 21:33:00 +0100,Shopify Payments,40,0,3.95,7.33,43.95,0,33.33333333333334,3.291666666666667,7.325000000000001
#33674,2026-08,counted,paid,fulfilled,2026-08-16 22:07:00 +0100,"Gift card, Shopify Payments",25,0,3.95,4.83,28.95,0,20.83333333333334,3.291666666666667,4.825
#33675,2026-08,counted,paid,fulfilled,2026-08-16 22:41:00 +0100,PayPal Express Checkout,62,0,0,10.33,62,0,51.66666666666667,0,10.33333333333333
#33676,2026-08,counted,paid,fulfilled,2026-08-16 22:44:00 +0100,Shopify Payments,219,0,0,36.5,219,0,182.5,0,36.50000000000001
#33677,2026-08,counted,paid,fulfilled,2026-08-17 07:03:00 +0100,Shopify Payments,30,0,3.95,5.66,33.95,0,25,3.291666666666667,5.658333333333334
#33678,2026-08,counted,paid,fulfilled,2026-08-17 07:11:00 +0100,Shopify Payments,15,0,3.95,3.16,18.95,0,12.5,3.291666666666667,3.158333333333334
#33679,2026-08,counted,paid,fulfilled,2026-08-17 08:45:00 +0100,Shopify Payments,32,0,3.95,5.99,35.95,0,26.66666666666667,3.291666666666667,5.991666666666668
#33680,2026-08,counted,paid,fulfilled,2026-08-17 08:53:00 +0100,Shopify Payments,54.5,0,0,9.08,54.5,0,45.41666666666667,0,9.083333333333334
#33681,2026-08,counted,paid,fulfilled,2026-08-17 09:03:00 +0100,Shopify Payments,174,0,0,29,174,0,145,0,29
#33682,2026-08,counted,paid,fulfilled,2026-08-17 09:12:00 +0100,Shopify Payments,83,0,0,13.83,83,0,69.16666666666667,0,13.83333333333334
#33683,2026-08,counted,paid,fulfilled,2026-08-17 09:28:00 +0100,PayPal Express Checkout,42,0,3.95,7.66,45.95,0,35,3.291666666666667,7.658333333333335
#33684,2026-08,counted,paid,fulfilled,2026-08-17 09:29:00 +0100,Shopify Payments,244.5,0,0,40.75,244.5,0,203.75,0,40.75000000000001
#33685,2026-08,counted,paid,fulfilled,2026-08-17 09:46:00 +0100,Shopify Payments,28,0,3.95,5.33,31.95,0,23.33333333333334,3.291666666666667,5.325000000000001
#33686,2026-08,counted,paid,fulfilled,2026-08-17 10:35:00 +0100,Shopify Payments,353,0,0,58.83,353,0,294.1666666666667,0,58.83333333333334
#33687,2026-08,counted,paid,fulfilled,2026-08-17 10:42:00 +0100,PayPal Express Checkout,140,0,0,23.33,140,0,116.6666666666667,0,23.33333333333334
#33688,2026-08,counted,paid,fulfilled,2026-08-17 10:43:00 +0100,Shopify Payments,90,0,0,15,90,0,75,0,15
#33689,2026-08,counted,paid,fulfilled,2026-08-17 10:55:00 +0100,Shopify Payments,44,0,3.95,7.99,47.95,0,36.66666666666667,3.291666666666667,7.991666666666668
#33690,2026-08,counted,paid,fulfilled,2026-08-17 11:10:00 +0100,Shopify Payments,47,0,3.95,8.49,50.95,0,39.16666666666667,3.291666666666667,8.491666666666669
#33691,2026-08,counted,paid,fulfilled,2026-08-17 12:07:00 +0100,Shopify Payments,33,0,3.95,6.16,36.95,0,27.5,3.291666666666667,6.158333333333334
#33692,2026-08,counted,paid,fulfilled,2026-08-17 12:20:00 +0100,Shopify Payments,57,0,0,9.5,57,0,47.5,0,9.5
#33693,2026-08,pre-order (not shipped),paid,unfulfilled,2026-08-17 12:21:00 +0100,Shopify Payments,pre-order,160,0,0,26.67,160,0,133.3333333333333,0,26.66666666666667
#33694,2026-08,counted,paid,fulfilled,2026-08-17 12:33:00 +0100,PayPal Express Checkout,78,0,0,13,78,0,65,0,13
#33695,2026-08,counted,paid,fulfilled,2026-08-17 12:36:00 +0100,Shopify Payments,66,0,0,11,66,0,55,0,11
#33696,2026-08,counted,paid,fulfilled,2026-08-17 12:46:00 +0100,Shopify Payments,180,0,0,30,180,0,150,0,30
#33697,2026-08,counted,paid,fulfilled,2026-08-17 13:31:00 +0100,Shopify Payments,114,0,0,19,114,0,95,0,19
#33698,2026-08,counted,paid,fulfilled,2026-08-17 13:50:00 +0100,Shopify Payments,25,0,3.95,4.83,28.95,0,20.83333333333334,3.291666666666667,4.825
#33699,2026-08,counted,paid,fulfilled,2026-08-17 13:56:00 +0100,Shopify Payments,60,0,0,10,60,0,50,0,10
#33700,2026-08,pre-order (not shipped),paid,unfulfilled,2026-08-17 14:13:00 +0100,Shopify Payments,pre-order,WELCOME5,138,5,0,22.17,133,0,110.8333333333333,0,22.16666666666667
#33701,2026-08,counted,paid,fulfilled,2026-08-17 14:18:00 +0100,PayPal Express Checkout,91,0,0,15.17,91,0,75.83333333333334,0,15.16666666666667
#33702,2026-08,counted,paid,fulfilled,2026-08-17 14:35:00 +0100,Shopify Payments,11,0,3.95,2.49,14.95,0,9.166666666666668,3.291666666666667,2.491666666666667
#33703,2026-08,counted,paid,fulfilled,2026-08-17 15:26:00 +0100,Shopify Payments,233,0,0,38.83,233,0,194.1666666666667,0,38.83333333333334
#33704,2026-08,counted,paid,fulfilled,2026-08-17 15:35:00 +0100,Shopify Payments,57,0,0,9.5,57,0,47.5,0,9.5
#33705,2026-08,counted,paid,fulfilled,2026-08-17 15:58:00 +0100,Gift card,106,0,0,17.67,106,0,88.33333333333334,0,17.66666666666667
#33706,2026-08,counted,paid,fulfilled,2026-08-17 16:01:00 +0100,Shopify Payments,66,0,0,11,66,0,55,0,11
#33707,2026-08,counted,paid,fulfilled,2026-08-17 16:11:00 +0100,Shopify Payments,51,0,0,8.5,51,0,42.5,0,8.500000000000002
#33708,2026-08,counted,paid,fulfilled,2026-08-17 16:21:00 +0100,Shopify Payments,18,0,3.95,3.66,21.95,0,15,3.291666666666667,3.658333333333333
#33709,2026-08,counted,paid,fulfilled,2026-08-17 16:42:00 +0100,Shopify Payments,27.5,0,3.95,5.24,31.45,0,22.91666666666667,3.291666666666667,5.241666666666667
#33710,2026-08,counted,paid,fulfilled,2026-08-17 17:02:00 +0100,Shopify Payments,17,0,3.95,3.49,20.95,0,14.16666666666667,3.291666666666667,3.491666666666667
#33711,2026-08,counted,paid,fulfilled,2026-08-17 17:02:00 +0100,PayPal Express Checkout,72,0,0,12,72,0,60,0,12
#33712,2026-08,counted,paid,fulfilled,2026-08-17 17:09:00 +0100,Shopify Payments,110,0,0,18.33,110,0,91.66666666666667,0,18.33333333333334
#33713,2026-08,counted,paid,fulfilled,2026-08-17 17:13:00 +0100,PayPal Express Checkout,15,0,3.95,3.16,18.95,0,12.5,3.291666666666667,3.158333333333334
#33714,2026-08,counted,paid,fulfilled,2026-08-17 17:20:00 +0100,Shopify Payments,22.5,0,3.95,4.41,26.45,0,18.75,3.291666666666667,4.408333333333333
#33715,2026-08,counted,paid,fulfilled,2026-08-17 17:40:00 +0100,Shopify Payments,69.5,0,0,11.58,69.5,0,57.91666666666667,0,11.58333333333333
#33716,2026-08,counted,paid,fulfilled,2026-08-17 18:04:00 +0100,Shopify Payments,18,0,3.95,3.66,21.95,0,15,3.291666666666667,3.658333333333333
#33717,2026-08,counted,paid,fulfilled,2026-08-17 18:20:00 +0100,Shopify Payments,SUMMER10,17,1.7,3.95,3.21,19.25,0,12.75,3.291666666666667,3.208333333333333
#33718,2026-08,counted,paid,fulfilled,2026-08-17 18:24:00 +0100,Shopify Payments,51,0,0,8.5,51,0,42.5,0,8.500000000000002
#33719,2026-08,counted,paid,fulfilled,2026-08-17 18:41:00 +0100,"Gift card, Shopify Payments",181,0,0,30.17,181,0,150.8333333333333,0,30.16666666666667
#33720,2026-08,counted,paid,fulfilled,2026-08-17 18:59:00 +0100,Shopify Payments,11,0,3.95,2.49,14.95,0,9.166666666666668,3.291666666666667,2.491666666666667
#33721,2026-08,counted,paid,fulfilled,2026-08-17 19:01:00 +0100,Shopify Payments,257,0,0,42.83,257,0,214.1666666666667,0,42.83333333333334
#33722,2026-08,counted,paid,fulfilled,2026-08-17 19:08:00 +0100,Shopify Payments,WELCOME5,114,5,0,18.17,109,0,90.83333333333334,0,18.16666666666667
#33723,2026-08,counted,paid,fulfilled,2026-08-17 19:14:00 +0100,PayPal Express Checkout,SUMMER10,54,5.4,3.95,8.76,52.55,0,40.5,3.291666666666667,8.758333333333335
#33724,2026-08,counted,paid,fulfilled,2026-08-17 19:18:00 +0100,Shopify Payments,WELCOME5,66,5,0,10.17,61,0,50.83333333333334,0,10.16666666666667
#33725,2026-08,counted,paid,fulfilled,2026-08-17 19:18:00 +0100,PayPal Express Checkout,117,0,0,19.5,117,0,97.5,0,19.5
#33726,2026-08,counted,paid,fulfilled,2026-08-17 19:41:00 +0100,Shopify Payments,11,0,3.95,2.49,14.95,0,9.166666666666668,3.291666666666667,2.491666666666667
#33727,2026-08,counted,refunded,fulfilled,2026-08-17 19:52:00 +0100,Shopify Payments,90,0,0,15,90,90,0,0,0
#33728,2026-08,counted,paid,fulfilled,2026-08-17 20:11:00 +0100,PayPal Express Checkout,SUMMER10,26,2.6,3.95,4.56,27.35,0,19.5,3.291666666666667,4.558333333333334
#33729,2026-08,counted,paid,fulfilled,2026-08-17 20:22:00 +0100,Shopify Payments,SUMMER10,68,6.8,0,10.2,61.2,0,51.00000000000001,0,10.2
#33730,2026-08,counted,partially_refunded,fulfilled,2026-08-17 20:32:00 +0100,Shopify Payments,130,0,0,21.67,130,26,86.66666666666667,0,17.33333333333334
#33731,2026-08,counted,paid,fulfilled,2026-08-17 21:20:00 +0100,Shopify Payments,42,0,3.95,7.66,45.95,0,35,3.291666666666667,7.658333333333335
#33732,2026-08,counted,paid,fulfilled,2026-08-17 21:40:00 +0100,Shopify Payments,SUMMER10,159,15.9,0,23.85,143.1,0,119.25,0,23.85
#33733,2026-08,counted,paid,fulfilled,2026-08-17 21:56:00 +0100,PayPal Express Checkout,18,0,3.95,3.66,21.95,0,15,3.291666666666667,3.658333333333333
#33734,2026-08,counted,paid,fulfilled,2026-08-17 22:15:00 +0100,Shopify Payments,16,0,3.95,3.33,19.95,0,13.33333333333333,3.291666666666667,3.325
#33735,2026-08,counted,paid,fulfilled,2026-08-17 22:18:00 +0100,Shopify Payments,44,0,3.95,7.99,47.95,0,36.66666666666667,3.291666666666667,7.991666666666668
#33736,2026-08,counted,paid,fulfilled,2026-08-18 07:02:00 +0100,Shopify Payments,32,0,3.95,5.99,35.95,0,26.66666666666667,3.291666666666667,5.991666666666668
#33737,2026-08,counted,paid,fulfilled,2026-08-18 07:26:00 +0100,Shopify Payments,272,0,0,45.33,272,0,226.6666666666667,0,45.33333333333334
#33738,2026-08,counted,paid,fulfilled,2026-08-18 07:30:00 +0100,PayPal Express Checkout,65,0,0,10.83,65,0,54.16666666666667,0,10.83333333333333
#33739,2026-08,counted,paid,fulfilled,2026-08-18 07:31:00 +0100,Gift card,50,0,0,8.33,50,0,41.66666666666667,0,8.333333333333334
#33740,2026-08,counted,paid,fulfilled,2026-08-18 07:34:00 +0100,Shopify Payments,112,0,0,18.67,112,0,93.33333333333334,0,18.66666666666667
#33741,2026-08,counted,paid,fulfilled,2026-08-18 08:03:00 +0100,Shopify Payments,108,0,0,18,108,0,90,0,18
#33742,2026-08,counted,paid,fulfilled,2026-08-18 09:04:00 +0100,Shopify Payments,83,0,0,13.83,83,0,69.16666666666667,0,13.83333333333334
#33743,2026-08,counted,paid,fulfilled,2026-08-18 09:32:00 +0100,Shopify Payments,202,0,0,33.67,202,0,168.3333333333333,0,33.66666666666667
#33744,2026-08,counted,paid,fulfilled,2026-08-18 09:41:00 +0100,Shopify Payments,24,0,3.95,4.66,27.95,0,20,3.291666666666667,4.658333333333333
#33745,2026-08,counted,paid,fulfilled,2026-08-18 09:43:00 +0100,Shopify Payments,SUMMER10,32,3.2,3.95,5.46,32.75,0,24,3.291666666666667,5.458333333333334
#33746,2026-08,counted,paid,fulfilled,2026-08-18 09:59:00 +0100,Shopify Payments,115,0,0,19.17,115,0,95.83333333333334,0,19.16666666666667
#33747,2026-08,counted,paid,fulfilled,2026-08-18 10:21:00 +0100,Shopify Payments,15,0,3.95,3.16,18.95,0,12.5,3.291666666666667,3.158333333333334
#33748,2026-08,counted,paid,fulfilled,2026-08-18 10:32:00 +0100,Shopify Payments,30,0,3.95,5.66,33.95,0,25,3.291666666666667,5.658333333333334
#33749,2026-08,counted,paid,fulfilled,2026-08-18 11:07:00 +0100,Shopify Payments,9,0,3.95,2.16,12.95,0,7.5,3.291666666666667,2.158333333333333
#33750,2026-08,counted,paid,fulfilled,2026-08-18 11:27:00 +0100,Shopify Payments,SUMMER10,82,8.199999999999999,0,12.3,73.8,0,61.5,0,12.3
#33751,2026-08,counted,paid,fulfilled,2026-08-18 11:53:00 +0100,Shopify Payments,139,0,0,23.17,139,0,115.8333333333333,0,23.16666666666667
#33752,2026-08,counted,paid,fulfilled,2026-08-18 11:54:00 +0100,Shopify Payments,21,0,3.95,4.16,24.95,0,17.5,3.291666666666667,4.158333333333334
#33753,2026-08,counted,paid,fulfilled,2026-08-18 12:17:00 +0100,Shopify Payments,56,0,0,9.33,56,0,46.66666666666667,0,9.333333333333334
#33754,2026-08,counted,paid,fulfilled,2026-08-18 13:02:00 +0100,Shopify Payments,112,0,0,18.67,112,0,93.33333333333334,0,18.66666666666667
#33755,2026-08,pre-order (not shipped),paid,unfulfilled,2026-08-18 13:07:00 +0100,Shopify Payments,pre-order,16,0,3.95,3.33,19.95,0,13.33333333333333,3.291666666666667,3.325
#33756,2026-08,counted,paid,fulfilled,2026-08-18 13:29:00 +0100,Shopify Payments,150,0,0,25,150,0,125,0,25
#33757,2026-08,counted,paid,fulfilled,2026-08-18 13:40:00 +0100,Shopify Payments,22,0,3.95,4.33,25.95,0,18.33333333333334,3.291666666666667,4.325
#33758,2026-08,counted,paid,fulfilled,2026-08-18 13:41:00 +0100,Shopify Payments,WELCOME5,24,5,3.95,3.83,22.95,0,15.83333333333333,3.291666666666667,3.825
#33759,2026-08,counted,paid,fulfilled,2026-08-18 13:44:00 +0100,Shopify Payments,70,0,0,11.67,70,0,58.33333333333334,0,11.66666666666667
#33760,2026-08,counted,paid,fulfilled,2026-08-18 13:58:00 +0100,"Gift card, Shopify Payments",167,0,0,27.83,167,0,139.1666666666667,0,27.83333333333333
#33761,2026-08,counted,paid,fulfilled,2026-08-18 13:59:00 +0100,Shopify Payments,68,0,0,11.33,68,0,56.66666666666667,0,11.33333333333334
#33762,2026-08,counted,paid,fulfilled,2026-08-18 14:54:00 +0100,Gift card,117,0,0,19.5,117,0,97.5,0,19.5
#33763,2026-08,counted,paid,fulfilled,2026-08-18 14:59:00 +0100,Shopify Payments,68,0,0,11.33,68,0,56.66666666666667,0,11.33333333333334
#33764,2026-08,counted,paid,fulfilled,2026-08-18 15:10:00 +0100,Shopify Payments,46.8,0,3.95,8.460000000000001,50.75,0,39,3.291666666666667,8.458333333333334
#33765,2026-08,counted,paid,fulfilled,2026-08-18 15:16:00 +0100,Shopify Payments,19,0,3.95,3.83,22.95,0,15.83333333333333,3.291666666666667,3.825
#33766,2026-08,counted,paid,fulfilled,2026-08-18 15:36:00 +0100,PayPal Express Checkout,SUMMER10,22,2.2,3.95,3.96,23.75,0,16.5,3.291666666666667,3.958333333333333
#33767,2026-08,counted,paid,fulfilled,2026-08-18 16:04:00 +0100,Shopify Payments,28,0,3.95,5.33,31.95,0,23.33333333333334,3.291666666666667,5.325000000000001
#33768,2026-08,counted,paid,fulfilled,2026-08-18 16:07:00 +0100,Shopify Payments,SUMMER10,146,14.6,0,21.9,131.4,0,109.5,0,21.9
#33769,2026-08,counted,paid,fulfilled,2026-08-18 16:30:00 +0100,Shopify Payments,32,0,3.95,5.99,35.95,0,26.66666666666667,3.291666666666667,5.991666666666668
#33770,2026-08,counted,paid,fulfilled,2026-08-18 16:47:00 +0100,Shopify Payments,48,0,3.95,8.66,51.95,0,40,3.291666666666667,8.658333333333335
#33771,2026-08,counted,paid,fulfilled,2026-08-18 16:53:00 +0100,Shopify Payments,123,0,0,20.5,123,0,102.5,0,20.5
#33772,2026-08,pre-order (not shipped),paid,unfulfilled,2026-08-18 16:56:00 +0100,Shopify Payments,pre-order,SUMMER10,28,2.8,3.95,4.86,29.15,0,21,3.291666666666667,4.858333333333333
#33773,2026-08,counted,paid,fulfilled,2026-08-18 17:04:00 +0100,Shopify Payments,71,0,0,11.83,71,0,59.16666666666667,0,11.83333333333333
#33774,2026-08,counted,paid,fulfilled,2026-08-18 17:04:00 +0100,Shopify Payments,86,0,0,14.33,86,0,71.66666666666667,0,14.33333333333333
#33775,2026-08,counted,paid,fulfilled,2026-08-18 17:46:00 +0100,Shopify Payments,54,0,0,9,54,0,45,0,9.000000000000002
#33776,2026-08,counted,paid,fulfilled,2026-08-18 17:51:00 +0100,Shopify Payments,122,0,0,20.33,122,0,101.6666666666667,0,20.33333333333334
#33777,2026-08,counted,paid,fulfilled,2026-08-18 17:54:00 +0100,Shopify Payments,110,0,0,18.33,110,0,91.66666666666667,0,18.33333333333334
#33778,2026-08,counted,paid,fulfilled,2026-08-18 18:07:00 +0100,Shopify Payments,45,0,3.95,8.16,48.95,0,37.5,3.291666666666667,8.158333333333335
#33779,2026-08,counted,paid,fulfilled,2026-08-18 19:10:00 +0100,Shopify Payments,60,0,0,10,60,0,50,0,10
#33780,2026-08,counted,paid,fulfilled,2026-08-18 19:13:00 +0100,Shopify Payments,125,0,0,20.83,125,0,104.1666666666667,0,20.83333333333334
#33781,2026-08,counted,paid,fulfilled,2026-08-18 19:26:00 +0100,Shopify Payments,42,0,3.95,7.66,45.95,0,35,3.291666666666667,7.658333333333335
#33782,2026-08,counted,paid,fulfilled,2026-08-18 19:36:00 +0100,Shopify Payments,16,0,3.95,3.33,19.95,0,13.33333333333333,3.291666666666667,3.325
#33783,2026-08,pre-order (not shipped),paid,unfulfilled,2026-08-18 19:56:00 +0100,Shopify Payments,pre-order,107,0,0,17.83,107,0,89.16666666666667,0,17.83333333333334
#33784,2026-08,counted,paid,fulfilled,2026-08-18 20:04:00 +0100,Shopify Payments,SUMMER10,60.5,6.05,0,9.08,54.45,0,45.37500000000001,0,9.075000000000001
#33785,2026-08,counted,paid,fulfilled,2026-08-18 20:04:00 +0100,Shopify Payments,SUMMER10,9.6,0.96,3.95,2.1,12.59,0,7.200000000000001,3.291666666666667,2.098333333333334
#33786,2026-08,counted,paid,fulfilled,2026-08-18 20:10:00 +0100,Shopify Payments,124,0,0,20.67,124,0,103.3333333333333,0,20.66666666666667
#33787,2026-08,counted,paid,fulfilled,2026-08-18 20:15:00 +0100,Shopify Payments,109,0,0,18.17,109,0,90.83333333333334,0,18.16666666666667
#33788,2026-08,pre-order (not shipped),paid,unfulfilled,2026-08-18 21:00:00 +0100,Shopify Payments,pre-order,SUMMER10,24,2.4,3.95,4.26,25.55,0,18,3.291666666666667,4.258333333333334
#33789,2026-08,counted,paid,fulfilled,2026-08-18 21:06:00 +0100,Shopify Payments,95,0,0,15.83,95,0,79.16666666666667,0,15.83333333333333
#33790,2026-08,counted,paid,fulfilled,2026-08-18 22:05:00 +0100,Shopify Payments,70,0,0,11.67,70,0,58.33333333333334,0,11.66666666666667
#33791,2026-08,counted,paid,fulfilled,2026-08-19 07:04:00 +0100,Shopify Payments,327,0,0,54.5,327,0,272.5,0,54.50000000000001
#33792,2026-08,counted,paid,fulfilled,2026-08-19 07:07:00 +0100,Shopify Payments,7.5,0,3.95,1.91,11.45,0,6.25,3.291666666666667,1.908333333333333
#33793,2026-08,counted,partially_refunded,fulfilled,2026-08-19 07:14:00 +0100,Shopify Payments,250,0,0,41.67,250,75,145.8333333333333,0,29.16666666666667
#33794,2026-08,counted,paid,fulfilled,2026-08-19 07:30:00 +0100,Shopify Payments,76,0,0,12.67,76,0,63.33333333333334,0,12.66666666666667
#33795,2026-08,counted,paid,fulfilled,2026-08-19 07:35:00 +0100,Shopify Payments,121,0,0,20.17,121,0,100.8333333333333,0,20.16666666666667
#33796,2026-08,counted,paid,fulfilled,2026-08-19 07:54:00 +0100,Shopify Payments,101,0,0,16.83,101,0,84.16666666666667,0,16.83333333333334
#33797,2026-08,counted,paid,fulfilled,2026-08-19 08:15:00 +0100,Shopify Payments,26,0,3.95,4.99,29.95,0,21.66666666666667,3.291666666666667,4.991666666666667
#33798,2026-08,counted,paid,fulfilled,2026-08-19 08:41:00 +0100,Shopify Payments,255,0,0,42.5,255,0,212.5,0,42.5
#33799,2026-08,counted,paid,fulfilled,2026-08-19 08:57:00 +0100,Shopify Payments,12,0,3.95,2.66,15.95,0,10,3.291666666666667,2.658333333333333
#33800,2026-08,counted,paid,fulfilled,2026-08-19 09:14:00 +0100,Shopify Payments,108,0,0,18,108,0,90,0,18
#33801,2026-08,counted,paid,fulfilled,2026-08-19 09:15:00 +0100,Shopify Payments,98,0,0,16.33,98,0,81.66666666666667,0,16.33333333333334
#33802,2026-08,counted,paid,fulfilled,2026-08-19 09:40:00 +0100,Shopify Payments,114,0,0,19,114,0,95,0,19
#33803,2026-08,counted,paid,fulfilled,2026-08-19 09:43:00 +0100,Shopify Payments,42,0,3.95,7.66,45.95,0,35,3.291666666666667,7.658333333333335
#33804,2026-08,counted,paid,fulfilled,2026-08-19 09:56:00 +0100,PayPal Express Checkout,103,0,0,17.17,103,0,85.83333333333334,0,17.16666666666667
#33805,2026-08,counted,paid,fulfilled,2026-08-19 10:05:00 +0100,Shopify Payments,51,0,0,8.5,51,0,42.5,0,8.500000000000002
#33806,2026-08,counted,paid,fulfilled,2026-08-19 10:09:00 +0100,Shopify Payments,40,0,3.95,7.33,43.95,0,33.33333333333334,3.291666666666667,7.325000000000001
#33807,2026-08,counted,paid,fulfilled,2026-08-19 10:27:00 +0100,Shopify Payments,98.5,0,0,16.42,98.5,0,82.08333333333334,0,16.41666666666667
#33808,2026-08,counted,paid,fulfilled,2026-08-19 11:15:00 +0100,Shopify Payments,SUMMER10,84,8.4,0,12.6,75.59999999999999,0,63,0,12.6
#33809,2026-08,counted,paid,fulfilled,2026-08-19 11:25:00 +0100,Shopify Payments,95,0,0,15.83,95,0,79.16666666666667,0,15.83333333333333
#33810,2026-08,counted,paid,fulfilled,2026-08-19 12:00:00 +0100,PayPal Express Checkout,14,0,3.95,2.99,17.95,0,11.66666666666667,3.291666666666667,2.991666666666667
#33811,2026-08,counted,paid,fulfilled,2026-08-19 12:40:00 +0100,Shopify Payments,74,0,0,12.33,74,0,61.66666666666667,0,12.33333333333333
#33812,2026-08,counted,paid,fulfilled,2026-08-19 13:05:00 +0100,Shopify Payments,21,0,3.95,4.16,24.95,0,17.5,3.291666666666667,4.158333333333334
#33813,2026-08,counted,paid,fulfilled,2026-08-19 13:37:00 +0100,Shopify Payments,WELCOME5,59.5,5,0,9.08,54.5,0,45.41666666666667,0,9.083333333333334
#33814,2026-08,counted,paid,fulfilled,2026-08-19 13:41:00 +0100,Shopify Payments,44.5,0,3.95,8.08,48.45,0,37.08333333333334,3.291666666666667,8.075000000000001
#33815,2026-08,counted,paid,fulfilled,2026-08-19 14:11:00 +0100,Shopify Payments,12,0,3.95,2.66,15.95,0,10,3.291666666666667,2.658333333333333
#33816,2026-08,counted,paid,fulfilled,2026-08-19 14:33:00 +0100,Shopify Payments,127,0,0,21.17,127,0,105.8333333333333,0,21.16666666666667
#33817,2026-08,counted,paid,fulfilled,2026-08-19 14:55:00 +0100,Shopify Payments,199,0,0,33.17,199,0,165.8333333333333,0,33.16666666666667
#33818,2026-08,counted,paid,fulfilled,2026-08-19 15:29:00 +0100,Shopify Payments,26,0,3.95,4.99,29.95,0,21.66666666666667,3.291666666666667,4.991666666666667
#33819,2026-08,counted,paid,fulfilled,2026-08-19 16:28:00 +0100,Shopify Payments,SUMMER10,24,2.4,3.95,4.26,25.55,0,18,3.291666666666667,4.258333333333334
#33820,2026-08,counted,paid,fulfilled,2026-08-19 16:37:00 +0100,PayPal Express Checkout,52,0,0,8.67,52,0,43.33333333333334,0,8.666666666666668
#33821,2026-08,counted,paid,fulfilled,2026-08-19 17:13:00 +0100,Shopify Payments,9,0,3.95,2.16,12.95,0,7.5,3.291666666666667,2.158333333333333
#33822,2026-08,counted,paid,fulfilled,2026-08-19 17:47:00 +0100,Shopify Payments,34,0,3.95,6.33,37.95,0,28.33333333333334,3.291666666666667,6.325000000000001
#33823,2026-08,counted,paid,fulfilled,2026-08-19 18:13:00 +0100,Shopify Payments,27,0,3.95,5.16,30.95,0,22.5,3.291666666666667,5.158333333333334
#33824,2026-08,counted,paid,fulfilled,2026-08-19 18:34:00 +0100,PayPal Express Checkout,99,0,0,16.5,99,0,82.5,0,16.5
#33825,2026-08,counted,paid,fulfilled,2026-08-19 18:49:00 +0100,Shopify Payments,19,0,3.95,3.83,22.95,0,15.83333333333333,3.291666666666667,3.825
#33826,2026-08,pre-order (not shipped),paid,unfulfilled,2026-08-19 19:05:00 +0100,Shopify Payments,pre-order,82,0,0,13.67,82,0,68.33333333333334,0,13.66666666666667
#33827,2026-08,counted,paid,fulfilled,2026-08-19 19:06:00 +0100,Shopify Payments,94,0,0,15.67,94,0,78.33333333333334,0,15.66666666666667
#33828,2026-08,counted,paid,fulfilled,2026-08-19 19:27:00 +0100,Gift card,171,0,0,28.5,171,0,142.5,0,28.5
#33829,2026-08,counted,paid,fulfilled,2026-08-19 19:40:00 +0100,Shopify Payments,44,0,3.95,7.99,47.95,0,36.66666666666667,3.291666666666667,7.991666666666668
#33830,2026-08,counted,paid,fulfilled,2026-08-19 19:43:00 +0100,Shopify Payments,61,0,0,10.17,61,0,50.83333333333334,0,10.16666666666667
#33831,2026-08,counted,paid,fulfilled,2026-08-19 19:46:00 +0100,PayPal Express Checkout,22,0,3.95,4.33,25.95,0,18.33333333333334,3.291666666666667,4.325
#33832,2026-08,counted,paid,fulfilled,2026-08-19 19:56:00 +0100,Gift card,WELCOME5,129,5,0,20.67,124,0,103.3333333333333,0,20.66666666666667
#33833,2026-08,counted,paid,fulfilled,2026-08-19 20:07:00 +0100,Shopify Payments,114,0,0,19,114,0,95,0,19
#33834,2026-08,counted,paid,fulfilled,2026-08-19 20:38:00 +0100,Shopify Payments,SUMMER10,41,4.1,3.95,6.81,40.85,0,30.75,3.291666666666667,6.808333333333334
#33835,2026-08,counted,paid,fulfilled,2026-08-19 20:39:00 +0100,Shopify Payments,152,0,0,25.33,152,0,126.6666666666667,0,25.33333333333334
#33836,2026-08,counted,paid,fulfilled,2026-08-19 21:01:00 +0100,Shopify Payments,9.6,0,3.95,2.26,13.55,0,8,3.291666666666667,2.258333333333334
#33837,2026-08,counted,paid,fulfilled,2026-08-19 21:29:00 +0100,Shopify Payments,45,0,3.95,8.16,48.95,0,37.5,3.291666666666667,8.158333333333335
#33838,2026-08,counted,paid,fulfilled,2026-08-19 21:42:00 +0100,PayPal Express Checkout,SUMMER10,38,3.8,3.95,6.36,38.15,0,28.5,3.291666666666667,6.358333333333335
#33839,2026-08,counted,paid,fulfilled,2026-08-19 21:56:00 +0100,Shopify Payments,90,0,0,15,90,0,75,0,15
#33840,2026-08,counted,paid,fulfilled,2026-08-19 22:12:00 +0100,Shopify Payments,WELCOME5,26,5,3.95,4.16,24.95,0,17.5,3.291666666666667,4.158333333333334
#33841,2026-08,counted,paid,fulfilled,2026-08-19 22:31:00 +0100,Shopify Payments,72,0,0,12,72,0,60,0,12
#33842,2026-08,pre-order (not shipped),paid,unfulfilled,2026-08-19 22:50:00 +0100,Shopify Payments,pre-order,38,0,3.95,6.99,41.95,0,31.66666666666667,3.291666666666667,6.991666666666667
#33843,2026-08,pre-order (not shipped),paid,unfulfilled,2026-08-19 22:50:00 +0100,Shopify Payments,pre-order,52,0,0,8.67,52,0,43.33333333333334,0,8.666666666666668
#33844,2026-08,counted,paid,fulfilled,2026-08-20 07:14:00 +0100,Shopify Payments,115.5,0,0,19.25,115.5,0,96.25,0,19.25
#33845,2026-08,counted,paid,fulfilled,2026-08-20 07:40:00 +0100,Shopify Payments,28,0,3.95,5.33,31.95,0,23.33333333333334,3.291666666666667,5.325000000000001
#33846,2026-08,counted,paid,fulfilled,2026-08-20 07:50:00 +0100,Shopify Payments,SUMMER10,78,7.8,0,11.7,70.2,0,58.50000000000001,0,11.7
#33847,2026-08,counted,paid,fulfilled,2026-08-20 08:02:00 +0100,Shopify Payments,9,0,3.95,2.16,12.95,0,7.5,3.291666666666667,2.158333333333333
#33848,2026-08,counted,paid,fulfilled,2026-08-20 08:27:00 +0100,Shopify Payments,16,0,3.95,3.33,19.95,0,13.33333333333333,3.291666666666667,3.325
#33849,2026-08,counted,paid,fulfilled,2026-08-20 08:56:00 +0100,Shopify Payments,113,0,0,18.83,113,0,94.16666666666667,0,18.83333333333334
#33850,2026-08,counted,paid,fulfilled,2026-08-20 09:26:00 +0100,Shopify Payments,WELCOME5,112,5,0,17.83,107,0,89.16666666666667,0,17.83333333333334
#33851,2026-08,counted,paid,fulfilled,2026-08-20 09:31:00 +0100,Shopify Payments,22.5,0,3.95,4.41,26.45,0,18.75,3.291666666666667,4.408333333333333
#33852,2026-08,counted,paid,fulfilled,2026-08-20 09:35:00 +0100,Shopify Payments,116,0,0,19.33,116,0,96.66666666666667,0,19.33333333333334
#33853,2026-08,counted,paid,fulfilled,2026-08-20 09:55:00 +0100,PayPal Express Checkout,89,0,0,14.83,89,0,74.16666666666667,0,14.83333333333333
#33854,2026-08,counted,paid,fulfilled,2026-08-20 10:09:00 +0100,PayPal Express Checkout,9,0,3.95,2.16,12.95,0,7.5,3.291666666666667,2.158333333333333
#33855,2026-08,counted,paid,fulfilled,2026-08-20 10:18:00 +0100,Shopify Payments,46,0,3.95,8.33,49.95,0,38.33333333333334,3.291666666666667,8.325000000000003
#33856,2026-08,counted,paid,fulfilled,2026-08-20 10:50:00 +0100,Shopify Payments,22,0,3.95,4.33,25.95,0,18.33333333333334,3.291666666666667,4.325
#33857,2026-08,counted,paid,fulfilled,2026-08-20 10:53:00 +0100,Shopify Payments,85.5,0,0,14.25,85.5,0,71.25,0,14.25
#33858,2026-08,counted,paid,fulfilled,2026-08-20 11:18:00 +0100,Shopify Payments,SUMMER10,142,14.2,0,21.3,127.8,0,106.5,0,21.3
#33859,2026-08,counted,paid,fulfilled,2026-08-20 12:49:00 +0100,Gift card,62,0,0,10.33,62,0,51.66666666666667,0,10.33333333333333
#33860,2026-08,counted,paid,fulfilled,2026-08-20 12:55:00 +0100,Shopify Payments,30,0,3.95,5.66,33.95,0,25,3.291666666666667,5.658333333333334
#33861,2026-08,counted,paid,fulfilled,2026-08-20 13:00:00 +0100,Shopify Payments,20,0,3.95,3.99,23.95,0,16.66666666666667,3.291666666666667,3.991666666666667
#33862,2026-08,counted,paid,fulfilled,2026-08-20 13:16:00 +0100,Shopify Payments,128,0,0,21.33,128,0,106.6666666666667,0,21.33333333333334
#33863,2026-08,counted,paid,fulfilled,2026-08-20 13:36:00 +0100,Shopify Payments,64,0,0,10.67,64,0,53.33333333333334,0,10.66666666666667
#33864,2026-08,counted,paid,fulfilled,2026-08-20 13:58:00 +0100,Shopify Payments,54,0,0,9,54,0,45,0,9.000000000000002
#33865,2026-08,pre-order (not shipped),paid,unfulfilled,2026-08-20 14:12:00 +0100,Shopify Payments,pre-order,14,0,3.95,2.99,17.95,0,11.66666666666667,3.291666666666667,2.991666666666667
#33866,2026-08,counted,paid,fulfilled,2026-08-20 14:26:00 +0100,Shopify Payments,94,0,0,15.67,94,0,78.33333333333334,0,15.66666666666667
#33867,2026-08,counted,paid,fulfilled,2026-08-20 14:32:00 +0100,PayPal Express Checkout,18,0,3.95,3.66,21.95,0,15,3.291666666666667,3.658333333333333
#33868,2026-08,counted,paid,fulfilled,2026-08-20 15:20:00 +0100,Shopify Payments,38,0,3.95,6.99,41.95,0,31.66666666666667,3.291666666666667,6.991666666666667
#33869,2026-08,pre-order (not shipped),paid,unfulfilled,2026-08-20 15:44:00 +0100,Shopify Payments,pre-order,183,0,0,30.5,183,0,152.5,0,30.5
#33870,2026-08,counted,paid,fulfilled,2026-08-20 15:54:00 +0100,Shopify Payments,7.5,0,3.95,1.91,11.45,0,6.25,3.291666666666667,1.908333333333333
#33871,2026-08,pre-order (not shipped),paid,unfulfilled,2026-08-20 16:07:00 +0100,Shopify Payments,pre-order,85.2,0,0,14.2,85.2,0,71,0,14.2
#33872,2026-08,counted,paid,fulfilled,2026-08-20 16:36:00 +0100,Shopify Payments,75,0,0,12.5,75,0,62.5,0,12.5
#33873,2026-08,counted,paid,fulfilled,2026-08-20 16:42:00 +0100,Shopify Payments,139,0,0,23.17,139,0,115.8333333333333,0,23.16666666666667
#33874,2026-08,counted,paid,fulfilled,2026-08-20 16:49:00 +0100,Shopify Payments,34.5,0,3.95,6.41,38.45,0,28.75,3.291666666666667,6.408333333333335
#33875,2026-08,counted,paid,fulfilled,2026-08-20 17:04:00 +0100,Shopify Payments,12,0,3.95,2.66,15.95,0,10,3.291666666666667,2.658333333333333
#33876,2026-08,counted,paid,fulfilled,2026-08-20 17:27:00 +0100,Shopify Payments,376,0,0,62.67,376,0,313.3333333333334,0,62.66666666666667
#33877,2026-08,counted,paid,fulfilled,2026-08-20 17:48:00 +0100,Shopify Payments,96,0,0,16,96,0,80,0,16
#33878,2026-08,counted,paid,fulfilled,2026-08-20 17:49:00 +0100,Shopify Payments,WELCOME5,195,5,0,31.67,190,0,158.3333333333333,0,31.66666666666667
#33879,2026-08,counted,paid,fulfilled,2026-08-20 18:05:00 +0100,Shopify Payments,SUMMER10,22.5,2.25,3.95,4.03,24.2,0,16.875,3.291666666666667,4.033333333333333
#33880,2026-08,counted,paid,fulfilled,2026-08-20 18:33:00 +0100,Shopify Payments,22.5,0,3.95,4.41,26.45,0,18.75,3.291666666666667,4.408333333333333
#33881,2026-08,counted,paid,fulfilled,2026-08-20 18:56:00 +0100,Shopify Payments,30,0,3.95,5.66,33.95,0,25,3.291666666666667,5.658333333333334
#33882,2026-08,counted,paid,fulfilled,2026-08-20 19:06:00 +0100,Shopify Payments,53,0,0,8.83,53,0,44.16666666666667,0,8.833333333333336
#33883,2026-08,counted,paid,fulfilled,2026-08-20 19:31:00 +0100,Shopify Payments,101,0,0,16.83,101,0,84.16666666666667,0,16.83333333333334
#33884,2026-08,counted,paid,fulfilled,2026-08-20 19:33:00 +0100,PayPal Express Checkout,15,0,3.95,3.16,18.95,0,12.5,3.291666666666667,3.158333333333334
#33885,2026-08,counted,paid,fulfilled,2026-08-20 19:45:00 +0100,Shopify Payments,38,0,3.95,6.99,41.95,0,31.66666666666667,3.291666666666667,6.991666666666667
#33886,2026-08,counted,paid,fulfilled,2026-08-20 20:17:00 +0100,Shopify Payments,36,0,3.95,6.66,39.95,0,30,3.291666666666667,6.658333333333334
#33887,2026-08,counted,paid,fulfilled,2026-08-20 20:17:00 +0100,Shopify Payments,7.5,0,3.95,1.91,11.45,0,6.25,3.291666666666667,1.908333333333333
#33888,2026-08,counted,paid,fulfilled,2026-08-20 20:25:00 +0100,Shopify Payments,19,0,3.95,3.83,22.95,0,15.83333333333333,3.291666666666667,3.825
#33889,2026-08,counted,paid,fulfilled,2026-08-20 20:53:00 +0100,Shopify Payments,17,0,3.95,3.49,20.95,0,14.16666666666667,3.291666666666667,3.491666666666667
#33890,2026-08,counted,paid,fulfilled,2026-08-20 21:00:00 +0100,Shopify Payments,70,0,0,11.67,70,0,58.33333333333334,0,11.66666666666667
#33891,2026-08,counted,paid,fulfilled,2026-08-20 21:24:00 +0100,Shopify Payments,305,0,0,50.83,305,0,254.1666666666667,0,50.83333333333334
#33892,2026-08,counted,paid,fulfilled,2026-08-20 21:45:00 +0100,Shopify Payments,15,0,3.95,3.16,18.95,0,12.5,3.291666666666667,3.158333333333334
#33893,2026-08,counted,paid,fulfilled,2026-08-20 21:53:00 +0100,Shopify Payments,16,0,3.95,3.33,19.95,0,13.33333333333333,3.291666666666667,3.325
#33894,2026-08,counted,paid,fulfilled,2026-08-20 22:33:00 +0100,Shopify Payments,32,0,3.95,5.99,35.95,0,26.66666666666667,3.291666666666667,5.991666666666668
#33895,2026-08,counted,paid,fulfilled,2026-08-20 22:36:00 +0100,Shopify Payments,144,0,0,24,144,0,120,0,24
#33896,2026-08,counted,paid,fulfilled,2026-08-20 22:53:00 +0100,Shopify Payments,17,0,3.95,3.49,20.95,0,14.16666666666667,3.291666666666667,3.491666666666667
#33897,2026-08,counted,paid,fulfilled,2026-08-21 07:20:00 +0100,Shopify Payments,56,0,0,9.33,56,0,46.66666666666667,0,9.333333333333334
#33898,2026-08,counted,paid,fulfilled,2026-08-21 07:35:00 +0100,Shopify Payments,79,0,0,13.17,79,0,65.83333333333334,0,13.16666666666667
#33899,2026-08,counted,paid,fulfilled,2026-08-21 08:01:00 +0100,Shopify Payments,24,0,3.95,4.66,27.95,0,20,3.291666666666667,4.658333333333333
#33900,2026-08,counted,paid,fulfilled,2026-08-21 08:08:00 +0100,Shopify Payments,SUMMER10,106,10.6,0,15.9,95.40000000000001,0,79.50000000000001,0,15.9
#33901,2026-08,counted,paid,fulfilled,2026-08-21 08:23:00 +0100,PayPal Express Checkout,237,0,0,39.5,237,0,197.5,0,39.50000000000001
#33902,2026-08,counted,paid,fulfilled,2026-08-21 08:40:00 +0100,Shopify Payments,45,0,3.95,8.16,48.95,0,37.5,3.291666666666667,8.158333333333335
#33903,2026-08,counted,paid,fulfilled,2026-08-21 09:09:00 +0100,Shopify Payments,25,0,3.95,4.83,28.95,0,20.83333333333334,3.291666666666667,4.825
#33904,2026-08,counted,paid,fulfilled,2026-08-21 09:46:00 +0100,Shopify Payments,30,0,3.95,5.66,33.95,0,25,3.291666666666667,5.658333333333334
#33905,2026-08,counted,paid,fulfilled,2026-08-21 10:17:00 +0100,"Gift card, Shopify Payments",63.5,0,0,10.58,63.5,0,52.91666666666667,0,10.58333333333333
#33906,2026-08,counted,paid,fulfilled,2026-08-21 10:53:00 +0100,Shopify Payments,SUMMER10,72,7.2,0,10.8,64.8,0,54,0,10.8
#33907,2026-08,counted,paid,fulfilled,2026-08-21 10:53:00 +0100,Shopify Payments,96,0,0,16,96,0,80,0,16
#33908,2026-08,counted,paid,fulfilled,2026-08-21 11:02:00 +0100,Shopify Payments,30,0,3.95,5.66,33.95,0,25,3.291666666666667,5.658333333333334
#33909,2026-08,counted,paid,fulfilled,2026-08-21 11:25:00 +0100,Shopify Payments,11,0,3.95,2.49,14.95,0,9.166666666666668,3.291666666666667,2.491666666666667
#33910,2026-08,counted,paid,fulfilled,2026-08-21 11:33:00 +0100,Shopify Payments,28,0,3.95,5.33,31.95,0,23.33333333333334,3.291666666666667,5.325000000000001
#33911,2026-08,counted,paid,fulfilled,2026-08-21 11:35:00 +0100,Shopify Payments,22,0,3.95,4.33,25.95,0,18.33333333333334,3.291666666666667,4.325
#33912,2026-08,counted,paid,fulfilled,2026-08-21 11:41:00 +0100,Shopify Payments,SUMMER10,96,9.6,0,14.4,86.40000000000001,0,72.00000000000001,0,14.4
#33913,2026-08,counted,paid,fulfilled,2026-08-21 11:56:00 +0100,Shopify Payments,54,0,0,9,54,0,45,0,9.000000000000002
#33914,2026-08,counted,paid,fulfilled,2026-08-21 11:57:00 +0100,PayPal Express Checkout,SUMMER10,102,10.2,0,15.3,91.8,0,76.5,0,15.3
#33915,2026-08,counted,paid,fulfilled,2026-08-21 12:53:00 +0100,Shopify Payments,9.6,0,3.95,2.26,13.55,0,8,3.291666666666667,2.258333333333334
#33916,2026-08,pre-order (not shipped),paid,unfulfilled,2026-08-21 12:56:00 +0100,Shopify Payments,pre-order,161,0,0,26.83,161,0,134.1666666666667,0,26.83333333333334
#33917,2026-08,counted,paid,fulfilled,2026-08-21 14:43:00 +0100,Shopify Payments,SUMMER10,36,3.6,3.95,6.06,36.35,0,27,3.291666666666667,6.058333333333334
#33918,2026-08,counted,paid,fulfilled,2026-08-21 14:54:00 +0100,Shopify Payments,115,0,0,19.17,115,0,95.83333333333334,0,19.16666666666667
#33919,2026-08,counted,paid,fulfilled,2026-08-21 15:06:00 +0100,Shopify Payments,140,0,0,23.33,140,0,116.6666666666667,0,23.33333333333334
#33920,2026-08,counted,paid,fulfilled,2026-08-21 15:12:00 +0100,Shopify Payments,83,0,0,13.83,83,0,69.16666666666667,0,13.83333333333334
#33921,2026-08,counted,paid,fulfilled,2026-08-21 15:14:00 +0100,Shopify Payments,198,0,0,33,198,0,165,0,33
#33922,2026-08,counted,paid,fulfilled,2026-08-21 15:22:00 +0100,Shopify Payments,SUMMER10,91,9.1,0,13.65,81.90000000000001,0,68.25000000000001,0,13.65
#33923,2026-08,counted,paid,fulfilled,2026-08-21 15:52:00 +0100,Shopify Payments,103,0,0,17.17,103,0,85.83333333333334,0,17.16666666666667
#33924,2026-08,counted,paid,fulfilled,2026-08-21 15:55:00 +0100,Shopify Payments,SUMMER10,17,1.7,3.95,3.21,19.25,0,12.75,3.291666666666667,3.208333333333333
#33925,2026-08,counted,paid,fulfilled,2026-08-21 16:27:00 +0100,Shopify Payments,98,0,0,16.33,98,0,81.66666666666667,0,16.33333333333334
#33926,2026-08,counted,paid,fulfilled,2026-08-21 16:49:00 +0100,Shopify Payments,7.5,0,3.95,1.91,11.45,0,6.25,3.291666666666667,1.908333333333333
#33927,2026-08,counted,paid,fulfilled,2026-08-21 16:50:00 +0100,Shopify Payments,99,0,0,16.5,99,0,82.5,0,16.5
#33928,2026-08,counted,paid,fulfilled,2026-08-21 16:57:00 +0100,Gift card,22,0,3.95,4.33,25.95,0,18.33333333333334,3.291666666666667,4.325
#33929,2026-08,counted,paid,fulfilled,2026-08-21 17:01:00 +0100,Shopify Payments,149,0,0,24.83,149,0,124.1666666666667,0,24.83333333333334
#33930,2026-08,counted,paid,fulfilled,2026-08-21 17:05:00 +0100,Shopify Payments,68,0,0,11.33,68,0,56.66666666666667,0,11.33333333333334
#33931,2026-08,counted,paid,fulfilled,2026-08-21 17:22:00 +0100,PayPal Express Checkout,32,0,3.95,5.99,35.95,0,26.66666666666667,3.291666666666667,5.991666666666668
#33932,2026-08,counted,paid,fulfilled,2026-08-21 17:31:00 +0100,Shopify Payments,58,0,0,9.67,58,0,48.33333333333334,0,9.666666666666668
#33933,2026-08,counted,paid,fulfilled,2026-08-21 17:37:00 +0100,PayPal Express Checkout,SUMMER10,114,11.4,0,17.1,102.6,0,85.5,0,17.1
#33934,2026-08,counted,paid,fulfilled,2026-08-21 17:40:00 +0100,Shopify Payments,47,0,3.95,8.49,50.95,0,39.16666666666667,3.291666666666667,8.491666666666669
#33935,2026-08,counted,paid,fulfilled,2026-08-21 18:10:00 +0100,Shopify Payments,39.5,0,3.95,7.24,43.45,0,32.91666666666667,3.291666666666667,7.241666666666668
#33936,2026-08,counted,paid,fulfilled,2026-08-21 18:27:00 +0100,Shopify Payments,108,0,0,18,108,0,90,0,18
#33937,2026-08,counted,paid,fulfilled,2026-08-21 18:54:00 +0100,Shopify Payments,24,0,3.95,4.66,27.95,0,20,3.291666666666667,4.658333333333333
#33938,2026-08,counted,paid,fulfilled,2026-08-21 20:00:00 +0100,Shopify Payments,46,0,3.95,8.33,49.95,0,38.33333333333334,3.291666666666667,8.325000000000003
#33939,2026-08,counted,paid,fulfilled,2026-08-21 20:06:00 +0100,Shopify Payments,170,0,0,28.33,170,0,141.6666666666667,0,28.33333333333334
#33940,2026-08,counted,paid,fulfilled,2026-08-21 20:12:00 +0100,PayPal Express Checkout,24,0,3.95,4.66,27.95,0,20,3.291666666666667,4.658333333333333
#33941,2026-08,counted,paid,fulfilled,2026-08-21 20:31:00 +0100,Shopify Payments,14,0,3.95,2.99,17.95,0,11.66666666666667,3.291666666666667,2.991666666666667
#33942,2026-08,counted,paid,fulfilled,2026-08-21 20:38:00 +0100,PayPal Express Checkout,11,0,3.95,2.49,14.95,0,9.166666666666668,3.291666666666667,2.491666666666667
#33943,2026-08,counted,paid,fulfilled,2026-08-21 21:23:00 +0100,Shopify Payments,32,0,3.95,5.99,35.95,0,26.66666666666667,3.291666666666667,5.991666666666668
#33944,2026-08,counted,paid,fulfilled,2026-08-21 21:30:00 +0100,PayPal Express Checkout,127,0,0,21.17,127,0,105.8333333333333,0,21.16666666666667
#33945,2026-08,counted,paid,fulfilled,2026-08-21 21:59:00 +0100,Shopify Payments,7.5,0,3.95,1.91,11.45,0,6.25,3.291666666666667,1.908333333333333
#33946,2026-08,counted,paid,fulfilled,2026-08-21 22:26:00 +0100,Shopify Payments,108,0,0,18,108,0,90,0,18
#33947,2026-08,counted,paid,fulfilled,2026-08-21 22:52:00 +0100,Shopify Payments,144,0,0,24,144,0,120,0,24
#33948,2026-08,counted,paid,fulfilled,2026-08-22 07:32:00 +0100,Shopify Payments,11,0,3.95,2.49,14.95,0,9.166666666666668,3.291666666666667,2.491666666666667
#33949,2026-08,counted,paid,fulfilled,2026-08-22 07:32:00 +0100,Shopify Payments,25,0,3.95,4.83,28.95,0,20.83333333333334,3.291666666666667,4.825
#33950,2026-08,counted,paid,fulfilled,2026-08-22 07:48:00 +0100,Shopify Payments,36,0,3.95,6.66,39.95,0,30,3.291666666666667,6.658333333333334
#33951,2026-08,counted,paid,fulfilled,2026-08-22 07:48:00 +0100,Shopify Payments,27,0,3.95,5.16,30.95,0,22.5,3.291666666666667,5.158333333333334
#33952,2026-08,counted,paid,fulfilled,2026-08-22 08:05:00 +0100,Shopify Payments,60,0,0,10,60,0,50,0,10
#33953,2026-08,counted,paid,fulfilled,2026-08-22 08:07:00 +0100,Shopify Payments,19,0,3.95,3.83,22.95,0,15.83333333333333,3.291666666666667,3.825
#33954,2026-08,counted,paid,fulfilled,2026-08-22 08:29:00 +0100,Shopify Payments,28.8,0,3.95,5.46,32.75,0,24,3.291666666666667,5.458333333333334
#33955,2026-08,counted,paid,fulfilled,2026-08-22 09:07:00 +0100,Shopify Payments,15,0,3.95,3.16,18.95,0,12.5,3.291666666666667,3.158333333333334
#33956,2026-08,counted,paid,fulfilled,2026-08-22 09:13:00 +0100,Shopify Payments,19,0,3.95,3.83,22.95,0,15.83333333333333,3.291666666666667,3.825
#33957,2026-08,counted,paid,fulfilled,2026-08-22 09:30:00 +0100,Shopify Payments,46,0,3.95,8.33,49.95,0,38.33333333333334,3.291666666666667,8.325000000000003
#33958,2026-08,counted,paid,fulfilled,2026-08-22 09:32:00 +0100,PayPal Express Checkout,18,0,3.95,3.66,21.95,0,15,3.291666666666667,3.658333333333333
#33959,2026-08,counted,paid,fulfilled,2026-08-22 09:47:00 +0100,Shopify Payments,SUMMER10,14,1.4,3.95,2.76,16.55,0,10.5,3.291666666666667,2.758333333333334
#33960,2026-08,counted,paid,fulfilled,2026-08-22 09:47:00 +0100,Shopify Payments,21,0,3.95,4.16,24.95,0,17.5,3.291666666666667,4.158333333333334
#33961,2026-08,counted,paid,fulfilled,2026-08-22 09:57:00 +0100,Shopify Payments,35,0,3.95,6.49,38.95,0,29.16666666666667,3.291666666666667,6.491666666666668
#33962,2026-08,counted,paid,fulfilled,2026-08-22 10:33:00 +0100,Shopify Payments,138,0,0,23,138,0,115,0,23
#33963,2026-08,counted,paid,fulfilled,2026-08-22 10:40:00 +0100,Shopify Payments,56,0,0,9.33,56,0,46.66666666666667,0,9.333333333333334
#33964,2026-08,counted,paid,fulfilled,2026-08-22 10:41:00 +0100,Shopify Payments,41,0,3.95,7.49,44.95,0,34.16666666666667,3.291666666666667,7.491666666666667
#33965,2026-08,pre-order (not shipped),paid,unfulfilled,2026-08-22 10:49:00 +0100,Shopify Payments,pre-order,45,0,3.95,8.16,48.95,0,37.5,3.291666666666667,8.158333333333335
#33966,2026-08,counted,paid,fulfilled,2026-08-22 10:51:00 +0100,Shopify Payments,32,0,3.95,5.99,35.95,0,26.66666666666667,3.291666666666667,5.991666666666668
#33967,2026-08,counted,paid,fulfilled,2026-08-22 10:54:00 +0100,Shopify Payments,50,0,0,8.33,50,0,41.66666666666667,0,8.333333333333334
#33968,2026-08,counted,paid,fulfilled,2026-08-22 10:55:00 +0100,Shopify Payments,63,0,0,10.5,63,0,52.5,0,10.5
#33969,2026-08,counted,paid,fulfilled,2026-08-22 10:55:00 +0100,Shopify Payments,76,0,0,12.67,76,0,63.33333333333334,0,12.66666666666667
#33970,2026-08,counted,paid,fulfilled,2026-08-22 11:37:00 +0100,Shopify Payments,30,0,3.95,5.66,33.95,0,25,3.291666666666667,5.658333333333334
#33971,2026-08,counted,paid,fulfilled,2026-08-22 11:37:00 +0100,Shopify Payments,22,0,3.95,4.33,25.95,0,18.33333333333334,3.291666666666667,4.325
#33972,2026-08,counted,paid,fulfilled,2026-08-22 11:40:00 +0100,Shopify Payments,20,0,3.95,3.99,23.95,0,16.66666666666667,3.291666666666667,3.991666666666667
#33973,2026-08,counted,paid,fulfilled,2026-08-22 11:58:00 +0100,Shopify Payments,35,0,3.95,6.49,38.95,0,29.16666666666667,3.291666666666667,6.491666666666668
#33974,2026-08,counted,paid,fulfilled,2026-08-22 12:14:00 +0100,Shopify Payments,146,0,0,24.33,146,0,121.6666666666667,0,24.33333333333334
#33975,2026-08,counted,paid,fulfilled,2026-08-22 12:34:00 +0100,Shopify Payments,64,0,0,10.67,64,0,53.33333333333334,0,10.66666666666667
#33976,2026-08,counted,paid,fulfilled,2026-08-22 12:36:00 +0100,Shopify Payments,36,0,3.95,6.66,39.95,0,30,3.291666666666667,6.658333333333334
#33977,2026-08,counted,paid,fulfilled,2026-08-22 12:45:00 +0100,PayPal Express Checkout,59,0,0,9.83,59,0,49.16666666666667,0,9.833333333333334
#33978,2026-08,counted,paid,fulfilled,2026-08-22 14:06:00 +0100,Shopify Payments,80,0,0,13.33,80,0,66.66666666666667,0,13.33333333333333
#33979,2026-08,counted,paid,fulfilled,2026-08-22 14:30:00 +0100,Shopify Payments,29,0,3.95,5.49,32.95,0,24.16666666666667,3.291666666666667,5.491666666666667
#33980,2026-08,counted,paid,fulfilled,2026-08-22 14:55:00 +0100,Shopify Payments,SUMMER10,36,3.6,3.95,6.06,36.35,0,27,3.291666666666667,6.058333333333334
#33981,2026-08,counted,paid,fulfilled,2026-08-22 15:22:00 +0100,Shopify Payments,66,0,0,11,66,0,55,0,11
#33982,2026-08,counted,paid,fulfilled,2026-08-22 15:30:00 +0100,Shopify Payments,SUMMER10,36,3.6,3.95,6.06,36.35,0,27,3.291666666666667,6.058333333333334
#33983,2026-08,counted,paid,fulfilled,2026-08-22 15:35:00 +0100,Shopify Payments,38,0,3.95,6.99,41.95,0,31.66666666666667,3.291666666666667,6.991666666666667
#33984,2026-08,counted,paid,fulfilled,2026-08-22 15:35:00 +0100,Shopify Payments,177,0,0,29.5,177,0,147.5,0,29.5
#33985,2026-08,pre-order (not shipped),paid,unfulfilled,2026-08-22 16:12:00 +0100,Shopify Payments,pre-order,SUMMER10,30,3,3.95,5.16,30.95,0,22.5,3.291666666666667,5.158333333333334
#33986,2026-08,counted,paid,fulfilled,2026-08-22 16:15:00 +0100,PayPal Express Checkout,22,0,3.95,4.33,25.95,0,18.33333333333334,3.291666666666667,4.325
#33987,2026-08,counted,paid,fulfilled,2026-08-22 16:16:00 +0100,Shopify Payments,18,0,3.95,3.66,21.95,0,15,3.291666666666667,3.658333333333333
#33988,2026-08,counted,paid,fulfilled,2026-08-22 16:30:00 +0100,Shopify Payments,237,0,0,39.5,237,0,197.5,0,39.50000000000001
#33989,2026-08,counted,paid,fulfilled,2026-08-22 16:33:00 +0100,Shopify Payments,54,0,0,9,54,0,45,0,9.000000000000002
#33990,2026-08,counted,paid,fulfilled,2026-08-22 16:45:00 +0100,Shopify Payments,26.5,0,3.95,5.08,30.45,0,22.08333333333334,3.291666666666667,5.075
#33991,2026-08,counted,paid,fulfilled,2026-08-22 17:14:00 +0100,Shopify Payments,72,0,0,12,72,0,60,0,12
#33992,2026-08,counted,paid,fulfilled,2026-08-22 17:15:00 +0100,Shopify Payments,108,0,0,18,108,0,90,0,18
#33993,2026-08,counted,paid,fulfilled,2026-08-22 17:31:00 +0100,"Gift card, Shopify Payments",12,0,3.95,2.66,15.95,0,10,3.291666666666667,2.658333333333333
#33994,2026-08,counted,paid,fulfilled,2026-08-22 18:24:00 +0100,Shopify Payments,36,0,3.95,6.66,39.95,0,30,3.291666666666667,6.658333333333334
#33995,2026-08,counted,paid,fulfilled,2026-08-22 18:32:00 +0100,Shopify Payments,WELCOME5,66,5,0,10.17,61,0,50.83333333333334,0,10.16666666666667
#33996,2026-08,counted,paid,fulfilled,2026-08-22 19:14:00 +0100,Shopify Payments,165,0,0,27.5,165,0,137.5,0,27.5
#33997,2026-08,counted,paid,fulfilled,2026-08-22 19:30:00 +0100,Shopify Payments,87,0,0,14.5,87,0,72.5,0,14.5
#33998,2026-08,counted,paid,fulfilled,2026-08-22 19:57:00 +0100,Shopify Payments,44,0,3.95,7.99,47.95,0,36.66666666666667,3.291666666666667,7.991666666666668
#33999,2026-08,counted,paid,fulfilled,2026-08-22 20:04:00 +0100,Shopify Payments,49,0,3.95,8.83,52.95,0,40.83333333333334,3.291666666666667,8.825000000000001
#34000,2026-08,counted,paid,fulfilled,2026-08-22 20:06:00 +0100,Shopify Payments,100,0,0,16.67,100,0,83.33333333333334,0,16.66666666666667
#34001,2026-08,counted,paid,fulfilled,2026-08-22 20:38:00 +0100,Shopify Payments,56,0,0,9.33,56,0,46.66666666666667,0,9.333333333333334
#34002,2026-08,counted,paid,fulfilled,2026-08-22 20:51:00 +0100,Shopify Payments,WELCOME5,46,5,3.95,7.49,44.95,0,34.16666666666667,3.291666666666667,7.491666666666667
#34003,2026-08,counted,paid,fulfilled,2026-08-22 21:26:00 +0100,Shopify Payments,25,0,3.95,4.83,28.95,0,20.83333333333334,3.291666666666667,4.825
#34004,2026-08,counted,paid,fulfilled,2026-08-22 22:03:00 +0100,Shopify Payments,45,0,3.95,8.16,48.95,0,37.5,3.291666666666667,8.158333333333335
#34005,2026-08,counted,paid,fulfilled,2026-08-22 22:05:00 +0100,Shopify Payments,79.5,0,0,13.25,79.5,0,66.25,0,13.25
#34006,2026-08,counted,paid,fulfilled,2026-08-22 22:44:00 +0100,PayPal Express Checkout,84,0,0,14,84,0,70,0,14
#34007,2026-08,counted,paid,fulfilled,2026-08-22 22:46:00 +0100,Shopify Payments,15,0,3.95,3.16,18.95,0,12.5,3.291666666666667,3.158333333333334
#34008,2026-08,counted,paid,fulfilled,2026-08-22 22:54:00 +0100,Gift card,102,0,0,17,102,0,85,0,17
#34009,2026-08,counted,paid,fulfilled,2026-08-23 07:01:00 +0100,Shopify Payments,71,0,0,11.83,71,0,59.16666666666667,0,11.83333333333333
#34010,2026-08,counted,paid,fulfilled,2026-08-23 07:10:00 +0100,"Gift card, Shopify Payments",12,0,3.95,2.66,15.95,0,10,3.291666666666667,2.658333333333333
#34011,2026-08,counted,paid,fulfilled,2026-08-23 07:18:00 +0100,Shopify Payments,72,0,0,12,72,0,60,0,12
#34012,2026-08,counted,paid,fulfilled,2026-08-23 08:10:00 +0100,PayPal Express Checkout,SUMMER10,19,1.9,3.95,3.51,21.05,0,14.25,3.291666666666667,3.508333333333333
#34013,2026-08,counted,paid,fulfilled,2026-08-23 08:24:00 +0100,Shopify Payments,51,0,0,8.5,51,0,42.5,0,8.500000000000002
#34014,2026-08,counted,paid,fulfilled,2026-08-23 08:52:00 +0100,Shopify Payments,76,0,0,12.67,76,0,63.33333333333334,0,12.66666666666667
#34015,2026-08,counted,paid,fulfilled,2026-08-23 08:57:00 +0100,Shopify Payments,19,0,3.95,3.83,22.95,0,15.83333333333333,3.291666666666667,3.825
#34016,2026-08,counted,paid,fulfilled,2026-08-23 08:59:00 +0100,Shopify Payments,21,0,3.95,4.16,24.95,0,17.5,3.291666666666667,4.158333333333334
#34017,2026-08,counted,paid,fulfilled,2026-08-23 09:17:00 +0100,Gift card,15,0,3.95,3.16,18.95,0,12.5,3.291666666666667,3.158333333333334
#34018,2026-08,counted,paid,fulfilled,2026-08-23 09:57:00 +0100,Shopify Payments,12,0,3.95,2.66,15.95,0,10,3.291666666666667,2.658333333333333
#34019,2026-08,counted,paid,fulfilled,2026-08-23 09:58:00 +0100,Shopify Payments,50,0,0,8.33,50,0,41.66666666666667,0,8.333333333333334
#34020,2026-08,counted,paid,fulfilled,2026-08-23 10:48:00 +0100,Shopify Payments,157.5,0,0,26.25,157.5,0,131.25,0,26.25
#34021,2026-08,pre-order (not shipped),paid,unfulfilled,2026-08-23 11:09:00 +0100,Shopify Payments,pre-order,36,0,3.95,6.66,39.95,0,30,3.291666666666667,6.658333333333334
#34022,2026-08,counted,paid,fulfilled,2026-08-23 11:36:00 +0100,Shopify Payments,82,0,0,13.67,82,0,68.33333333333334,0,13.66666666666667
#34023,2026-08,pre-order (not shipped),paid,unfulfilled,2026-08-23 12:00:00 +0100,Shopify Payments,pre-order,36,0,3.95,6.66,39.95,0,30,3.291666666666667,6.658333333333334
#34024,2026-08,counted,paid,fulfilled,2026-08-23 12:11:00 +0100,"Gift card, Shopify Payments",92,0,0,15.33,92,0,76.66666666666667,0,15.33333333333334
#34025,2026-08,counted,paid,fulfilled,2026-08-23 12:19:00 +0100,Shopify Payments,SUMMER10,31,3.1,3.95,5.31,31.85,0,23.25,3.291666666666667,5.308333333333334
#34026,2026-08,counted,paid,fulfilled,2026-08-23 12:53:00 +0100,Shopify Payments,WELCOME5,30,5,3.95,4.83,28.95,0,20.83333333333334,3.291666666666667,4.825
#34027,2026-08,counted,paid,fulfilled,2026-08-23 13:05:00 +0100,Gift card,51,0,0,8.5,51,0,42.5,0,8.500000000000002
#34028,2026-08,counted,paid,fulfilled,2026-08-23 13:06:00 +0100,Shopify Payments,12,0,3.95,2.66,15.95,0,10,3.291666666666667,2.658333333333333
#34029,2026-08,counted,paid,fulfilled,2026-08-23 13:09:00 +0100,Shopify Payments,73,0,0,12.17,73,0,60.83333333333334,0,12.16666666666667
#34030,2026-08,counted,paid,fulfilled,2026-08-23 13:24:00 +0100,Shopify Payments,26,0,3.95,4.99,29.95,0,21.66666666666667,3.291666666666667,4.991666666666667
#34031,2026-08,counted,paid,fulfilled,2026-08-23 13:34:00 +0100,Shopify Payments,9,0,3.95,2.16,12.95,0,7.5,3.291666666666667,2.158333333333333
#34032,2026-08,counted,paid,fulfilled,2026-08-23 13:43:00 +0100,Shopify Payments,74.5,0,0,12.42,74.5,0,62.08333333333334,0,12.41666666666667
#34033,2026-08,counted,paid,fulfilled,2026-08-23 14:17:00 +0100,Shopify Payments,59.5,0,0,9.92,59.5,0,49.58333333333334,0,9.916666666666668
#34034,2026-08,counted,paid,fulfilled,2026-08-23 15:08:00 +0100,Shopify Payments,139,0,0,23.17,139,0,115.8333333333333,0,23.16666666666667
#34035,2026-08,pre-order (not shipped),paid,unfulfilled,2026-08-23 15:26:00 +0100,Shopify Payments,pre-order,85,0,0,14.17,85,0,70.83333333333334,0,14.16666666666667
#34036,2026-08,counted,paid,fulfilled,2026-08-23 15:31:00 +0100,Shopify Payments,28,0,3.95,5.33,31.95,0,23.33333333333334,3.291666666666667,5.325000000000001
#34037,2026-08,counted,paid,fulfilled,2026-08-23 16:07:00 +0100,Shopify Payments,268,0,0,44.67,268,0,223.3333333333333,0,44.66666666666667
#34038,2026-08,counted,paid,fulfilled,2026-08-23 16:39:00 +0100,Shopify Payments,20,0,3.95,3.99,23.95,0,16.66666666666667,3.291666666666667,3.991666666666667
#34039,2026-08,counted,paid,fulfilled,2026-08-23 16:40:00 +0100,Shopify Payments,56,0,0,9.33,56,0,46.66666666666667,0,9.333333333333334
#34040,2026-08,counted,paid,fulfilled,2026-08-23 17:14:00 +0100,Gift card,SUMMER10,248,24.8,0,37.2,223.2,0,186,0,37.2
#34041,2026-08,counted,paid,fulfilled,2026-08-23 17:24:00 +0100,Shopify Payments,56,0,0,9.33,56,0,46.66666666666667,0,9.333333333333334
#34042,2026-08,pre-order (not shipped),paid,unfulfilled,2026-08-23 17:38:00 +0100,Shopify Payments,pre-order,65,0,0,10.83,65,0,54.16666666666667,0,10.83333333333333
#34043,2026-08,counted,paid,fulfilled,2026-08-23 17:44:00 +0100,Shopify Payments,7.5,0,3.95,1.91,11.45,0,6.25,3.291666666666667,1.908333333333333
#34044,2026-08,counted,paid,fulfilled,2026-08-23 18:28:00 +0100,Shopify Payments,49,0,3.95,8.83,52.95,0,40.83333333333334,3.291666666666667,8.825000000000001
#34045,2026-08,pre-order (not shipped),paid,unfulfilled,2026-08-23 18:34:00 +0100,Shopify Payments,pre-order,WELCOME5,66,5,0,10.17,61,0,50.83333333333334,0,10.16666666666667
#34046,2026-08,counted,paid,fulfilled,2026-08-23 18:39:00 +0100,Gift card,28,0,3.95,5.33,31.95,0,23.33333333333334,3.291666666666667,5.325000000000001
#34047,2026-08,counted,paid,fulfilled,2026-08-23 18:52:00 +0100,Shopify Payments,7.5,0,3.95,1.91,11.45,0,6.25,3.291666666666667,1.908333333333333
#34048,2026-08,counted,paid,fulfilled,2026-08-23 18:57:00 +0100,"Gift card, Shopify Payments",18,0,3.95,3.66,21.95,0,15,3.291666666666667,3.658333333333333
#34049,2026-08,counted,paid,fulfilled,2026-08-23 19:31:00 +0100,Shopify Payments,63,0,0,10.5,63,0,52.5,0,10.5
#34050,2026-08,counted,paid,fulfilled,2026-08-23 19:34:00 +0100,PayPal Express Checkout,14,0,3.95,2.99,17.95,0,11.66666666666667,3.291666666666667,2.991666666666667
#34051,2026-08,counted,paid,fulfilled,2026-08-23 20:37:00 +0100,Shopify Payments,41,0,3.95,7.49,44.95,0,34.16666666666667,3.291666666666667,7.491666666666667
#34052,2026-08,pre-order (not shipped),paid,unfulfilled,2026-08-23 20:57:00 +0100,Shopify Payments,pre-order,194.5,0,0,32.42,194.5,0,162.0833333333333,0,32.41666666666667
#34053,2026-08,counted,paid,fulfilled,2026-08-23 22:31:00 +0100,"Gift card, Shopify Payments",17,0,3.95,3.49,20.95,0,14.16666666666667,3.291666666666667,3.491666666666667
#34054,2026-08,counted,paid,fulfilled,2026-08-23 22:43:00 +0100,Shopify Payments,30,0,3.95,5.66,33.95,0,25,3.291666666666667,5.658333333333334
#34055,2026-08,counted,paid,fulfilled,2026-08-23 22:47:00 +0100,Shopify Payments,20,0,3.95,3.99,23.95,0,16.66666666666667,3.291666666666667,3.991666666666667
#34056,2026-08,counted,paid,fulfilled,2026-08-23 22:49:00 +0100,Shopify Payments,79,0,0,13.17,79,0,65.83333333333334,0,13.16666666666667
#34057,2026-08,counted,paid,fulfilled,2026-08-24 07:01:00 +0100,PayPal Express Checkout,55.5,0,0,9.25,55.5,0,46.25,0,9.250000000000002
#34058,2026-08,counted,paid,fulfilled,2026-08-24 07:11:00 +0100,Shopify Payments,123,0,0,20.5,123,0,102.5,0,20.5
#34059,2026-08,counted,paid,fulfilled,2026-08-24 07:30:00 +0100,Shopify Payments,57,0,0,9.5,57,0,47.5,0,9.5
#34060,2026-08,counted,paid,fulfilled,2026-08-24 07:35:00 +0100,Shopify Payments,49.5,0,3.95,8.91,53.45,0,41.25,3.291666666666667,8.908333333333335
#34061,2026-08,counted,paid,fulfilled,2026-08-24 07:51:00 +0100,Shopify Payments,44,0,3.95,7.99,47.95,0,36.66666666666667,3.291666666666667,7.991666666666668
#34062,2026-08,counted,paid,fulfilled,2026-08-24 07:57:00 +0100,Shopify Payments,34,0,3.95,6.33,37.95,0,28.33333333333334,3.291666666666667,6.325000000000001
#34063,2026-08,pre-order (not shipped),paid,unfulfilled,2026-08-24 08:10:00 +0100,Shopify Payments,pre-order,32,0,3.95,5.99,35.95,0,26.66666666666667,3.291666666666667,5.991666666666668
#34064,2026-08,counted,paid,fulfilled,2026-08-24 08:44:00 +0100,Shopify Payments,159,0,0,26.5,159,0,132.5,0,26.5
#34065,2026-08,counted,paid,fulfilled,2026-08-24 09:22:00 +0100,Shopify Payments,28,0,3.95,5.33,31.95,0,23.33333333333334,3.291666666666667,5.325000000000001
#34066,2026-08,counted,paid,fulfilled,2026-08-24 09:23:00 +0100,Shopify Payments,SUMMER10,47,4.7,3.95,7.71,46.25,0,35.25,3.291666666666667,7.708333333333334
#34067,2026-08,counted,paid,fulfilled,2026-08-24 09:38:00 +0100,Shopify Payments,72,0,0,12,72,0,60,0,12
#34068,2026-08,counted,paid,fulfilled,2026-08-24 10:09:00 +0100,Shopify Payments,89,0,0,14.83,89,0,74.16666666666667,0,14.83333333333333
#34069,2026-08,counted,paid,fulfilled,2026-08-24 10:11:00 +0100,Shopify Payments,SUMMER10,286,28.6,0,42.9,257.4,0,214.5,0,42.9
#34070,2026-08,counted,paid,fulfilled,2026-08-24 10:31:00 +0100,Shopify Payments,36,0,3.95,6.66,39.95,0,30,3.291666666666667,6.658333333333334
#34071,2026-08,counted,paid,fulfilled,2026-08-24 10:46:00 +0100,Shopify Payments,40,0,3.95,7.33,43.95,0,33.33333333333334,3.291666666666667,7.325000000000001
#34072,2026-08,counted,paid,fulfilled,2026-08-24 11:25:00 +0100,Shopify Payments,22,0,3.95,4.33,25.95,0,18.33333333333334,3.291666666666667,4.325
#34073,2026-08,counted,paid,fulfilled,2026-08-24 11:38:00 +0100,Shopify Payments,36,0,3.95,6.66,39.95,0,30,3.291666666666667,6.658333333333334
#34074,2026-08,counted,paid,fulfilled,2026-08-24 11:41:00 +0100,Shopify Payments,79,0,0,13.17,79,0,65.83333333333334,0,13.16666666666667
#34075,2026-08,counted,paid,fulfilled,2026-08-24 12:07:00 +0100,Shopify Payments,138,0,0,23,138,0,115,0,23
#34076,2026-08,counted,paid,fulfilled,2026-08-24 12:08:00 +0100,Shopify Payments,60,0,0,10,60,0,50,0,10
#34077,2026-08,counted,paid,fulfilled,2026-08-24 12:19:00 +0100,PayPal Express Checkout,SUMMER10,6,0.6,3.95,1.56,9.35,0,4.500000000000001,3.291666666666667,1.558333333333334
#34078,2026-08,counted,paid,fulfilled,2026-08-24 12:33:00 +0100,Shopify Payments,105,0,0,17.5,105,0,87.5,0,17.5
#34079,2026-08,counted,paid,fulfilled,2026-08-24 13:26:00 +0100,Shopify Payments,94,0,0,15.67,94,0,78.33333333333334,0,15.66666666666667
#34080,2026-08,counted,paid,fulfilled,2026-08-24 13:48:00 +0100,PayPal Express Checkout,52,0,0,8.67,52,0,43.33333333333334,0,8.666666666666668
#34081,2026-08,counted,paid,fulfilled,2026-08-24 13:54:00 +0100,Shopify Payments,58,0,0,9.67,58,0,48.33333333333334,0,9.666666666666668
#34082,2026-08,counted,paid,fulfilled,2026-08-24 13:58:00 +0100,Gift card,28,0,3.95,5.33,31.95,0,23.33333333333334,3.291666666666667,5.325000000000001
#34083,2026-08,counted,paid,fulfilled,2026-08-24 14:16:00 +0100,Shopify Payments,166,0,0,27.67,166,0,138.3333333333333,0,27.66666666666667
#34084,2026-08,counted,paid,fulfilled,2026-08-24 14:27:00 +0100,"Gift card, Shopify Payments",20,0,3.95,3.99,23.95,0,16.66666666666667,3.291666666666667,3.991666666666667
#34085,2026-08,counted,paid,fulfilled,2026-08-24 14:55:00 +0100,Shopify Payments,22,0,3.95,4.33,25.95,0,18.33333333333334,3.291666666666667,4.325
#34086,2026-08,counted,paid,fulfilled,2026-08-24 15:04:00 +0100,Shopify Payments,92,0,0,15.33,92,0,76.66666666666667,0,15.33333333333334
#34087,2026-08,counted,paid,fulfilled,2026-08-24 15:24:00 +0100,Shopify Payments,35,0,3.95,6.49,38.95,0,29.16666666666667,3.291666666666667,6.491666666666668
#34088,2026-08,counted,paid,fulfilled,2026-08-24 15:53:00 +0100,Shopify Payments,78,0,0,13,78,0,65,0,13
#34089,2026-08,counted,paid,fulfilled,2026-08-24 16:26:00 +0100,Shopify Payments,56,0,0,9.33,56,0,46.66666666666667,0,9.333333333333334
#34090,2026-08,counted,paid,fulfilled,2026-08-24 16:44:00 +0100,Shopify Payments,106,0,0,17.67,106,0,88.33333333333334,0,17.66666666666667
#34091,2026-08,counted,paid,fulfilled,2026-08-24 17:08:00 +0100,Shopify Payments,42,0,3.95,7.66,45.95,0,35,3.291666666666667,7.658333333333335
#34092,2026-08,counted,paid,fulfilled,2026-08-24 17:21:00 +0100,Shopify Payments,33,0,3.95,6.16,36.95,0,27.5,3.291666666666667,6.158333333333334
#34093,2026-08,counted,paid,fulfilled,2026-08-24 18:33:00 +0100,Shopify Payments,11,0,3.95,2.49,14.95,0,9.166666666666668,3.291666666666667,2.491666666666667
#34094,2026-08,pre-order (not shipped),paid,unfulfilled,2026-08-24 19:16:00 +0100,Shopify Payments,pre-order,36,0,3.95,6.66,39.95,0,30,3.291666666666667,6.658333333333334
#34095,2026-08,counted,paid,fulfilled,2026-08-24 19:43:00 +0100,Shopify Payments,78,0,0,13,78,0,65,0,13
#34096,2026-08,counted,paid,fulfilled,2026-08-24 20:15:00 +0100,Shopify Payments,66,0,0,11,66,0,55,0,11
#34097,2026-08,counted,paid,fulfilled,2026-08-24 20:25:00 +0100,Shopify Payments,40,0,3.95,7.33,43.95,0,33.33333333333334,3.291666666666667,7.325000000000001
#34098,2026-08,counted,paid,fulfilled,2026-08-24 20:46:00 +0100,Shopify Payments,140,0,0,23.33,140,0,116.6666666666667,0,23.33333333333334
#34099,2026-08,counted,paid,fulfilled,2026-08-24 21:18:00 +0100,Shopify Payments,SUMMER10,51,5.1,3.95,8.31,49.85,0,38.25,3.291666666666667,8.308333333333334
#34100,2026-08,counted,paid,fulfilled,2026-08-24 22:02:00 +0100,Shopify Payments,WELCOME5,58,5,0,8.83,53,0,44.16666666666667,0,8.833333333333336
#34101,2026-08,counted,paid,fulfilled,2026-08-24 22:10:00 +0100,Shopify Payments,SUMMER10,48,4.8,3.95,7.86,47.15,0,36.00000000000001,3.291666666666667,7.858333333333335
#34102,2026-08,counted,paid,fulfilled,2026-08-24 22:11:00 +0100,Shopify Payments,44,0,3.95,7.99,47.95,0,36.66666666666667,3.291666666666667,7.991666666666668
#34103,2026-08,counted,paid,fulfilled,2026-08-24 22:18:00 +0100,Shopify Payments,32.5,0,3.95,6.08,36.45,0,27.08333333333334,3.291666666666667,6.075000000000001
#34104,2026-08,pre-order (not shipped),paid,unfulfilled,2026-08-24 22:22:00 +0100,Shopify Payments,pre-order,12,0,3.95,2.66,15.95,0,10,3.291666666666667,2.658333333333333
#34105,2026-08,counted,paid,fulfilled,2026-08-24 22:23:00 +0100,Shopify Payments,22,0,3.95,4.33,25.95,0,18.33333333333334,3.291666666666667,4.325
#34106,2026-08,counted,paid,fulfilled,2026-08-24 22:34:00 +0100,Shopify Payments,42,0,3.95,7.66,45.95,0,35,3.291666666666667,7.658333333333335
#34107,2026-08,counted,paid,fulfilled,2026-08-24 22:36:00 +0100,Shopify Payments,40,0,3.95,7.33,43.95,0,33.33333333333334,3.291666666666667,7.325000000000001
#34108,2026-08,counted,paid,fulfilled,2026-08-25 07:08:00 +0100,Shopify Payments,43,0,3.95,7.83,46.95,0,35.83333333333334,3.291666666666667,7.825000000000001
#34109,2026-08,counted,paid,fulfilled,2026-08-25 07:12:00 +0100,Shopify Payments,16,0,3.95,3.33,19.95,0,13.33333333333333,3.291666666666667,3.325
#34110,2026-08,counted,paid,fulfilled,2026-08-25 07:14:00 +0100,Shopify Payments,7.5,0,3.95,1.91,11.45,0,6.25,3.291666666666667,1.908333333333333
#34111,2026-08,counted,paid,fulfilled,2026-08-25 07:18:00 +0100,Shopify Payments,20,0,3.95,3.99,23.95,0,16.66666666666667,3.291666666666667,3.991666666666667
#34112,2026-08,counted,paid,fulfilled,2026-08-25 07:32:00 +0100,Shopify Payments,116,0,0,19.33,116,0,96.66666666666667,0,19.33333333333334
#34113,2026-08,counted,paid,fulfilled,2026-08-25 07:35:00 +0100,Shopify Payments,WELCOME5,32,5,3.95,5.16,30.95,0,22.5,3.291666666666667,5.158333333333334
#34114,2026-08,counted,paid,fulfilled,2026-08-25 07:51:00 +0100,Shopify Payments,58,0,0,9.67,58,0,48.33333333333334,0,9.666666666666668
#34115,2026-08,counted,paid,fulfilled,2026-08-25 08:28:00 +0100,Shopify Payments,55,0,0,9.17,55,0,45.83333333333334,0,9.166666666666668
#34116,2026-08,counted,paid,fulfilled,2026-08-25 08:41:00 +0100,Shopify Payments,89,0,0,14.83,89,0,74.16666666666667,0,14.83333333333333
#34117,2026-08,counted,paid,fulfilled,2026-08-25 10:02:00 +0100,Shopify Payments,31.5,0,3.95,5.91,35.45,0,26.25,3.291666666666667,5.908333333333334
#34118,2026-08,counted,paid,fulfilled,2026-08-25 10:37:00 +0100,Shopify Payments,117,0,0,19.5,117,0,97.5,0,19.5
#34119,2026-08,counted,paid,fulfilled,2026-08-25 10:45:00 +0100,Shopify Payments,22,0,3.95,4.33,25.95,0,18.33333333333334,3.291666666666667,4.325
#34120,2026-08,counted,paid,fulfilled,2026-08-25 10:47:00 +0100,Shopify Payments,101,0,0,16.83,101,0,84.16666666666667,0,16.83333333333334
#34121,2026-08,counted,paid,fulfilled,2026-08-25 11:09:00 +0100,Gift card,21,0,3.95,4.16,24.95,0,17.5,3.291666666666667,4.158333333333334
#34122,2026-08,counted,paid,fulfilled,2026-08-25 11:22:00 +0100,Shopify Payments,12,0,3.95,2.66,15.95,0,10,3.291666666666667,2.658333333333333
#34123,2026-08,counted,paid,fulfilled,2026-08-25 11:38:00 +0100,Shopify Payments,28,0,3.95,5.33,31.95,0,23.33333333333334,3.291666666666667,5.325000000000001
#34124,2026-08,counted,paid,fulfilled,2026-08-25 11:44:00 +0100,Shopify Payments,106,0,0,17.67,106,0,88.33333333333334,0,17.66666666666667
#34125,2026-08,counted,paid,fulfilled,2026-08-25 11:58:00 +0100,PayPal Express Checkout,73,0,0,12.17,73,0,60.83333333333334,0,12.16666666666667
#34126,2026-08,counted,paid,fulfilled,2026-08-25 12:16:00 +0100,Gift card,237,0,0,39.5,237,0,197.5,0,39.50000000000001
#34127,2026-08,counted,paid,fulfilled,2026-08-25 12:39:00 +0100,Shopify Payments,SUMMER10,12,1.2,3.95,2.46,14.75,0,9.000000000000002,3.291666666666667,2.458333333333333
#34128,2026-08,pre-order (not shipped),paid,unfulfilled,2026-08-25 12:54:00 +0100,Shopify Payments,pre-order,45,0,3.95,8.16,48.95,0,37.5,3.291666666666667,8.158333333333335
#34129,2026-08,counted,paid,fulfilled,2026-08-25 13:06:00 +0100,PayPal Express Checkout,35,0,3.95,6.49,38.95,0,29.16666666666667,3.291666666666667,6.491666666666668
#34130,2026-08,counted,paid,fulfilled,2026-08-25 13:08:00 +0100,Shopify Payments,28,0,3.95,5.33,31.95,0,23.33333333333334,3.291666666666667,5.325000000000001
#34131,2026-08,counted,paid,fulfilled,2026-08-25 13:12:00 +0100,Shopify Payments,45,0,3.95,8.16,48.95,0,37.5,3.291666666666667,8.158333333333335
#34132,2026-08,counted,paid,fulfilled,2026-08-25 13:48:00 +0100,Shopify Payments,SUMMER10,48,4.8,3.95,7.86,47.15,0,36.00000000000001,3.291666666666667,7.858333333333335
#34133,2026-08,pre-order (not shipped),paid,unfulfilled,2026-08-25 14:39:00 +0100,Shopify Payments,pre-order,117,0,0,19.5,117,0,97.5,0,19.5
#34134,2026-08,counted,paid,fulfilled,2026-08-25 15:09:00 +0100,PayPal Express Checkout,34,0,3.95,6.33,37.95,0,28.33333333333334,3.291666666666667,6.325000000000001
#34135,2026-08,counted,paid,fulfilled,2026-08-25 15:22:00 +0100,Shopify Payments,38,0,3.95,6.99,41.95,0,31.66666666666667,3.291666666666667,6.991666666666667
#34136,2026-08,counted,paid,fulfilled,2026-08-25 15:50:00 +0100,Shopify Payments,66,0,0,11,66,0,55,0,11
#34137,2026-08,counted,partially_refunded,fulfilled,2026-08-25 15:50:00 +0100,Shopify Payments,SUMMER10,75,7.5,0,11.25,67.5,13.5,45,0,9.000000000000002
#34138,2026-08,pre-order (not shipped),paid,unfulfilled,2026-08-25 16:07:00 +0100,Shopify Payments,pre-order,70,0,0,11.67,70,0,58.33333333333334,0,11.66666666666667
#34139,2026-08,counted,paid,fulfilled,2026-08-25 16:20:00 +0100,Shopify Payments,SUMMER10,7.5,0.75,3.95,1.78,10.7,0,5.625,3.291666666666667,1.783333333333333
#34140,2026-08,counted,paid,fulfilled,2026-08-25 17:06:00 +0100,Shopify Payments,64,0,0,10.67,64,0,53.33333333333334,0,10.66666666666667
#34141,2026-08,counted,paid,fulfilled,2026-08-25 17:08:00 +0100,Shopify Payments,60,0,0,10,60,0,50,0,10
#34142,2026-08,counted,paid,fulfilled,2026-08-25 17:08:00 +0100,PayPal Express Checkout,45,0,3.95,8.16,48.95,0,37.5,3.291666666666667,8.158333333333335
#34143,2026-08,counted,paid,fulfilled,2026-08-25 17:35:00 +0100,Shopify Payments,24,0,3.95,4.66,27.95,0,20,3.291666666666667,4.658333333333333
#34144,2026-08,counted,paid,fulfilled,2026-08-25 17:50:00 +0100,Shopify Payments,112,0,0,18.67,112,0,93.33333333333334,0,18.66666666666667
#34145,2026-08,counted,paid,fulfilled,2026-08-25 17:50:00 +0100,Shopify Payments,103,0,0,17.17,103,0,85.83333333333334,0,17.16666666666667
#34146,2026-08,counted,paid,fulfilled,2026-08-25 17:54:00 +0100,Shopify Payments,SUMMER10,12,1.2,3.95,2.46,14.75,0,9.000000000000002,3.291666666666667,2.458333333333333
#34147,2026-08,counted,paid,fulfilled,2026-08-25 17:57:00 +0100,Shopify Payments,SUMMER10,16,1.6,3.95,3.06,18.35,0,12,3.291666666666667,3.058333333333334
#34148,2026-08,counted,paid,fulfilled,2026-08-25 18:30:00 +0100,Shopify Payments,SUMMER10,24,2.4,3.95,4.26,25.55,0,18,3.291666666666667,4.258333333333334
#34149,2026-08,counted,paid,fulfilled,2026-08-25 18:33:00 +0100,Shopify Payments,72,0,0,12,72,0,60,0,12
#34150,2026-08,counted,paid,fulfilled,2026-08-25 18:38:00 +0100,Shopify Payments,62,0,0,10.33,62,0,51.66666666666667,0,10.33333333333333
#34151,2026-08,counted,paid,fulfilled,2026-08-25 18:46:00 +0100,Shopify Payments,120,0,0,20,120,0,100,0,20
#34152,2026-08,counted,paid,fulfilled,2026-08-25 19:01:00 +0100,Shopify Payments,108,0,0,18,108,0,90,0,18
#34153,2026-08,counted,paid,fulfilled,2026-08-25 19:11:00 +0100,Shopify Payments,72,0,0,12,72,0,60,0,12
#34154,2026-08,counted,paid,fulfilled,2026-08-25 19:13:00 +0100,Shopify Payments,185,0,0,30.83,185,0,154.1666666666667,0,30.83333333333334
#34155,2026-08,counted,paid,fulfilled,2026-08-25 19:38:00 +0100,Shopify Payments,115.5,0,0,19.25,115.5,0,96.25,0,19.25
#34156,2026-08,counted,paid,fulfilled,2026-08-25 20:00:00 +0100,Shopify Payments,110.5,0,0,18.42,110.5,0,92.08333333333334,0,18.41666666666667
#34157,2026-08,counted,paid,fulfilled,2026-08-25 20:10:00 +0100,Shopify Payments,18,0,3.95,3.66,21.95,0,15,3.291666666666667,3.658333333333333
#34158,2026-08,counted,paid,fulfilled,2026-08-25 20:18:00 +0100,Shopify Payments,30,0,3.95,5.66,33.95,0,25,3.291666666666667,5.658333333333334
#34159,2026-08,counted,paid,fulfilled,2026-08-25 20:32:00 +0100,Shopify Payments,75,0,0,12.5,75,0,62.5,0,12.5
#34160,2026-08,counted,paid,fulfilled,2026-08-25 20:34:00 +0100,Shopify Payments,78.5,0,0,13.08,78.5,0,65.41666666666667,0,13.08333333333333
#34161,2026-08,pre-order (not shipped),paid,unfulfilled,2026-08-25 20:36:00 +0100,Shopify Payments,pre-order,141,0,0,23.5,141,0,117.5,0,23.5
#34162,2026-08,counted,paid,fulfilled,2026-08-25 20:53:00 +0100,Shopify Payments,21,0,3.95,4.16,24.95,0,17.5,3.291666666666667,4.158333333333334
#34163,2026-08,counted,paid,fulfilled,2026-08-25 21:06:00 +0100,PayPal Express Checkout,64.5,0,0,10.75,64.5,0,53.75,0,10.75
#34164,2026-08,counted,paid,fulfilled,2026-08-25 21:35:00 +0100,Shopify Payments,48,0,3.95,8.66,51.95,0,40,3.291666666666667,8.658333333333335
#34165,2026-08,counted,paid,fulfilled,2026-08-25 21:42:00 +0100,Shopify Payments,36,0,3.95,6.66,39.95,0,30,3.291666666666667,6.658333333333334
#34166,2026-08,counted,paid,fulfilled,2026-08-25 21:47:00 +0100,Shopify Payments,11,0,3.95,2.49,14.95,0,9.166666666666668,3.291666666666667,2.491666666666667
#34167,2026-08,counted,paid,fulfilled,2026-08-25 22:28:00 +0100,Shopify Payments,16,0,3.95,3.33,19.95,0,13.33333333333333,3.291666666666667,3.325
#34168,2026-08,counted,paid,fulfilled,2026-08-25 22:32:00 +0100,Shopify Payments,113.2,0,0,18.87,113.2,0,94.33333333333334,0,18.86666666666667
#34169,2026-08,counted,paid,fulfilled,2026-08-25 22:36:00 +0100,Shopify Payments,44,0,3.95,7.99,47.95,0,36.66666666666667,3.291666666666667,7.991666666666668
#34170,2026-08,counted,paid,fulfilled,2026-08-25 22:54:00 +0100,Shopify Payments,26,0,3.95,4.99,29.95,0,21.66666666666667,3.291666666666667,4.991666666666667
#34171,2026-08,counted,paid,fulfilled,2026-08-25 22:57:00 +0100,Shopify Payments,14,0,3.95,2.99,17.95,0,11.66666666666667,3.291666666666667,2.991666666666667
#34172,2026-08,counted,paid,fulfilled,2026-08-26 07:08:00 +0100,Shopify Payments,83,0,0,13.83,83,0,69.16666666666667,0,13.83333333333334
#34173,2026-08,counted,paid,fulfilled,2026-08-26 07:25:00 +0100,PayPal Express Checkout,169,0,0,28.17,169,0,140.8333333333333,0,28.16666666666667
#34174,2026-08,counted,paid,fulfilled,2026-08-26 07:36:00 +0100,Shopify Payments,52,0,0,8.67,52,0,43.33333333333334,0,8.666666666666668
#34175,2026-08,counted,paid,fulfilled,2026-08-26 07:51:00 +0100,Shopify Payments,70,0,0,11.67,70,0,58.33333333333334,0,11.66666666666667
#34176,2026-08,counted,paid,fulfilled,2026-08-26 07:56:00 +0100,Shopify Payments,60,0,0,10,60,0,50,0,10
#34177,2026-08,counted,paid,fulfilled,2026-08-26 09:11:00 +0100,Shopify Payments,26,0,3.95,4.99,29.95,0,21.66666666666667,3.291666666666667,4.991666666666667
#34178,2026-08,counted,paid,fulfilled,2026-08-26 09:18:00 +0100,PayPal Express Checkout,15,0,3.95,3.16,18.95,0,12.5,3.291666666666667,3.158333333333334
#34179,2026-08,counted,paid,fulfilled,2026-08-26 09:42:00 +0100,Shopify Payments,61,0,0,10.17,61,0,50.83333333333334,0,10.16666666666667
#34180,2026-08,counted,paid,fulfilled,2026-08-26 10:20:00 +0100,Shopify Payments,WELCOME5,132,5,0,21.17,127,0,105.8333333333333,0,21.16666666666667
#34181,2026-08,counted,paid,fulfilled,2026-08-26 10:28:00 +0100,Shopify Payments,137,0,0,22.83,137,0,114.1666666666667,0,22.83333333333334
#34182,2026-08,counted,paid,fulfilled,2026-08-26 10:33:00 +0100,Shopify Payments,71,0,0,11.83,71,0,59.16666666666667,0,11.83333333333333
#34183,2026-08,pre-order (not shipped),paid,unfulfilled,2026-08-26 10:35:00 +0100,Shopify Payments,pre-order,25,0,3.95,4.83,28.95,0,20.83333333333334,3.291666666666667,4.825
#34184,2026-08,pre-order (not shipped),paid,unfulfilled,2026-08-26 10:49:00 +0100,Shopify Payments,pre-order,56,0,0,9.33,56,0,46.66666666666667,0,9.333333333333334
#34185,2026-08,counted,paid,fulfilled,2026-08-26 11:10:00 +0100,Shopify Payments,SUMMER10,25,2.5,3.95,4.41,26.45,0,18.75,3.291666666666667,4.408333333333333
#34186,2026-08,counted,paid,fulfilled,2026-08-26 11:23:00 +0100,Shopify Payments,132,0,0,22,132,0,110,0,22
#34187,2026-08,counted,paid,fulfilled,2026-08-26 12:03:00 +0100,Shopify Payments,63,0,0,10.5,63,0,52.5,0,10.5
#34188,2026-08,counted,paid,fulfilled,2026-08-26 13:48:00 +0100,Shopify Payments,79.5,0,0,13.25,79.5,0,66.25,0,13.25
#34189,2026-08,counted,paid,fulfilled,2026-08-26 14:08:00 +0100,Shopify Payments,130,0,0,21.67,130,0,108.3333333333333,0,21.66666666666667
#34190,2026-08,pre-order (not shipped),paid,unfulfilled,2026-08-26 14:08:00 +0100,Shopify Payments,pre-order,69,0,0,11.5,69,0,57.5,0,11.5
#34191,2026-08,counted,paid,fulfilled,2026-08-26 14:13:00 +0100,Shopify Payments,175,0,0,29.17,175,0,145.8333333333333,0,29.16666666666667
#34192,2026-08,counted,paid,fulfilled,2026-08-26 14:25:00 +0100,Shopify Payments,14,0,3.95,2.99,17.95,0,11.66666666666667,3.291666666666667,2.991666666666667
#34193,2026-08,counted,paid,fulfilled,2026-08-26 14:57:00 +0100,Shopify Payments,119,0,0,19.83,119,0,99.16666666666667,0,19.83333333333334
#34194,2026-08,counted,paid,fulfilled,2026-08-26 15:30:00 +0100,Shopify Payments,159,0,0,26.5,159,0,132.5,0,26.5
#34195,2026-08,pre-order (not shipped),paid,unfulfilled,2026-08-26 16:06:00 +0100,Shopify Payments,pre-order,150,0,0,25,150,0,125,0,25
#34196,2026-08,counted,paid,fulfilled,2026-08-26 16:32:00 +0100,Shopify Payments,45,0,3.95,8.16,48.95,0,37.5,3.291666666666667,8.158333333333335
#34197,2026-08,counted,paid,fulfilled,2026-08-26 17:04:00 +0100,Shopify Payments,84,0,0,14,84,0,70,0,14
#34198,2026-08,counted,paid,fulfilled,2026-08-26 17:19:00 +0100,Shopify Payments,126,0,0,21,126,0,105,0,21
#34199,2026-08,counted,paid,fulfilled,2026-08-26 17:51:00 +0100,Shopify Payments,SUMMER10,26,2.6,3.95,4.56,27.35,0,19.5,3.291666666666667,4.558333333333334
#34200,2026-08,counted,paid,fulfilled,2026-08-26 18:05:00 +0100,Shopify Payments,269,0,0,44.83,269,0,224.1666666666667,0,44.83333333333334
#34201,2026-08,counted,paid,fulfilled,2026-08-26 18:06:00 +0100,Shopify Payments,122,0,0,20.33,122,0,101.6666666666667,0,20.33333333333334
#34202,2026-08,counted,paid,fulfilled,2026-08-26 18:28:00 +0100,Shopify Payments,30,0,3.95,5.66,33.95,0,25,3.291666666666667,5.658333333333334
#34203,2026-08,counted,paid,fulfilled,2026-08-26 18:30:00 +0100,Shopify Payments,151,0,0,25.17,151,0,125.8333333333333,0,25.16666666666667
#34204,2026-08,counted,paid,fulfilled,2026-08-26 18:58:00 +0100,Shopify Payments,90,0,0,15,90,0,75,0,15
#34205,2026-08,counted,paid,fulfilled,2026-08-26 19:17:00 +0100,Shopify Payments,84,0,0,14,84,0,70,0,14
#34206,2026-08,counted,paid,fulfilled,2026-08-26 19:20:00 +0100,Shopify Payments,36,0,3.95,6.66,39.95,0,30,3.291666666666667,6.658333333333334
#34207,2026-08,counted,paid,fulfilled,2026-08-26 19:27:00 +0100,Gift card,25,0,3.95,4.83,28.95,0,20.83333333333334,3.291666666666667,4.825
#34208,2026-08,counted,paid,fulfilled,2026-08-26 19:29:00 +0100,Shopify Payments,19,0,3.95,3.83,22.95,0,15.83333333333333,3.291666666666667,3.825
#34209,2026-08,counted,paid,fulfilled,2026-08-26 21:05:00 +0100,Shopify Payments,51,0,0,8.5,51,0,42.5,0,8.500000000000002
#34210,2026-08,counted,paid,fulfilled,2026-08-26 21:12:00 +0100,Shopify Payments,65.5,0,0,10.92,65.5,0,54.58333333333334,0,10.91666666666667
#34211,2026-08,counted,paid,fulfilled,2026-08-26 21:22:00 +0100,Shopify Payments,21,0,3.95,4.16,24.95,0,17.5,3.291666666666667,4.158333333333334
#34212,2026-08,counted,paid,fulfilled,2026-08-26 21:30:00 +0100,Shopify Payments,37,0,3.95,6.83,40.95,0,30.83333333333334,3.291666666666667,6.825000000000001
#34213,2026-08,counted,paid,fulfilled,2026-08-26 21:36:00 +0100,"Gift card, Shopify Payments",WELCOME5,24,5,3.95,3.83,22.95,0,15.83333333333333,3.291666666666667,3.825
#34214,2026-08,counted,paid,fulfilled,2026-08-26 21:40:00 +0100,Shopify Payments,78,0,0,13,78,0,65,0,13
#34215,2026-08,counted,paid,fulfilled,2026-08-26 21:55:00 +0100,Shopify Payments,SUMMER10,135,13.5,0,20.25,121.5,0,101.25,0,20.25
#34216,2026-08,counted,paid,fulfilled,2026-08-26 22:02:00 +0100,Shopify Payments,16,0,3.95,3.33,19.95,0,13.33333333333333,3.291666666666667,3.325
#34217,2026-08,counted,paid,fulfilled,2026-08-26 22:24:00 +0100,PayPal Express Checkout,155,0,0,25.83,155,0,129.1666666666667,0,25.83333333333334
#34218,2026-08,pre-order (not shipped),paid,unfulfilled,2026-08-26 22:34:00 +0100,Shopify Payments,pre-order,206,0,0,34.33,206,0,171.6666666666667,0,34.33333333333334
#34219,2026-08,counted,paid,fulfilled,2026-08-26 22:37:00 +0100,Gift card,53,0,0,8.83,53,0,44.16666666666667,0,8.833333333333336
#34220,2026-08,counted,paid,fulfilled,2026-08-26 22:49:00 +0100,"Gift card, Shopify Payments",18,0,3.95,3.66,21.95,0,15,3.291666666666667,3.658333333333333
#34221,2026-08,counted,paid,fulfilled,2026-08-26 22:58:00 +0100,Shopify Payments,18,0,3.95,3.66,21.95,0,15,3.291666666666667,3.658333333333333
#34222,2026-08,counted,paid,fulfilled,2026-08-27 07:04:00 +0100,Shopify Payments,99,0,0,16.5,99,0,82.5,0,16.5
#34223,2026-08,counted,paid,fulfilled,2026-08-27 07:15:00 +0100,Shopify Payments,59,0,0,9.83,59,0,49.16666666666667,0,9.833333333333334
#34224,2026-08,counted,paid,fulfilled,2026-08-27 07:15:00 +0100,Shopify Payments,80,0,0,13.33,80,0,66.66666666666667,0,13.33333333333333
#34225,2026-08,counted,paid,fulfilled,2026-08-27 07:30:00 +0100,Shopify Payments,9.6,0,3.95,2.26,13.55,0,8,3.291666666666667,2.258333333333334
#34226,2026-08,counted,paid,fulfilled,2026-08-27 08:08:00 +0100,Shopify Payments,158,0,0,26.33,158,0,131.6666666666667,0,26.33333333333334
#34227,2026-08,counted,paid,fulfilled,2026-08-27 08:44:00 +0100,Shopify Payments,SUMMER10,20,2,3.95,3.66,21.95,0,15,3.291666666666667,3.658333333333333
#34228,2026-08,pre-order (not shipped),paid,unfulfilled,2026-08-27 09:06:00 +0100,Shopify Payments,pre-order,25,0,3.95,4.83,28.95,0,20.83333333333334,3.291666666666667,4.825
#34229,2026-08,counted,paid,fulfilled,2026-08-27 09:37:00 +0100,Shopify Payments,47,0,3.95,8.49,50.95,0,39.16666666666667,3.291666666666667,8.491666666666669
#34230,2026-08,counted,paid,fulfilled,2026-08-27 09:48:00 +0100,Shopify Payments,111,0,0,18.5,111,0,92.5,0,18.5
#34231,2026-08,counted,paid,fulfilled,2026-08-27 09:52:00 +0100,Shopify Payments,97,0,0,16.17,97,0,80.83333333333334,0,16.16666666666667
#34232,2026-08,counted,paid,fulfilled,2026-08-27 09:59:00 +0100,Shopify Payments,79,0,0,13.17,79,0,65.83333333333334,0,13.16666666666667
#34233,2026-08,counted,paid,fulfilled,2026-08-27 11:01:00 +0100,Shopify Payments,51,0,0,8.5,51,0,42.5,0,8.500000000000002
#34234,2026-08,counted,paid,fulfilled,2026-08-27 11:01:00 +0100,PayPal Express Checkout,83,0,0,13.83,83,0,69.16666666666667,0,13.83333333333334
#34235,2026-08,counted,paid,fulfilled,2026-08-27 11:42:00 +0100,Shopify Payments,121,0,0,20.17,121,0,100.8333333333333,0,20.16666666666667
#34236,2026-08,counted,paid,fulfilled,2026-08-27 11:45:00 +0100,Shopify Payments,WELCOME5,60,5,0,9.17,55,0,45.83333333333334,0,9.166666666666668
#34237,2026-08,counted,paid,fulfilled,2026-08-27 12:03:00 +0100,Shopify Payments,36,0,3.95,6.66,39.95,0,30,3.291666666666667,6.658333333333334
#34238,2026-08,counted,paid,fulfilled,2026-08-27 12:05:00 +0100,PayPal Express Checkout,27,0,3.95,5.16,30.95,0,22.5,3.291666666666667,5.158333333333334
#34239,2026-08,counted,paid,fulfilled,2026-08-27 13:16:00 +0100,PayPal Express Checkout,120,0,0,20,120,0,100,0,20
#34240,2026-08,counted,paid,fulfilled,2026-08-27 13:43:00 +0100,Shopify Payments,45,0,3.95,8.16,48.95,0,37.5,3.291666666666667,8.158333333333335
#34241,2026-08,counted,paid,fulfilled,2026-08-27 13:51:00 +0100,Shopify Payments,118.2,0,0,19.7,118.2,0,98.5,0,19.7
#34242,2026-08,counted,paid,fulfilled,2026-08-27 15:04:00 +0100,Shopify Payments,39,0,3.95,7.16,42.95,0,32.5,3.291666666666667,7.158333333333335
#34243,2026-08,counted,paid,fulfilled,2026-08-27 15:10:00 +0100,Shopify Payments,63,0,0,10.5,63,0,52.5,0,10.5
#34244,2026-08,counted,paid,fulfilled,2026-08-27 15:13:00 +0100,PayPal Express Checkout,30,0,3.95,5.66,33.95,0,25,3.291666666666667,5.658333333333334
#34245,2026-08,counted,paid,fulfilled,2026-08-27 15:52:00 +0100,PayPal Express Checkout,52,0,0,8.67,52,0,43.33333333333334,0,8.666666666666668
#34246,2026-08,counted,paid,fulfilled,2026-08-27 16:33:00 +0100,Shopify Payments,160.5,0,0,26.75,160.5,0,133.75,0,26.75
#34247,2026-08,counted,paid,fulfilled,2026-08-27 16:48:00 +0100,PayPal Express Checkout,32,0,3.95,5.99,35.95,0,26.66666666666667,3.291666666666667,5.991666666666668
#34248,2026-08,counted,paid,fulfilled,2026-08-27 17:15:00 +0100,Shopify Payments,71.5,0,0,11.92,71.5,0,59.58333333333334,0,11.91666666666667
#34249,2026-08,counted,paid,fulfilled,2026-08-27 17:16:00 +0100,Shopify Payments,16,0,3.95,3.33,19.95,0,13.33333333333333,3.291666666666667,3.325
#34250,2026-08,counted,paid,fulfilled,2026-08-27 17:36:00 +0100,Shopify Payments,36,0,3.95,6.66,39.95,0,30,3.291666666666667,6.658333333333334
#34251,2026-08,counted,paid,fulfilled,2026-08-27 18:24:00 +0100,Gift card,90,0,0,15,90,0,75,0,15
#34252,2026-08,counted,paid,fulfilled,2026-08-27 18:48:00 +0100,Shopify Payments,9,0,3.95,2.16,12.95,0,7.5,3.291666666666667,2.158333333333333
#34253,2026-08,counted,paid,fulfilled,2026-08-27 19:03:00 +0100,Shopify Payments,15,0,3.95,3.16,18.95,0,12.5,3.291666666666667,3.158333333333334
#34254,2026-08,counted,paid,fulfilled,2026-08-27 19:13:00 +0100,Shopify Payments,93,0,0,15.5,93,0,77.5,0,15.5
#34255,2026-08,counted,paid,fulfilled,2026-08-27 19:14:00 +0100,Shopify Payments,86,0,0,14.33,86,0,71.66666666666667,0,14.33333333333333
#34256,2026-08,counted,paid,fulfilled,2026-08-27 19:24:00 +0100,PayPal Express Checkout,38,0,3.95,6.99,41.95,0,31.66666666666667,3.291666666666667,6.991666666666667
#34257,2026-08,counted,paid,fulfilled,2026-08-27 19:27:00 +0100,Shopify Payments,56,0,0,9.33,56,0,46.66666666666667,0,9.333333333333334
#34258,2026-08,counted,paid,fulfilled,2026-08-27 19:28:00 +0100,Shopify Payments,44,0,3.95,7.99,47.95,0,36.66666666666667,3.291666666666667,7.991666666666668
#34259,2026-08,counted,paid,fulfilled,2026-08-27 19:33:00 +0100,Gift card,33,0,3.95,6.16,36.95,0,27.5,3.291666666666667,6.158333333333334
#34260,2026-08,counted,paid,fulfilled,2026-08-27 19:35:00 +0100,Shopify Payments,14,0,3.95,2.99,17.95,0,11.66666666666667,3.291666666666667,2.991666666666667
#34261,2026-08,counted,paid,fulfilled,2026-08-27 20:01:00 +0100,Shopify Payments,33,0,3.95,6.16,36.95,0,27.5,3.291666666666667,6.158333333333334
#34262,2026-08,counted,paid,fulfilled,2026-08-27 20:03:00 +0100,Shopify Payments,131,0,0,21.83,131,0,109.1666666666667,0,21.83333333333334
#34263,2026-08,counted,paid,fulfilled,2026-08-27 20:04:00 +0100,Shopify Payments,SUMMER10,24,2.4,3.95,4.26,25.55,0,18,3.291666666666667,4.258333333333334
#34264,2026-08,counted,paid,fulfilled,2026-08-27 20:53:00 +0100,Shopify Payments,SUMMER10,70,7,0,10.5,63,0,52.5,0,10.5
#34265,2026-08,counted,paid,fulfilled,2026-08-27 21:12:00 +0100,Shopify Payments,26,0,3.95,4.99,29.95,0,21.66666666666667,3.291666666666667,4.991666666666667
#34266,2026-08,counted,paid,fulfilled,2026-08-27 22:06:00 +0100,Shopify Payments,30,0,3.95,5.66,33.95,0,25,3.291666666666667,5.658333333333334
#34267,2026-08,counted,paid,fulfilled,2026-08-27 22:30:00 +0100,PayPal Express Checkout,28,0,3.95,5.33,31.95,0,23.33333333333334,3.291666666666667,5.325000000000001
#34268,2026-08,pre-order (not shipped),paid,unfulfilled,2026-08-27 22:49:00 +0100,Shopify Payments,pre-order,48,0,3.95,8.66,51.95,0,40,3.291666666666667,8.658333333333335
#34269,2026-08,counted,paid,fulfilled,2026-08-28 07:51:00 +0100,Shopify Payments,SUMMER10,78,7.8,0,11.7,70.2,0,58.50000000000001,0,11.7
#34270,2026-08,counted,paid,fulfilled,2026-08-28 08:05:00 +0100,Shopify Payments,7.5,0,3.95,1.91,11.45,0,6.25,3.291666666666667,1.908333333333333
#34271,2026-08,counted,paid,fulfilled,2026-08-28 08:22:00 +0100,PayPal Express Checkout,21,0,3.95,4.16,24.95,0,17.5,3.291666666666667,4.158333333333334
#34272,2026-08,counted,paid,fulfilled,2026-08-28 08:30:00 +0100,Shopify Payments,25,0,3.95,4.83,28.95,0,20.83333333333334,3.291666666666667,4.825
#34273,2026-08,counted,paid,fulfilled,2026-08-28 09:15:00 +0100,Shopify Payments,212,0,0,35.33,212,0,176.6666666666667,0,35.33333333333334
#34274,2026-08,counted,paid,fulfilled,2026-08-28 09:26:00 +0100,Shopify Payments,45,0,3.95,8.16,48.95,0,37.5,3.291666666666667,8.158333333333335
#34275,2026-08,counted,paid,fulfilled,2026-08-28 09:44:00 +0100,Shopify Payments,84,0,0,14,84,0,70,0,14
#34276,2026-08,counted,paid,fulfilled,2026-08-28 09:53:00 +0100,Shopify Payments,24.5,0,3.95,4.74,28.45,0,20.41666666666667,3.291666666666667,4.741666666666667
#34277,2026-08,counted,paid,fulfilled,2026-08-28 09:53:00 +0100,Shopify Payments,51,0,0,8.5,51,0,42.5,0,8.500000000000002
#34278,2026-08,counted,paid,fulfilled,2026-08-28 11:18:00 +0100,Shopify Payments,9,0,3.95,2.16,12.95,0,7.5,3.291666666666667,2.158333333333333
#34279,2026-08,counted,paid,fulfilled,2026-08-28 11:50:00 +0100,Shopify Payments,79,0,0,13.17,79,0,65.83333333333334,0,13.16666666666667
#34280,2026-08,counted,paid,fulfilled,2026-08-28 12:09:00 +0100,Shopify Payments,66,0,0,11,66,0,55,0,11
#34281,2026-08,pre-order (not shipped),paid,unfulfilled,2026-08-28 12:15:00 +0100,Shopify Payments,pre-order,14,0,3.95,2.99,17.95,0,11.66666666666667,3.291666666666667,2.991666666666667
#34282,2026-08,counted,paid,fulfilled,2026-08-28 12:28:00 +0100,PayPal Express Checkout,19,0,3.95,3.83,22.95,0,15.83333333333333,3.291666666666667,3.825
#34283,2026-08,counted,paid,fulfilled,2026-08-28 12:33:00 +0100,Shopify Payments,76,0,0,12.67,76,0,63.33333333333334,0,12.66666666666667
#34284,2026-08,counted,paid,fulfilled,2026-08-28 12:34:00 +0100,Shopify Payments,285,0,0,47.5,285,0,237.5,0,47.5
#34285,2026-08,counted,paid,fulfilled,2026-08-28 12:38:00 +0100,Shopify Payments,SUMMER10,241,24.1,0,36.15,216.9,0,180.75,0,36.15000000000001
#34286,2026-08,counted,paid,fulfilled,2026-08-28 12:49:00 +0100,Shopify Payments,30,0,3.95,5.66,33.95,0,25,3.291666666666667,5.658333333333334
#34287,2026-08,pre-order (not shipped),paid,unfulfilled,2026-08-28 12:50:00 +0100,Shopify Payments,pre-order,SUMMER10,33,3.3,3.95,5.61,33.65,0,24.75,3.291666666666667,5.608333333333334
#34288,2026-08,counted,paid,fulfilled,2026-08-28 13:18:00 +0100,Shopify Payments,7.5,0,3.95,1.91,11.45,0,6.25,3.291666666666667,1.908333333333333
#34289,2026-08,counted,paid,fulfilled,2026-08-28 13:48:00 +0100,Shopify Payments,60,0,0,10,60,0,50,0,10
#34290,2026-08,counted,paid,fulfilled,2026-08-28 13:58:00 +0100,Shopify Payments,WELCOME5,21,5,3.95,3.33,19.95,0,13.33333333333333,3.291666666666667,3.325
#34291,2026-08,counted,paid,fulfilled,2026-08-28 14:07:00 +0100,Shopify Payments,110,0,0,18.33,110,0,91.66666666666667,0,18.33333333333334
#34292,2026-08,counted,paid,fulfilled,2026-08-28 14:07:00 +0100,Shopify Payments,21,0,3.95,4.16,24.95,0,17.5,3.291666666666667,4.158333333333334
#34293,2026-08,counted,paid,fulfilled,2026-08-28 14:37:00 +0100,Shopify Payments,33,0,3.95,6.16,36.95,0,27.5,3.291666666666667,6.158333333333334
#34294,2026-08,counted,paid,fulfilled,2026-08-28 14:44:00 +0100,Shopify Payments,48,0,3.95,8.66,51.95,0,40,3.291666666666667,8.658333333333335
#34295,2026-08,counted,paid,fulfilled,2026-08-28 14:45:00 +0100,Shopify Payments,50,0,0,8.33,50,0,41.66666666666667,0,8.333333333333334
#34296,2026-08,counted,paid,fulfilled,2026-08-28 14:59:00 +0100,Shopify Payments,130,0,0,21.67,130,0,108.3333333333333,0,21.66666666666667
#34297,2026-08,counted,paid,fulfilled,2026-08-28 15:22:00 +0100,Shopify Payments,16,0,3.95,3.33,19.95,0,13.33333333333333,3.291666666666667,3.325
#34298,2026-08,counted,paid,fulfilled,2026-08-28 16:20:00 +0100,Shopify Payments,26,0,3.95,4.99,29.95,0,21.66666666666667,3.291666666666667,4.991666666666667
#34299,2026-08,counted,paid,fulfilled,2026-08-28 16:32:00 +0100,PayPal Express Checkout,57,0,0,9.5,57,0,47.5,0,9.5
#34300,2026-08,counted,paid,fulfilled,2026-08-28 17:12:00 +0100,Shopify Payments,32,0,3.95,5.99,35.95,0,26.66666666666667,3.291666666666667,5.991666666666668
#34301,2026-08,counted,paid,fulfilled,2026-08-28 17:31:00 +0100,PayPal Express Checkout,71,0,0,11.83,71,0,59.16666666666667,0,11.83333333333333
#34302,2026-08,pre-order (not shipped),paid,unfulfilled,2026-08-28 17:47:00 +0100,Shopify Payments,pre-order,SUMMER10,50,5,3.95,8.16,48.95,0,37.5,3.291666666666667,8.158333333333335
#34303,2026-08,counted,paid,fulfilled,2026-08-28 17:57:00 +0100,Shopify Payments,51,0,0,8.5,51,0,42.5,0,8.500000000000002
#34304,2026-08,counted,paid,fulfilled,2026-08-28 18:01:00 +0100,Shopify Payments,72,0,0,12,72,0,60,0,12
#34305,2026-08,counted,paid,fulfilled,2026-08-28 18:08:00 +0100,Shopify Payments,82,0,0,13.67,82,0,68.33333333333334,0,13.66666666666667
#34306,2026-08,counted,paid,fulfilled,2026-08-28 18:09:00 +0100,Shopify Payments,19,0,3.95,3.83,22.95,0,15.83333333333333,3.291666666666667,3.825
#34307,2026-08,counted,paid,fulfilled,2026-08-28 18:12:00 +0100,Shopify Payments,32,0,3.95,5.99,35.95,0,26.66666666666667,3.291666666666667,5.991666666666668
#34308,2026-08,counted,paid,fulfilled,2026-08-28 18:38:00 +0100,Shopify Payments,28.8,0,3.95,5.46,32.75,0,24,3.291666666666667,5.458333333333334
#34309,2026-08,counted,paid,fulfilled,2026-08-28 18:41:00 +0100,Shopify Payments,100,0,0,16.67,100,0,83.33333333333334,0,16.66666666666667
#34310,2026-08,counted,paid,fulfilled,2026-08-28 18:55:00 +0100,PayPal Express Checkout,120,0,0,20,120,0,100,0,20
#34311,2026-08,counted,paid,fulfilled,2026-08-28 18:58:00 +0100,Shopify Payments,18.5,0,3.95,3.74,22.45,0,15.41666666666667,3.291666666666667,3.741666666666667
#34312,2026-08,pre-order (not shipped),paid,unfulfilled,2026-08-28 19:48:00 +0100,Shopify Payments,pre-order,9,0,3.95,2.16,12.95,0,7.5,3.291666666666667,2.158333333333333
#34313,2026-08,counted,paid,fulfilled,2026-08-28 19:52:00 +0100,PayPal Express Checkout,53,0,0,8.83,53,0,44.16666666666667,0,8.833333333333336
#34314,2026-08,counted,paid,fulfilled,2026-08-28 20:00:00 +0100,Shopify Payments,WELCOME5,95,5,0,15,90,0,75,0,15
#34315,2026-08,counted,paid,fulfilled,2026-08-28 20:02:00 +0100,Shopify Payments,WELCOME5,60,5,0,9.17,55,0,45.83333333333334,0,9.166666666666668
#34316,2026-08,pre-order (not shipped),paid,unfulfilled,2026-08-28 20:21:00 +0100,Shopify Payments,pre-order,120,0,0,20,120,0,100,0,20
#34317,2026-08,counted,paid,fulfilled,2026-08-28 20:29:00 +0100,Gift card,61,0,0,10.17,61,0,50.83333333333334,0,10.16666666666667
#34318,2026-08,counted,paid,fulfilled,2026-08-28 20:56:00 +0100,Shopify Payments,54,0,0,9,54,0,45,0,9.000000000000002
#34319,2026-08,counted,paid,fulfilled,2026-08-28 21:34:00 +0100,Shopify Payments,20,0,3.95,3.99,23.95,0,16.66666666666667,3.291666666666667,3.991666666666667
#34320,2026-08,counted,paid,fulfilled,2026-08-28 21:40:00 +0100,Shopify Payments,82,0,0,13.67,82,0,68.33333333333334,0,13.66666666666667
#34321,2026-08,counted,paid,fulfilled,2026-08-28 22:05:00 +0100,Shopify Payments,32,0,3.95,5.99,35.95,0,26.66666666666667,3.291666666666667,5.991666666666668
#34322,2026-08,counted,paid,fulfilled,2026-08-28 22:11:00 +0100,Shopify Payments,19,0,3.95,3.83,22.95,0,15.83333333333333,3.291666666666667,3.825
#34323,2026-08,counted,paid,fulfilled,2026-08-29 07:08:00 +0100,Shopify Payments,71,0,0,11.83,71,0,59.16666666666667,0,11.83333333333333
#34324,2026-08,counted,paid,fulfilled,2026-08-29 07:16:00 +0100,Shopify Payments,45,0,3.95,8.16,48.95,0,37.5,3.291666666666667,8.158333333333335
#34325,2026-08,counted,paid,fulfilled,2026-08-29 07:24:00 +0100,Shopify Payments,76,0,0,12.67,76,0,63.33333333333334,0,12.66666666666667
#34326,2026-08,counted,paid,fulfilled,2026-08-29 07:26:00 +0100,PayPal Express Checkout,45,0,3.95,8.16,48.95,0,37.5,3.291666666666667,8.158333333333335
#34327,2026-08,counted,paid,fulfilled,2026-08-29 07:43:00 +0100,Shopify Payments,WELCOME5,143,5,0,23,138,0,115,0,23
#34328,2026-08,counted,paid,fulfilled,2026-08-29 08:04:00 +0100,Shopify Payments,89,0,0,14.83,89,0,74.16666666666667,0,14.83333333333333
#34329,2026-08,counted,paid,fulfilled,2026-08-29 08:05:00 +0100,Shopify Payments,SUMMER10,19.2,1.92,3.95,3.54,21.23,0,14.4,3.291666666666667,3.538333333333334
#34330,2026-08,counted,paid,fulfilled,2026-08-29 08:06:00 +0100,Gift card,SUMMER10,34,3.4,3.95,5.76,34.55,0,25.5,3.291666666666667,5.758333333333335
#34331,2026-08,counted,paid,fulfilled,2026-08-29 08:09:00 +0100,Shopify Payments,SUMMER10,34,3.4,3.95,5.76,34.55,0,25.5,3.291666666666667,5.758333333333335
#34332,2026-08,counted,paid,fulfilled,2026-08-29 08:33:00 +0100,Shopify Payments,25,0,3.95,4.83,28.95,0,20.83333333333334,3.291666666666667,4.825
#34333,2026-08,counted,paid,fulfilled,2026-08-29 08:58:00 +0100,Shopify Payments,SUMMER10,64,6.4,0,9.6,57.6,0,48,0,9.600000000000001
#34334,2026-08,counted,paid,fulfilled,2026-08-29 09:29:00 +0100,PayPal Express Checkout,11,0,3.95,2.49,14.95,0,9.166666666666668,3.291666666666667,2.491666666666667
#34335,2026-08,counted,paid,fulfilled,2026-08-29 09:42:00 +0100,Shopify Payments,136,0,0,22.67,136,0,113.3333333333333,0,22.66666666666667
#34336,2026-08,counted,paid,fulfilled,2026-08-29 10:09:00 +0100,Shopify Payments,SUMMER10,106,10.6,0,15.9,95.40000000000001,0,79.50000000000001,0,15.9
#34337,2026-08,counted,paid,fulfilled,2026-08-29 10:16:00 +0100,Shopify Payments,18,0,3.95,3.66,21.95,0,15,3.291666666666667,3.658333333333333
#34338,2026-08,counted,paid,fulfilled,2026-08-29 12:06:00 +0100,Shopify Payments,198,0,0,33,198,0,165,0,33
#34339,2026-08,counted,paid,fulfilled,2026-08-29 12:12:00 +0100,Shopify Payments,SUMMER10,54,5.4,3.95,8.76,52.55,0,40.5,3.291666666666667,8.758333333333335
#34340,2026-08,counted,paid,fulfilled,2026-08-29 12:29:00 +0100,Shopify Payments,123,0,0,20.5,123,0,102.5,0,20.5
#34341,2026-08,pre-order (not shipped),paid,unfulfilled,2026-08-29 12:33:00 +0100,Shopify Payments,pre-order,134,0,0,22.33,134,0,111.6666666666667,0,22.33333333333334
#34342,2026-08,counted,paid,fulfilled,2026-08-29 12:49:00 +0100,Shopify Payments,61.5,0,0,10.25,61.5,0,51.25,0,10.25
#34343,2026-08,counted,paid,fulfilled,2026-08-29 13:13:00 +0100,Shopify Payments,60,0,0,10,60,0,50,0,10
#34344,2026-08,counted,paid,fulfilled,2026-08-29 13:15:00 +0100,Shopify Payments,WELCOME5,52,5,3.95,8.49,50.95,0,39.16666666666667,3.291666666666667,8.491666666666669
#34345,2026-08,counted,paid,fulfilled,2026-08-29 13:23:00 +0100,Shopify Payments,12,0,3.95,2.66,15.95,0,10,3.291666666666667,2.658333333333333
#34346,2026-08,counted,paid,fulfilled,2026-08-29 13:33:00 +0100,Shopify Payments,80,0,0,13.33,80,0,66.66666666666667,0,13.33333333333333
#34347,2026-08,counted,paid,fulfilled,2026-08-29 13:56:00 +0100,Shopify Payments,90,0,0,15,90,0,75,0,15
#34348,2026-08,counted,paid,fulfilled,2026-08-29 14:06:00 +0100,Gift card,36,0,3.95,6.66,39.95,0,30,3.291666666666667,6.658333333333334
#34349,2026-08,counted,paid,fulfilled,2026-08-29 14:20:00 +0100,Shopify Payments,SUMMER10,51,5.1,3.95,8.31,49.85,0,38.25,3.291666666666667,8.308333333333334
#34350,2026-08,counted,paid,fulfilled,2026-08-29 14:36:00 +0100,Shopify Payments,48,0,3.95,8.66,51.95,0,40,3.291666666666667,8.658333333333335
#34351,2026-08,counted,paid,fulfilled,2026-08-29 14:43:00 +0100,PayPal Express Checkout,45.5,0,3.95,8.24,49.45,0,37.91666666666667,3.291666666666667,8.241666666666667
#34352,2026-08,counted,paid,fulfilled,2026-08-29 14:44:00 +0100,Shopify Payments,24,0,3.95,4.66,27.95,0,20,3.291666666666667,4.658333333333333
#34353,2026-08,counted,paid,fulfilled,2026-08-29 14:48:00 +0100,Shopify Payments,58,0,0,9.67,58,0,48.33333333333334,0,9.666666666666668
#34354,2026-08,counted,paid,fulfilled,2026-08-29 14:50:00 +0100,PayPal Express Checkout,127,0,0,21.17,127,0,105.8333333333333,0,21.16666666666667
#34355,2026-08,counted,paid,fulfilled,2026-08-29 14:59:00 +0100,Shopify Payments,122,0,0,20.33,122,0,101.6666666666667,0,20.33333333333334
#34356,2026-08,counted,paid,fulfilled,2026-08-29 15:10:00 +0100,Shopify Payments,234,0,0,39,234,0,195,0,39.00000000000001
#34357,2026-08,counted,paid,fulfilled,2026-08-29 15:25:00 +0100,Shopify Payments,SUMMER10,79,7.9,0,11.85,71.09999999999999,0,59.25,0,11.85
#34358,2026-08,counted,paid,fulfilled,2026-08-29 16:01:00 +0100,Shopify Payments,42,0,3.95,7.66,45.95,0,35,3.291666666666667,7.658333333333335
#34359,2026-08,counted,paid,fulfilled,2026-08-29 16:37:00 +0100,Shopify Payments,44,0,3.95,7.99,47.95,0,36.66666666666667,3.291666666666667,7.991666666666668
#34360,2026-08,counted,paid,fulfilled,2026-08-29 17:03:00 +0100,Shopify Payments,SUMMER10,21,2.1,3.95,3.81,22.85,0,15.75,3.291666666666667,3.808333333333333
#34361,2026-08,counted,paid,fulfilled,2026-08-29 17:06:00 +0100,Gift card,48,0,3.95,8.66,51.95,0,40,3.291666666666667,8.658333333333335
#34362,2026-08,counted,paid,fulfilled,2026-08-29 17:10:00 +0100,Shopify Payments,54,0,0,9,54,0,45,0,9.000000000000002
#34363,2026-08,counted,paid,fulfilled,2026-08-29 17:11:00 +0100,Shopify Payments,54,0,0,9,54,0,45,0,9.000000000000002
#34364,2026-08,counted,paid,fulfilled,2026-08-29 18:05:00 +0100,Shopify Payments,12,0,3.95,2.66,15.95,0,10,3.291666666666667,2.658333333333333
#34365,2026-08,counted,paid,fulfilled,2026-08-29 18:30:00 +0100,Shopify Payments,SUMMER10,12,1.2,3.95,2.46,14.75,0,9.000000000000002,3.291666666666667,2.458333333333333
#34366,2026-08,counted,paid,fulfilled,2026-08-29 18:49:00 +0100,PayPal Express Checkout,72,0,0,12,72,0,60,0,12
#34367,2026-08,counted,paid,fulfilled,2026-08-29 19:06:00 +0100,Shopify Payments,47,0,3.95,8.49,50.95,0,39.16666666666667,3.291666666666667,8.491666666666669
#34368,2026-08,counted,paid,fulfilled,2026-08-29 19:20:00 +0100,Shopify Payments,WELCOME5,50,5,3.95,8.16,48.95,0,37.5,3.291666666666667,8.158333333333335
#34369,2026-08,counted,paid,fulfilled,2026-08-29 20:12:00 +0100,Shopify Payments,SUMMER10,48,4.8,3.95,7.86,47.15,0,36.00000000000001,3.291666666666667,7.858333333333335
#34370,2026-08,counted,paid,fulfilled,2026-08-29 20:23:00 +0100,Shopify Payments,12,0,3.95,2.66,15.95,0,10,3.291666666666667,2.658333333333333
#34371,2026-08,counted,paid,fulfilled,2026-08-29 20:41:00 +0100,Shopify Payments,52,0,0,8.67,52,0,43.33333333333334,0,8.666666666666668
#34372,2026-08,counted,paid,fulfilled,2026-08-29 21:40:00 +0100,Shopify Payments,17,0,3.95,3.49,20.95,0,14.16666666666667,3.291666666666667,3.491666666666667
#34373,2026-08,counted,paid,fulfilled,2026-08-29 22:33:00 +0100,Shopify Payments,107,0,0,17.83,107,0,89.16666666666667,0,17.83333333333334
#34374,2026-08,pre-order (not shipped),paid,unfulfilled,2026-08-29 22:37:00 +0100,Shopify Payments,pre-order,73.5,0,0,12.25,73.5,0,61.25,0,12.25
#34375,2026-08,counted,paid,fulfilled,2026-08-30 07:11:00 +0100,Shopify Payments,173.5,0,0,28.92,173.5,0,144.5833333333333,0,28.91666666666667
#34376,2026-08,counted,paid,fulfilled,2026-08-30 07:44:00 +0100,Shopify Payments,42,0,3.95,7.66,45.95,0,35,3.291666666666667,7.658333333333335
#34377,2026-08,counted,paid,fulfilled,2026-08-30 07:54:00 +0100,Shopify Payments,130,0,0,21.67,130,0,108.3333333333333,0,21.66666666666667
#34378,2026-08,counted,paid,fulfilled,2026-08-30 07:55:00 +0100,Shopify Payments,163,0,0,27.17,163,0,135.8333333333333,0,27.16666666666667
#34379,2026-08,counted,paid,fulfilled,2026-08-30 07:58:00 +0100,Gift card,9,0,3.95,2.16,12.95,0,7.5,3.291666666666667,2.158333333333333
#34380,2026-08,counted,paid,fulfilled,2026-08-30 08:29:00 +0100,Shopify Payments,SUMMER10,201,20.1,0,30.15,180.9,0,150.75,0,30.15
#34381,2026-08,counted,paid,fulfilled,2026-08-30 08:39:00 +0100,Shopify Payments,7.5,0,3.95,1.91,11.45,0,6.25,3.291666666666667,1.908333333333333
#34382,2026-08,counted,paid,fulfilled,2026-08-30 08:52:00 +0100,Shopify Payments,SUMMER10,116,11.6,0,17.4,104.4,0,87.00000000000001,0,17.4
#34383,2026-08,counted,paid,fulfilled,2026-08-30 08:55:00 +0100,Shopify Payments,28,0,3.95,5.33,31.95,0,23.33333333333334,3.291666666666667,5.325000000000001
#34384,2026-08,counted,paid,fulfilled,2026-08-30 09:17:00 +0100,Shopify Payments,32,0,3.95,5.99,35.95,0,26.66666666666667,3.291666666666667,5.991666666666668
#34385,2026-08,counted,paid,fulfilled,2026-08-30 09:33:00 +0100,Shopify Payments,15,0,3.95,3.16,18.95,0,12.5,3.291666666666667,3.158333333333334
#34386,2026-08,counted,paid,fulfilled,2026-08-30 09:39:00 +0100,PayPal Express Checkout,148,0,0,24.67,148,0,123.3333333333333,0,24.66666666666667
#34387,2026-08,pre-order (not shipped),paid,unfulfilled,2026-08-30 09:56:00 +0100,Shopify Payments,pre-order,14,0,3.95,2.99,17.95,0,11.66666666666667,3.291666666666667,2.991666666666667
#34388,2026-08,counted,paid,fulfilled,2026-08-30 10:01:00 +0100,Shopify Payments,157,0,0,26.17,157,0,130.8333333333333,0,26.16666666666667
#34389,2026-08,counted,paid,fulfilled,2026-08-30 11:01:00 +0100,Shopify Payments,22,0,3.95,4.33,25.95,0,18.33333333333334,3.291666666666667,4.325
#34390,2026-08,counted,paid,fulfilled,2026-08-30 11:06:00 +0100,Shopify Payments,60,0,0,10,60,0,50,0,10
#34391,2026-08,counted,paid,fulfilled,2026-08-30 11:09:00 +0100,Shopify Payments,SUMMER10,35,3.5,3.95,5.91,35.45,0,26.25,3.291666666666667,5.908333333333334
#34392,2026-08,counted,paid,fulfilled,2026-08-30 11:16:00 +0100,Shopify Payments,176,0,0,29.33,176,0,146.6666666666667,0,29.33333333333334
#34393,2026-08,counted,paid,fulfilled,2026-08-30 11:18:00 +0100,Shopify Payments,98,0,0,16.33,98,0,81.66666666666667,0,16.33333333333334
#34394,2026-08,counted,paid,fulfilled,2026-08-30 11:28:00 +0100,Shopify Payments,9,0,3.95,2.16,12.95,0,7.5,3.291666666666667,2.158333333333333
#34395,2026-08,counted,paid,fulfilled,2026-08-30 12:04:00 +0100,Shopify Payments,51,0,0,8.5,51,0,42.5,0,8.500000000000002
#34396,2026-08,counted,paid,fulfilled,2026-08-30 12:22:00 +0100,Shopify Payments,68,0,0,11.33,68,0,56.66666666666667,0,11.33333333333334
#34397,2026-08,counted,paid,fulfilled,2026-08-30 12:25:00 +0100,Shopify Payments,33,0,3.95,6.16,36.95,0,27.5,3.291666666666667,6.158333333333334
#34398,2026-08,counted,paid,fulfilled,2026-08-30 12:39:00 +0100,Shopify Payments,SUMMER10,11,1.1,3.95,2.31,13.85,0,8.25,3.291666666666667,2.308333333333334
#34399,2026-08,counted,paid,fulfilled,2026-08-30 13:20:00 +0100,Shopify Payments,54,0,0,9,54,0,45,0,9.000000000000002
#34400,2026-08,counted,paid,fulfilled,2026-08-30 13:36:00 +0100,Gift card,21,0,3.95,4.16,24.95,0,17.5,3.291666666666667,4.158333333333334
#34401,2026-08,counted,paid,fulfilled,2026-08-30 14:29:00 +0100,Shopify Payments,71,0,0,11.83,71,0,59.16666666666667,0,11.83333333333333
#34402,2026-08,counted,paid,fulfilled,2026-08-30 14:49:00 +0100,Shopify Payments,44,0,3.95,7.99,47.95,0,36.66666666666667,3.291666666666667,7.991666666666668
#34403,2026-08,pre-order (not shipped),paid,unfulfilled,2026-08-30 14:50:00 +0100,Shopify Payments,pre-order,96,0,0,16,96,0,80,0,16
#34404,2026-08,counted,paid,fulfilled,2026-08-30 14:53:00 +0100,Shopify Payments,36,0,3.95,6.66,39.95,0,30,3.291666666666667,6.658333333333334
#34405,2026-08,counted,paid,fulfilled,2026-08-30 15:17:00 +0100,PayPal Express Checkout,22,0,3.95,4.33,25.95,0,18.33333333333334,3.291666666666667,4.325
#34406,2026-08,test order,paid,fulfilled,2026-08-30 15:19:00 +0100,Bogus Gateway (for testing),100,0,0,16.67,100,0,83.33333333333334,0,16.66666666666667
#34407,2026-08,counted,paid,fulfilled,2026-08-30 16:03:00 +0100,Shopify Payments,36,0,3.95,6.66,39.95,0,30,3.291666666666667,6.658333333333334
#34408,2026-08,counted,paid,fulfilled,2026-08-30 16:25:00 +0100,Shopify Payments,164.5,0,0,27.42,164.5,0,137.0833333333333,0,27.41666666666667
#34409,2026-08,counted,paid,fulfilled,2026-08-30 16:40:00 +0100,Shopify Payments,74,0,0,12.33,74,0,61.66666666666667,0,12.33333333333333
#34410,2026-08,counted,paid,fulfilled,2026-08-30 17:21:00 +0100,Shopify Payments,95,0,0,15.83,95,0,79.16666666666667,0,15.83333333333333
#34411,2026-08,pre-order (not shipped),paid,unfulfilled,2026-08-30 17:39:00 +0100,Shopify Payments,pre-order,26,0,3.95,4.99,29.95,0,21.66666666666667,3.291666666666667,4.991666666666667
#34412,2026-08,counted,paid,fulfilled,2026-08-30 17:40:00 +0100,Shopify Payments,38,0,3.95,6.99,41.95,0,31.66666666666667,3.291666666666667,6.991666666666667
#34413,2026-08,counted,paid,fulfilled,2026-08-30 17:49:00 +0100,Shopify Payments,114,0,0,19,114,0,95,0,19
#34414,2026-08,counted,paid,fulfilled,2026-08-30 18:05:00 +0100,Shopify Payments,48,0,3.95,8.66,51.95,0,40,3.291666666666667,8.658333333333335
#34415,2026-08,counted,paid,fulfilled,2026-08-30 19:03:00 +0100,Shopify Payments,52,0,0,8.67,52,0,43.33333333333334,0,8.666666666666668
#34416,2026-08,counted,paid,fulfilled,2026-08-30 19:49:00 +0100,Shopify Payments,55.5,0,0,9.25,55.5,0,46.25,0,9.250000000000002
#34417,2026-08,counted,paid,fulfilled,2026-08-30 19:55:00 +0100,Shopify Payments,WELCOME5,52,5,3.95,8.49,50.95,0,39.16666666666667,3.291666666666667,8.491666666666669
#34418,2026-08,counted,paid,fulfilled,2026-08-30 20:05:00 +0100,Shopify Payments,41,0,3.95,7.49,44.95,0,34.16666666666667,3.291666666666667,7.491666666666667
#34419,2026-08,counted,paid,fulfilled,2026-08-30 21:24:00 +0100,Shopify Payments,173,0,0,28.83,173,0,144.1666666666667,0,28.83333333333334
#34420,2026-08,counted,paid,fulfilled,2026-08-30 21:48:00 +0100,Shopify Payments,30,0,3.95,5.66,33.95,0,25,3.291666666666667,5.658333333333334
#34421,2026-08,counted,paid,fulfilled,2026-08-30 21:52:00 +0100,Shopify Payments,30,0,3.95,5.66,33.95,0,25,3.291666666666667,5.658333333333334
#34422,2026-08,counted,paid,fulfilled,2026-08-31 07:09:00 +0100,Shopify Payments,191,0,0,31.83,191,0,159.1666666666667,0,31.83333333333334
#34423,2026-08,counted,paid,fulfilled,2026-08-31 07:54:00 +0100,Shopify Payments,SUMMER10,80,8,0,12,72,0,60,0,12
#34424,2026-08,counted,paid,fulfilled,2026-08-31 08:14:00 +0100,Shopify Payments,36,0,3.95,6.66,39.95,0,30,3.291666666666667,6.658333333333334
#34425,2026-08,counted,paid,fulfilled,2026-08-31 09:17:00 +0100,Shopify Payments,27,0,3.95,5.16,30.95,0,22.5,3.291666666666667,5.158333333333334
#34426,2026-08,pre-order (not shipped),paid,unfulfilled,2026-08-31 09:18:00 +0100,Shopify Payments,pre-order,36,0,3.95,6.66,39.95,0,30,3.291666666666667,6.658333333333334
#34427,2026-08,counted,paid,fulfilled,2026-08-31 09:58:00 +0100,Shopify Payments,94,0,0,15.67,94,0,78.33333333333334,0,15.66666666666667
#34428,2026-08,counted,paid,fulfilled,2026-08-31 10:28:00 +0100,Shopify Payments,128,0,0,21.33,128,0,106.6666666666667,0,21.33333333333334
#34429,2026-08,counted,paid,fulfilled,2026-08-31 10:58:00 +0100,Shopify Payments,20,0,3.95,3.99,23.95,0,16.66666666666667,3.291666666666667,3.991666666666667
#34430,2026-08,counted,paid,fulfilled,2026-08-31 11:08:00 +0100,Shopify Payments,9.6,0,3.95,2.26,13.55,0,8,3.291666666666667,2.258333333333334
#34431,2026-08,counted,paid,fulfilled,2026-08-31 11:14:00 +0100,PayPal Express Checkout,101,0,0,16.83,101,0,84.16666666666667,0,16.83333333333334
#34432,2026-08,counted,paid,fulfilled,2026-08-31 11:18:00 +0100,Shopify Payments,82,0,0,13.67,82,0,68.33333333333334,0,13.66666666666667
#34433,2026-08,counted,paid,fulfilled,2026-08-31 11:22:00 +0100,Shopify Payments,32.5,0,3.95,6.08,36.45,0,27.08333333333334,3.291666666666667,6.075000000000001
#34434,2026-08,counted,paid,fulfilled,2026-08-31 11:39:00 +0100,Shopify Payments,79,0,0,13.17,79,0,65.83333333333334,0,13.16666666666667
#34435,2026-08,counted,paid,fulfilled,2026-08-31 12:41:00 +0100,Shopify Payments,WELCOME5,36,5,3.95,5.83,34.95,0,25.83333333333334,3.291666666666667,5.825000000000001
#34436,2026-08,counted,paid,fulfilled,2026-08-31 12:58:00 +0100,Shopify Payments,138,0,0,23,138,0,115,0,23
#34437,2026-08,counted,paid,fulfilled,2026-08-31 13:27:00 +0100,PayPal Express Checkout,WELCOME5,36,5,3.95,5.83,34.95,0,25.83333333333334,3.291666666666667,5.825000000000001
#34438,2026-08,counted,paid,fulfilled,2026-08-31 13:40:00 +0100,Shopify Payments,64,0,0,10.67,64,0,53.33333333333334,0,10.66666666666667
#34439,2026-08,counted,paid,fulfilled,2026-08-31 13:45:00 +0100,Shopify Payments,79,0,0,13.17,79,0,65.83333333333334,0,13.16666666666667
#34440,2026-08,pre-order (not shipped),paid,unfulfilled,2026-08-31 13:49:00 +0100,Shopify Payments,pre-order,27,0,3.95,5.16,30.95,0,22.5,3.291666666666667,5.158333333333334
#34441,2026-08,counted,paid,fulfilled,2026-08-31 13:56:00 +0100,Shopify Payments,20,0,3.95,3.99,23.95,0,16.66666666666667,3.291666666666667,3.991666666666667
#34442,2026-08,counted,paid,fulfilled,2026-08-31 14:31:00 +0100,Shopify Payments,29,0,3.95,5.49,32.95,0,24.16666666666667,3.291666666666667,5.491666666666667
#34443,2026-08,counted,paid,fulfilled,2026-08-31 14:50:00 +0100,Shopify Payments,48,0,3.95,8.66,51.95,0,40,3.291666666666667,8.658333333333335
#34444,2026-08,counted,paid,fulfilled,2026-08-31 15:08:00 +0100,Shopify Payments,23,0,3.95,4.49,26.95,0,19.16666666666667,3.291666666666667,4.491666666666667
#34445,2026-08,counted,paid,fulfilled,2026-08-31 15:08:00 +0100,Shopify Payments,62,0,0,10.33,62,0,51.66666666666667,0,10.33333333333333
#34446,2026-08,counted,paid,fulfilled,2026-08-31 15:15:00 +0100,Shopify Payments,SUMMER10,108,10.8,0,16.2,97.2,0,81,0,16.2
#34447,2026-08,counted,paid,fulfilled,2026-08-31 15:45:00 +0100,Shopify Payments,199,0,0,33.17,199,0,165.8333333333333,0,33.16666666666667
#34448,2026-08,counted,paid,fulfilled,2026-08-31 16:06:00 +0100,Shopify Payments,WELCOME5,51,5,3.95,8.33,49.95,0,38.33333333333334,3.291666666666667,8.325000000000003
#34449,2026-08,pre-order (not shipped),paid,unfulfilled,2026-08-31 16:14:00 +0100,Shopify Payments,pre-order,SUMMER10,32,3.2,3.95,5.46,32.75,0,24,3.291666666666667,5.458333333333334
#34450,2026-08,counted,paid,fulfilled,2026-08-31 16:20:00 +0100,Shopify Payments,90,0,0,15,90,0,75,0,15
#34451,2026-08,counted,paid,fulfilled,2026-08-31 17:01:00 +0100,Shopify Payments,144,0,0,24,144,0,120,0,24
#34452,2026-08,counted,paid,fulfilled,2026-08-31 17:30:00 +0100,PayPal Express Checkout,56.5,0,0,9.42,56.5,0,47.08333333333334,0,9.416666666666668
#34453,2026-08,counted,paid,fulfilled,2026-08-31 17:33:00 +0100,Shopify Payments,102.5,0,0,17.08,102.5,0,85.41666666666667,0,17.08333333333334
#34454,2026-08,counted,paid,fulfilled,2026-08-31 17:36:00 +0100,Shopify Payments,102,0,0,17,102,0,85,0,17
#34455,2026-08,counted,paid,fulfilled,2026-08-31 17:37:00 +0100,Shopify Payments,168,0,0,28,168,0,140,0,28
#34456,2026-08,counted,paid,fulfilled,2026-08-31 17:55:00 +0100,PayPal Express Checkout,32,0,3.95,5.99,35.95,0,26.66666666666667,3.291666666666667,5.991666666666668
#34457,2026-08,counted,paid,fulfilled,2026-08-31 18:07:00 +0100,Shopify Payments,79,0,0,13.17,79,0,65.83333333333334,0,13.16666666666667
#34458,2026-08,counted,paid,fulfilled,2026-08-31 18:12:00 +0100,Shopify Payments,68,0,0,11.33,68,0,56.66666666666667,0,11.33333333333334
#34459,2026-08,counted,paid,fulfilled,2026-08-31 19:27:00 +0100,Shopify Payments,36,0,3.95,6.66,39.95,0,30,3.291666666666667,6.658333333333334
#34460,2026-08,counted,paid,fulfilled,2026-08-31 19:33:00 +0100,PayPal Express Checkout,28,0,3.95,5.33,31.95,0,23.33333333333334,3.291666666666667,5.325000000000001
#34461,2026-08,counted,paid,fulfilled,2026-08-31 19:36:00 +0100,Shopify Payments,25,0,3.95,4.83,28.95,0,20.83333333333334,3.291666666666667,4.825
#34462,2026-08,counted,paid,fulfilled,2026-08-31 19:53:00 +0100,Shopify Payments,83,0,0,13.83,83,0,69.16666666666667,0,13.83333333333334
#34463,2026-08,counted,paid,fulfilled,2026-08-31 20:34:00 +0100,Shopify Payments,48,0,3.95,8.66,51.95,0,40,3.291666666666667,8.658333333333335
#34464,2026-08,counted,paid,fulfilled,2026-08-31 21:03:00 +0100,Shopify Payments,SUMMER10,28,2.8,3.95,4.86,29.15,0,21,3.291666666666667,4.858333333333333
#34465,2026-08,counted,paid,fulfilled,2026-08-31 21:40:00 +0100,Shopify Payments,102,0,0,17,102,0,85,0,17
#34466,2026-08,counted,paid,fulfilled,2026-08-31 21:45:00 +0100,Gift card,65.5,0,0,10.92,65.5,0,54.58333333333334,0,10.91666666666667
#34467,2026-08,counted,paid,fulfilled,2026-08-31 22:38:00 +0100,Shopify Payments,31.6,0,3.95,5.93,35.55,0,26.33333333333334,3.291666666666667,5.925000000000002
#34468,2026-08,counted,paid,fulfilled,2026-08-31 22:40:00 +0100,Shopify Payments,269,0,0,44.83,269,0,224.1666666666667,0,44.83333333333334
#34469,2026-08,counted,paid,fulfilled,2026-08-31 22:40:00 +0100,Shopify Payments,25,0,3.95,4.83,28.95,0,20.83333333333334,3.291666666666667,4.825
#34470,2026-08,counted,paid,fulfilled,2026-08-31 22:57:00 +0100,Shopify Payments,86,0,0,14.33,86,0,71.66666666666667,0,14.33333333333333
"Source: files/orders_export.csv (Shopify, Jun–Aug 2026) + files/store_definitions.json · built [run date]"
