Name,month,status,Subtotal,Discount Amount,Shipping,Taxes,Total,Refunded Amount,gross_sales,discounts,refunds,net_sales
#30001,2026-06,Counted,104,0,0,17.33,104,0,86.66666666666667,0,0,86.66666666666667
#30002,2026-06,Counted,17,0,3.95,3.49,20.95,0,14.16666666666667,0,0,14.16666666666667
#30003,2026-06,Counted,90,0,0,15,90,0,75,0,0,75
#30004,2026-06,Counted,26.5,0,3.95,5.08,30.45,0,22.08333333333334,0,0,22.08333333333334
#30005,2026-06,Counted,30,3,3.95,5.16,30.95,0,25,2.5,0,22.5
#30006,2026-06,Counted,25,0,3.95,4.83,28.95,0,20.83333333333334,0,0,20.83333333333334
#30007,2026-06,Counted,52,0,0,8.67,52,0,43.33333333333334,0,0,43.33333333333334
#30008,2026-06,Counted,96,0,0,16,96,0,80,0,0,80
#30009,2026-06,Counted,48,0,3.95,8.66,51.95,0,40,0,0,40
#30010,2026-06,Counted,156,0,0,26,156,0,130,0,0,130
#30011,2026-06,Counted,76,0,0,12.67,76,0,63.33333333333334,0,0,63.33333333333334
#30012,2026-06,Counted,38,0,3.95,6.99,41.95,0,31.66666666666667,0,0,31.66666666666667
#30013,2026-06,Counted,45,0,3.95,8.16,48.95,0,37.5,0,0,37.5
#30014,2026-06,Counted,90,0,0,15,90,0,75,0,0,75
#30015,2026-06,Counted,32,0,3.95,5.99,35.95,0,26.66666666666667,0,0,26.66666666666667
#30016,2026-06,Counted,156.5,0,0,26.08,156.5,0,130.4166666666667,0,0,130.4166666666667
#30017,2026-06,Counted,70,0,0,11.67,70,0,58.33333333333334,0,0,58.33333333333334
#30018,2026-06,Counted,21,5,3.95,3.33,19.95,0,17.5,4.166666666666667,0,13.33333333333333
#30019,2026-06,Counted,67,0,0,11.17,67,0,55.83333333333334,0,0,55.83333333333334
#30020,2026-06,Counted,25,0,3.95,4.83,28.95,0,20.83333333333334,0,0,20.83333333333334
#30021,2026-06,Counted,51,0,0,8.5,51,0,42.5,0,0,42.5
#30022,2026-06,Counted,30,3,3.95,5.16,30.95,6.19,25,2.5,5.158333333333334,17.34166666666667
#30023,2026-06,Counted,79,0,0,13.17,79,0,65.83333333333334,0,0,65.83333333333334
#30024,2026-06,Counted,24,0,3.95,4.66,27.95,0,20,0,0,20
#30025,2026-06,Counted,119,0,0,19.83,119,0,99.16666666666667,0,0,99.16666666666667
#30026,2026-06,Counted,72,0,0,12,72,0,60,0,0,60
#30027,2026-06,Counted,48,0,3.95,8.66,51.95,0,40,0,0,40
#30028,2026-06,Counted,110.5,0,0,18.42,110.5,0,92.08333333333334,0,0,92.08333333333334
#30029,2026-06,Counted,88,0,0,14.67,88,0,73.33333333333334,0,0,73.33333333333334
#30030,2026-06,Counted,99,0,0,16.5,99,0,82.5,0,0,82.5
#30031,2026-06,Counted,34,0,3.95,6.33,37.95,0,28.33333333333334,0,0,28.33333333333334
#30032,2026-06,Counted,89,0,0,14.83,89,0,74.16666666666667,0,0,74.16666666666667
#30033,2026-06,Counted,27,2.7,3.95,4.71,28.25,0,22.5,2.25,0,20.25
#30034,2026-06,Counted,100,0,0,16.67,100,0,83.33333333333334,0,0,83.33333333333334
#30035,2026-06,Counted,121,0,0,20.17,121,0,100.8333333333333,0,0,100.8333333333333
#30036,2026-06,Counted,30,0,3.95,5.66,33.95,0,25,0,0,25
#30037,2026-06,Counted,54,0,0,9,54,0,45,0,0,45
#30038,2026-06,Counted,30,0,3.95,5.66,33.95,0,25,0,0,25
#30039,2026-06,Counted,25,0,3.95,4.83,28.95,0,20.83333333333334,0,0,20.83333333333334
#30040,2026-06,Counted,109,5,0,17.33,104,0,90.83333333333334,4.166666666666667,0,86.66666666666667
#30041,2026-06,Counted,22,0,3.95,4.33,25.95,0,18.33333333333334,0,0,18.33333333333334
#30042,2026-06,Counted,34,0,3.95,6.33,37.95,0,28.33333333333334,0,0,28.33333333333334
#30043,2026-06,Counted,108,0,0,18,108,0,90,0,0,90
#30044,2026-06,Cancelled / voided (never shipped),45,0,3.95,8.16,48.95,0,37.5,0,0,37.5
#30045,2026-06,Counted,141,0,0,23.5,141,0,117.5,0,0,117.5
#30046,2026-06,Counted,90,0,0,15,90,0,75,0,0,75
#30047,2026-06,Counted,87,0,0,14.5,87,0,72.5,0,0,72.5
#30048,2026-06,Counted,57,0,0,9.5,57,0,47.5,0,0,47.5
#30049,2026-06,Counted,16,0,3.95,3.33,19.95,0,13.33333333333333,0,0,13.33333333333333
#30050,2026-06,Counted,45,0,3.95,8.16,48.95,0,37.5,0,0,37.5
#30051,2026-06,Counted,199,0,0,33.17,199,0,165.8333333333333,0,0,165.8333333333333
#30052,2026-06,Counted,7.5,0.75,3.95,1.78,10.7,0,6.25,0.625,0,5.625
#30053,2026-06,Counted,209.5,0,0,34.92,209.5,62.85,174.5833333333333,0,52.375,122.2083333333333
#30054,2026-06,Counted,84,0,0,14,84,0,70,0,0,70
#30055,2026-06,Counted,20,0,3.95,3.99,23.95,0,16.66666666666667,0,0,16.66666666666667
#30056,2026-06,Counted,14,0,3.95,2.99,17.95,0,11.66666666666667,0,0,11.66666666666667
#30057,2026-06,Counted,32,0,3.95,5.99,35.95,0,26.66666666666667,0,0,26.66666666666667
#30058,2026-06,Counted,21,0,3.95,4.16,24.95,0,17.5,0,0,17.5
#30059,2026-06,Counted,28,0,3.95,5.33,31.95,0,23.33333333333334,0,0,23.33333333333334
#30060,2026-06,Counted,50,0,0,8.33,50,0,41.66666666666667,0,0,41.66666666666667
#30061,2026-06,Counted,33,3.3,3.95,5.61,33.65,0,27.5,2.75,0,24.75
#30062,2026-06,Counted,220,0,0,36.67,220,0,183.3333333333333,0,0,183.3333333333333
#30063,2026-06,Counted,108,0,0,18,108,32.4,90,0,27,63
#30064,2026-06,Counted,36,0,3.95,6.66,39.95,0,30,0,0,30
#30065,2026-06,Counted,131.5,0,0,21.92,131.5,0,109.5833333333333,0,0,109.5833333333333
#30066,2026-06,Counted,30,3,3.95,5.16,30.95,0,25,2.5,0,22.5
#30067,2026-06,Counted,28,0,3.95,5.33,31.95,0,23.33333333333334,0,0,23.33333333333334
#30068,2026-06,Counted,109,0,0,18.17,109,0,90.83333333333334,0,0,90.83333333333334
#30069,2026-06,Counted,81,0,0,13.5,81,0,67.5,0,0,67.5
#30070,2026-06,Counted,106,0,0,17.67,106,0,88.33333333333334,0,0,88.33333333333334
#30071,2026-06,Counted,7.5,0,3.95,1.91,11.45,0,6.25,0,0,6.25
#30072,2026-06,Counted,265,0,0,44.17,265,0,220.8333333333333,0,0,220.8333333333333
#30073,2026-06,Counted,54.5,0,0,9.08,54.5,0,45.41666666666667,0,0,45.41666666666667
#30074,2026-06,Counted,137,0,0,22.83,137,0,114.1666666666667,0,0,114.1666666666667
#30075,2026-06,Counted,9,0,3.95,2.16,12.95,0,7.5,0,0,7.5
#30076,2026-06,Counted,62,0,0,10.33,62,0,51.66666666666667,0,0,51.66666666666667
#30077,2026-06,Counted,132,0,0,22,132,0,110,0,0,110
#30078,2026-06,Counted,11,0,3.95,2.49,14.95,0,9.166666666666668,0,0,9.166666666666668
#30079,2026-06,Counted,101,0,0,16.83,101,0,84.16666666666667,0,0,84.16666666666667
#30080,2026-06,Counted,38,0,3.95,6.99,41.95,0,31.66666666666667,0,0,31.66666666666667
#30081,2026-06,Counted,72,7.2,0,10.8,64.8,0,60,6,0,54
#30082,2026-06,Counted,11,1.1,3.95,2.31,13.85,0,9.166666666666668,0.9166666666666667,0,8.250000000000002
#30083,2026-06,Counted,15,0,3.95,3.16,18.95,0,12.5,0,0,12.5
#30084,2026-06,Counted,103.5,0,0,17.25,103.5,0,86.25,0,0,86.25
#30085,2026-06,Counted,137,0,0,22.83,137,0,114.1666666666667,0,0,114.1666666666667
#30086,2026-06,Counted,86,0,0,14.33,86,0,71.66666666666667,0,0,71.66666666666667
#30087,2026-06,Counted,183,0,0,30.5,183,0,152.5,0,0,152.5
#30088,2026-06,Counted,30,0,3.95,5.66,33.95,0,25,0,0,25
#30089,2026-06,Counted,184,0,0,30.67,184,0,153.3333333333333,0,0,153.3333333333333
#30090,2026-06,Counted,74,0,0,12.33,74,0,61.66666666666667,0,0,61.66666666666667
#30091,2026-06,Counted,17,0,3.95,3.49,20.95,0,14.16666666666667,0,0,14.16666666666667
#30092,2026-06,Counted,55.6,0,0,9.27,55.6,0,46.33333333333334,0,0,46.33333333333334
#30093,2026-06,Counted,195,0,0,32.5,195,0,162.5,0,0,162.5
#30094,2026-06,Counted,103,5,0,16.33,98,19.6,85.83333333333334,4.166666666666667,16.33333333333334,65.33333333333334
#30095,2026-06,Counted,28,0,3.95,5.33,31.95,0,23.33333333333334,0,0,23.33333333333334
#30096,2026-06,Counted,127,0,0,21.17,127,0,105.8333333333333,0,0,105.8333333333333
#30097,2026-06,Counted,90,0,0,15,90,0,75,0,0,75
#30098,2026-06,Counted,298,0,0,49.67,298,0,248.3333333333333,0,0,248.3333333333333
#30099,2026-06,Counted,54,0,0,9,54,0,45,0,0,45
#30100,2026-06,Counted,33,0,3.95,6.16,36.95,0,27.5,0,0,27.5
#30101,2026-06,Counted,24,0,3.95,4.66,27.95,0,20,0,0,20
#30102,2026-06,Counted,232,0,0,38.67,232,0,193.3333333333333,0,0,193.3333333333333
#30103,2026-06,Counted,76,0,0,12.67,76,0,63.33333333333334,0,0,63.33333333333334
#30104,2026-06,Counted,43,0,3.95,7.83,46.95,0,35.83333333333334,0,0,35.83333333333334
#30105,2026-06,Counted,56,0,0,9.33,56,0,46.66666666666667,0,0,46.66666666666667
#30106,2026-06,Counted,16,0,3.95,3.33,19.95,0,13.33333333333333,0,0,13.33333333333333
#30107,2026-06,Counted,36,0,3.95,6.66,39.95,0,30,0,0,30
#30108,2026-06,Counted,268,5,0,43.83,263,0,223.3333333333333,4.166666666666667,0,219.1666666666667
#30109,2026-06,Counted,88,0,0,14.67,88,17.6,73.33333333333334,0,14.66666666666667,58.66666666666667
#30110,2026-06,Counted,78,0,0,13,78,0,65,0,0,65
#30111,2026-06,Counted,126,0,0,21,126,0,105,0,0,105
#30112,2026-06,Counted,68,0,0,11.33,68,0,56.66666666666667,0,0,56.66666666666667
#30113,2026-06,Counted,15,0,3.95,3.16,18.95,0,12.5,0,0,12.5
#30114,2026-06,Counted,43,0,3.95,7.83,46.95,0,35.83333333333334,0,0,35.83333333333334
#30115,2026-06,Counted,15,0,3.95,3.16,18.95,0,12.5,0,0,12.5
#30116,2026-06,Counted,90,0,0,15,90,0,75,0,0,75
#30117,2026-06,Counted,38,5,3.95,6.16,36.95,0,31.66666666666667,4.166666666666667,0,27.5
#30118,2026-06,Counted,24,0,3.95,4.66,27.95,0,20,0,0,20
#30119,2026-06,Counted,17,1.7,3.95,3.21,19.25,0,14.16666666666667,1.416666666666667,0,12.75
#30120,2026-06,Counted,52.5,0,0,8.75,52.5,0,43.75,0,0,43.75
#30121,2026-06,Counted,72,0,0,12,72,0,60,0,0,60
#30122,2026-06,Counted,46,0,3.95,8.33,49.95,24.98,38.33333333333334,0,20.81666666666667,17.51666666666667
#30123,2026-06,Counted,17,0,3.95,3.49,20.95,0,14.16666666666667,0,0,14.16666666666667
#30124,2026-06,Counted,339.5,0,0,56.58,339.5,0,282.9166666666667,0,0,282.9166666666667
#30125,2026-06,Counted,47,0,3.95,8.49,50.95,0,39.16666666666667,0,0,39.16666666666667
#30126,2026-06,Counted,136,0,0,22.67,136,0,113.3333333333333,0,0,113.3333333333333
#30127,2026-06,Counted,78,0,0,13,78,0,65,0,0,65
#30128,2026-06,Counted,96,0,0,16,96,96,80,0,80,0
#30129,2026-06,Counted,99,0,0,16.5,99,0,82.5,0,0,82.5
#30130,2026-06,Counted,80,0,0,13.33,80,0,66.66666666666667,0,0,66.66666666666667
#30131,2026-06,Counted,84,0,0,14,84,0,70,0,0,70
#30132,2026-06,Counted,38,0,3.95,6.99,41.95,0,31.66666666666667,0,0,31.66666666666667
#30133,2026-06,Counted,6,0,3.95,1.66,9.949999999999999,0,5,0,0,5
#30134,2026-06,Counted,158,0,0,26.33,158,0,131.6666666666667,0,0,131.6666666666667
#30135,2026-06,Counted,76,0,0,12.67,76,15.2,63.33333333333334,0,12.66666666666667,50.66666666666667
#30136,2026-06,Counted,91,9.1,0,13.65,81.90000000000001,0,75.83333333333334,7.583333333333333,0,68.25000000000001
#30137,2026-06,Counted,28,0,3.95,5.33,31.95,0,23.33333333333334,0,0,23.33333333333334
#30138,2026-06,Counted,54,5,3.95,8.83,52.95,0,45,4.166666666666667,0,40.83333333333334
#30139,2026-06,Counted,52,0,0,8.67,52,0,43.33333333333334,0,0,43.33333333333334
#30140,2026-06,Counted,66,0,0,11,66,0,55,0,0,55
#30141,2026-06,Cancelled / voided (never shipped),176,0,0,29.33,176,0,146.6666666666667,0,0,146.6666666666667
#30142,2026-06,Counted,32,0,3.95,5.99,35.95,0,26.66666666666667,0,0,26.66666666666667
#30143,2026-06,Counted,172,0,0,28.67,172,0,143.3333333333333,0,0,143.3333333333333
#30144,2026-06,Counted,138,0,0,23,138,0,115,0,0,115
#30145,2026-06,Counted,91,0,0,15.17,91,0,75.83333333333334,0,0,75.83333333333334
#30146,2026-06,Counted,78,7.8,0,11.7,70.2,0,65,6.5,0,58.5
#30147,2026-06,Counted,67,0,0,11.17,67,0,55.83333333333334,0,0,55.83333333333334
#30148,2026-06,Counted,16,0,3.95,3.33,19.95,0,13.33333333333333,0,0,13.33333333333333
#30149,2026-06,Counted,135,0,0,22.5,135,0,112.5,0,0,112.5
#30150,2026-06,Counted,45,4.5,3.95,7.41,44.45,0,37.5,3.75,0,33.75
#30151,2026-06,Counted,12,0,3.95,2.66,15.95,0,10,0,0,10
#30152,2026-06,Counted,108,0,0,18,108,0,90,0,0,90
#30153,2026-06,Counted,27.5,0,3.95,5.24,31.45,0,22.91666666666667,0,0,22.91666666666667
#30154,2026-06,Counted,191,19.1,0,28.65,171.9,85.95,159.1666666666667,15.91666666666667,71.625,71.62500000000003
#30155,2026-06,Counted,22,0,3.95,4.33,25.95,0,18.33333333333334,0,0,18.33333333333334
#30156,2026-06,Counted,125,0,0,20.83,125,0,104.1666666666667,0,0,104.1666666666667
#30157,2026-06,Counted,92,0,0,15.33,92,0,76.66666666666667,0,0,76.66666666666667
#30158,2026-06,Counted,9,0.9,3.95,2.01,12.05,0,7.5,0.75,0,6.75
#30159,2026-06,Counted,48,0,3.95,8.66,51.95,0,40,0,0,40
#30160,2026-06,Counted,158,15.8,0,23.7,142.2,0,131.6666666666667,13.16666666666667,0,118.5
#30161,2026-06,Counted,43,0,3.95,7.83,46.95,14.09,35.83333333333334,0,11.74166666666667,24.09166666666667
#30162,2026-06,Counted,28,0,3.95,5.33,31.95,0,23.33333333333334,0,0,23.33333333333334
#30163,2026-06,Counted,201,20.1,0,30.15,180.9,0,167.5,16.75,0,150.75
#30164,2026-06,Counted,219.5,21.95,0,32.93,197.55,98.78,182.9166666666667,18.29166666666667,82.31666666666668,82.30833333333335
#30165,2026-06,Counted,18,0,3.95,3.66,21.95,0,15,0,0,15
#30166,2026-06,Counted,52.5,5.25,3.95,8.529999999999999,51.2,0,43.75,4.375,0,39.375
#30167,2026-06,Counted,45,0,3.95,8.16,48.95,0,37.5,0,0,37.5
#30168,2026-06,Counted,136,0,0,22.67,136,0,113.3333333333333,0,0,113.3333333333333
#30169,2026-06,Counted,60,0,0,10,60,0,50,0,0,50
#30170,2026-06,Counted,34,0,3.95,6.33,37.95,0,28.33333333333334,0,0,28.33333333333334
#30171,2026-06,Counted,176,0,0,29.33,176,0,146.6666666666667,0,0,146.6666666666667
#30172,2026-06,Counted,35,0,3.95,6.49,38.95,0,29.16666666666667,0,0,29.16666666666667
#30173,2026-06,Counted,18,0,3.95,3.66,21.95,0,15,0,0,15
#30174,2026-06,Counted,92,0,0,15.33,92,0,76.66666666666667,0,0,76.66666666666667
#30175,2026-06,Counted,136,13.6,0,20.4,122.4,0,113.3333333333333,11.33333333333333,0,102
#30176,2026-06,Counted,113,0,0,18.83,113,0,94.16666666666667,0,0,94.16666666666667
#30177,2026-06,Counted,104,0,0,17.33,104,0,86.66666666666667,0,0,86.66666666666667
#30178,2026-06,Counted,12,0,3.95,2.66,15.95,0,10,0,0,10
#30179,2026-06,Counted,144,0,0,24,144,0,120,0,0,120
#30180,2026-06,Counted,32,0,3.95,5.99,35.95,0,26.66666666666667,0,0,26.66666666666667
#30181,2026-06,Counted,113,0,0,18.83,113,0,94.16666666666667,0,0,94.16666666666667
#30182,2026-06,Counted,25,0,3.95,4.83,28.95,14.48,20.83333333333334,0,12.06666666666667,8.766666666666667
#30183,2026-06,Counted,62,0,0,10.33,62,0,51.66666666666667,0,0,51.66666666666667
#30184,2026-06,Counted,63,0,0,10.5,63,0,52.5,0,0,52.5
#30185,2026-06,Counted,15,0,3.95,3.16,18.95,0,12.5,0,0,12.5
#30186,2026-06,Counted,108,0,0,18,108,0,90,0,0,90
#30187,2026-06,Counted,66,0,0,11,66,0,55,0,0,55
#30188,2026-06,Test order,85.8,8.58,0,12.87,77.22,0,71.5,7.15,0,64.34999999999999
#30189,2026-06,Counted,36,0,3.95,6.66,39.95,0,30,0,0,30
#30190,2026-06,Counted,26,0,3.95,4.99,29.95,0,21.66666666666667,0,0,21.66666666666667
#30191,2026-06,Cancelled / voided (never shipped),38,0,3.95,6.99,41.95,41.95,31.66666666666667,0,31.66666666666667,0
#30192,2026-06,Counted,26,0,3.95,4.99,29.95,0,21.66666666666667,0,0,21.66666666666667
#30193,2026-06,Counted,125,0,0,20.83,125,0,104.1666666666667,0,0,104.1666666666667
#30194,2026-06,Counted,42,0,3.95,7.66,45.95,0,35,0,0,35
#30195,2026-06,Counted,57.5,0,0,9.58,57.5,0,47.91666666666667,0,0,47.91666666666667
#30196,2026-06,Counted,28.5,5,3.95,4.58,27.45,0,23.75,4.166666666666667,0,19.58333333333333
#30197,2026-06,Counted,76,0,0,12.67,76,0,63.33333333333334,0,0,63.33333333333334
#30198,2026-06,Counted,15,1.5,3.95,2.91,17.45,5.24,12.5,1.25,4.366666666666667,6.883333333333333
#30199,2026-06,Counted,78,0,0,13,78,0,65,0,0,65
#30200,2026-06,Counted,200,20,0,30,180,0,166.6666666666667,16.66666666666667,0,150
#30201,2026-06,Counted,112,0,0,18.67,112,0,93.33333333333334,0,0,93.33333333333334
#30202,2026-06,Counted,114,0,0,19,114,0,95,0,0,95
#30203,2026-06,Counted,56,5.6,0,8.4,50.4,0,46.66666666666667,4.666666666666667,0,42.00000000000001
#30204,2026-06,Counted,75,0,0,12.5,75,0,62.5,0,0,62.5
#30205,2026-06,Counted,22,0,3.95,4.33,25.95,0,18.33333333333334,0,0,18.33333333333334
#30206,2026-06,Counted,22,0,3.95,4.33,25.95,0,18.33333333333334,0,0,18.33333333333334
#30207,2026-06,Counted,15,0,3.95,3.16,18.95,0,12.5,0,0,12.5
#30208,2026-06,Counted,42,0,3.95,7.66,45.95,0,35,0,0,35
#30209,2026-06,Counted,90,0,0,15,90,0,75,0,0,75
#30210,2026-06,Counted,12,0,3.95,2.66,15.95,0,10,0,0,10
#30211,2026-06,Counted,25,0,3.95,4.83,28.95,0,20.83333333333334,0,0,20.83333333333334
#30212,2026-06,Counted,86,0,0,14.33,86,0,71.66666666666667,0,0,71.66666666666667
#30213,2026-06,Counted,66,0,0,11,66,0,55,0,0,55
#30214,2026-06,Counted,54,0,0,9,54,0,45,0,0,45
#30215,2026-06,Counted,42,0,3.95,7.66,45.95,0,35,0,0,35
#30216,2026-06,Counted,37,0,3.95,6.83,40.95,0,30.83333333333334,0,0,30.83333333333334
#30217,2026-06,Counted,108,0,0,18,108,0,90,0,0,90
#30218,2026-06,Counted,84,0,0,14,84,0,70,0,0,70
#30219,2026-06,Counted,44,0,3.95,7.99,47.95,0,36.66666666666667,0,0,36.66666666666667
#30220,2026-06,Counted,115,0,0,19.17,115,0,95.83333333333334,0,0,95.83333333333334
#30221,2026-06,Counted,85,5,0,13.33,80,0,70.83333333333334,4.166666666666667,0,66.66666666666667
#30222,2026-06,Counted,37,0,3.95,6.83,40.95,40.95,30.83333333333334,0,30.83333333333334,0
#30223,2026-06,Counted,96,0,0,16,96,0,80,0,0,80
#30224,2026-06,Counted,48,4.8,3.95,7.86,47.15,0,40,4,0,36
#30225,2026-06,Counted,20,0,3.95,3.99,23.95,0,16.66666666666667,0,0,16.66666666666667
#30226,2026-06,Counted,123,0,0,20.5,123,0,102.5,0,0,102.5
#30227,2026-06,Counted,132,13.2,0,19.8,118.8,0,110,11,0,99
#30228,2026-06,Counted,37,0,3.95,6.83,40.95,0,30.83333333333334,0,0,30.83333333333334
#30229,2026-06,Counted,60,0,0,10,60,0,50,0,0,50
#30230,2026-06,Counted,63,0,0,10.5,63,0,52.5,0,0,52.5
#30231,2026-06,Counted,42,0,3.95,7.66,45.95,0,35,0,0,35
#30232,2026-06,Counted,52,0,0,8.67,52,0,43.33333333333334,0,0,43.33333333333334
#30233,2026-06,Counted,30,3,3.95,5.16,30.95,0,25,2.5,0,22.5
#30234,2026-06,Counted,120,0,0,20,120,0,100,0,0,100
#30235,2026-06,Counted,51,0,0,8.5,51,0,42.5,0,0,42.5
#30236,2026-06,Counted,84,0,0,14,84,0,70,0,0,70
#30237,2026-06,Counted,68,0,0,11.33,68,0,56.66666666666667,0,0,56.66666666666667
#30238,2026-06,Counted,114,0,0,19,114,0,95,0,0,95
#30239,2026-06,Counted,36,0,3.95,6.66,39.95,0,30,0,0,30
#30240,2026-06,Counted,121,0,0,20.17,121,0,100.8333333333333,0,0,100.8333333333333
#30241,2026-06,Counted,9,0,3.95,2.16,12.95,0,7.5,0,0,7.5
#30242,2026-06,Counted,22,0,3.95,4.33,25.95,0,18.33333333333334,0,0,18.33333333333334
#30243,2026-06,Counted,111,0,0,18.5,111,0,92.5,0,0,92.5
#30244,2026-06,Counted,111,0,0,18.5,111,0,92.5,0,0,92.5
#30245,2026-06,Counted,17,1.7,3.95,3.21,19.25,0,14.16666666666667,1.416666666666667,0,12.75
#30246,2026-06,Counted,22,0,3.95,4.33,25.95,0,18.33333333333334,0,0,18.33333333333334
#30247,2026-06,Counted,69,6.9,0,10.35,62.1,0,57.5,5.750000000000001,0,51.75
#30248,2026-06,Counted,87,0,0,14.5,87,0,72.5,0,0,72.5
#30249,2026-06,Counted,48,0,3.95,8.66,51.95,0,40,0,0,40
#30250,2026-06,Counted,12,0,3.95,2.66,15.95,0,10,0,0,10
#30251,2026-06,Counted,71,0,0,11.83,71,0,59.16666666666667,0,0,59.16666666666667
#30252,2026-06,Counted,120,0,0,20,120,0,100,0,0,100
#30253,2026-06,Counted,196.5,19.65,0,29.48,176.85,0,163.75,16.375,0,147.375
#30254,2026-06,Counted,34,0,3.95,6.33,37.95,0,28.33333333333334,0,0,28.33333333333334
#30255,2026-06,Counted,14,0,3.95,2.99,17.95,0,11.66666666666667,0,0,11.66666666666667
#30256,2026-06,Counted,72,0,0,12,72,0,60,0,0,60
#30257,2026-06,Counted,51,0,0,8.5,51,0,42.5,0,0,42.5
#30258,2026-06,Counted,156,0,0,26,156,0,130,0,0,130
#30259,2026-06,Counted,22,0,3.95,4.33,25.95,0,18.33333333333334,0,0,18.33333333333334
#30260,2026-06,Counted,91,0,0,15.17,91,0,75.83333333333334,0,0,75.83333333333334
#30261,2026-06,Counted,72,0,0,12,72,0,60,0,0,60
#30262,2026-06,Counted,32,0,3.95,5.99,35.95,0,26.66666666666667,0,0,26.66666666666667
#30263,2026-06,Counted,53,0,0,8.83,53,0,44.16666666666667,0,0,44.16666666666667
#30264,2026-06,Counted,15,0,3.95,3.16,18.95,0,12.5,0,0,12.5
#30265,2026-06,Counted,91,0,0,15.17,91,0,75.83333333333334,0,0,75.83333333333334
#30266,2026-06,Counted,170,17,0,25.5,153,0,141.6666666666667,14.16666666666667,0,127.5
#30267,2026-06,Counted,14,0,3.95,2.99,17.95,0,11.66666666666667,0,0,11.66666666666667
#30268,2026-06,Counted,96,9.6,0,14.4,86.40000000000001,0,80,8,0,72
#30269,2026-06,Counted,18,0,3.95,3.66,21.95,0,15,0,0,15
#30270,2026-06,Counted,65,0,0,10.83,65,0,54.16666666666667,0,0,54.16666666666667
#30271,2026-06,Counted,11,1.1,3.95,2.31,13.85,0,9.166666666666668,0.9166666666666667,0,8.250000000000002
#30272,2026-06,Counted,123,0,0,20.5,123,0,102.5,0,0,102.5
#30273,2026-06,Counted,108,0,0,18,108,0,90,0,0,90
#30274,2026-06,Counted,102,0,0,17,102,0,85,0,0,85
#30275,2026-06,Counted,58.5,0,0,9.75,58.5,0,48.75,0,0,48.75
#30276,2026-06,Counted,89,0,0,14.83,89,0,74.16666666666667,0,0,74.16666666666667
#30277,2026-06,Counted,285,0,0,47.5,285,0,237.5,0,0,237.5
#30278,2026-06,Counted,80,0,0,13.33,80,0,66.66666666666667,0,0,66.66666666666667
#30279,2026-06,Counted,22.5,0,3.95,4.41,26.45,0,18.75,0,0,18.75
#30280,2026-06,Counted,101,0,0,16.83,101,0,84.16666666666667,0,0,84.16666666666667
#30281,2026-06,Counted,87,0,0,14.5,87,0,72.5,0,0,72.5
#30282,2026-06,Counted,90,0,0,15,90,0,75,0,0,75
#30283,2026-06,Counted,41,0,3.95,7.49,44.95,0,34.16666666666667,0,0,34.16666666666667
#30284,2026-06,Counted,108,0,0,18,108,0,90,0,0,90
#30285,2026-06,Counted,68,0,0,11.33,68,0,56.66666666666667,0,0,56.66666666666667
#30286,2026-06,Counted,22.5,0,3.95,4.41,26.45,0,18.75,0,0,18.75
#30287,2026-06,Counted,11,0,3.95,2.49,14.95,0,9.166666666666668,0,0,9.166666666666668
#30288,2026-06,Counted,54,0,0,9,54,0,45,0,0,45
#30289,2026-06,Counted,66,0,0,11,66,0,55,0,0,55
#30290,2026-06,Counted,92,9.199999999999999,0,13.8,82.8,0,76.66666666666667,7.666666666666666,0,69
#30291,2026-06,Counted,106,0,0,17.67,106,0,88.33333333333334,0,0,88.33333333333334
#30292,2026-06,Counted,64,0,0,10.67,64,0,53.33333333333334,0,0,53.33333333333334
#30293,2026-06,Counted,11,0,3.95,2.49,14.95,0,9.166666666666668,0,0,9.166666666666668
#30294,2026-06,Counted,36,0,3.95,6.66,39.95,0,30,0,0,30
#30295,2026-06,Counted,188,0,0,31.33,188,0,156.6666666666667,0,0,156.6666666666667
#30296,2026-06,Counted,131,0,0,21.83,131,0,109.1666666666667,0,0,109.1666666666667
#30297,2026-06,Counted,16,1.6,3.95,3.06,18.35,0,13.33333333333333,1.333333333333333,0,12
#30298,2026-06,Counted,92,0,0,15.33,92,0,76.66666666666667,0,0,76.66666666666667
#30299,2026-06,Counted,193,19.3,0,28.95,173.7,0,160.8333333333333,16.08333333333334,0,144.75
#30300,2026-06,Counted,32,0,3.95,5.99,35.95,0,26.66666666666667,0,0,26.66666666666667
#30301,2026-06,Counted,26,0,3.95,4.99,29.95,0,21.66666666666667,0,0,21.66666666666667
#30302,2026-06,Counted,91.5,0,0,15.25,91.5,0,76.25,0,0,76.25
#30303,2026-06,Counted,24,0,3.95,4.66,27.95,0,20,0,0,20
#30304,2026-06,Counted,100.5,0,0,16.75,100.5,0,83.75,0,0,83.75
#30305,2026-06,Counted,16,0,3.95,3.33,19.95,5.99,13.33333333333333,0,4.991666666666667,8.341666666666667
#30306,2026-06,Counted,124,0,0,20.67,124,0,103.3333333333333,0,0,103.3333333333333
#30307,2026-06,Counted,45,0,3.95,8.16,48.95,0,37.5,0,0,37.5
#30308,2026-06,Counted,44,0,3.95,7.99,47.95,0,36.66666666666667,0,0,36.66666666666667
#30309,2026-06,Counted,17,0,3.95,3.49,20.95,0,14.16666666666667,0,0,14.16666666666667
#30310,2026-06,Counted,117,0,0,19.5,117,0,97.5,0,0,97.5
#30311,2026-06,Counted,22,0,3.95,4.33,25.95,0,18.33333333333334,0,0,18.33333333333334
#30312,2026-06,Counted,306,0,0,51,306,0,255,0,0,255
#30313,2026-06,Counted,24,0,3.95,4.66,27.95,0,20,0,0,20
#30314,2026-06,Counted,44,0,3.95,7.99,47.95,0,36.66666666666667,0,0,36.66666666666667
#30315,2026-06,Cancelled / voided (never shipped),31,0,3.95,5.83,34.95,0,25.83333333333334,0,0,25.83333333333334
#30316,2026-06,Counted,67.5,0,0,11.25,67.5,0,56.25,0,0,56.25
#30317,2026-06,Counted,11,0,3.95,2.49,14.95,0,9.166666666666668,0,0,9.166666666666668
#30318,2026-06,Counted,91,0,0,15.17,91,0,75.83333333333334,0,0,75.83333333333334
#30319,2026-06,Counted,182,0,0,30.33,182,0,151.6666666666667,0,0,151.6666666666667
#30320,2026-06,Counted,101.5,0,0,16.92,101.5,0,84.58333333333334,0,0,84.58333333333334
#30321,2026-06,Counted,132.5,0,0,22.08,132.5,0,110.4166666666667,0,0,110.4166666666667
#30322,2026-06,Counted,78,0,0,13,78,78,65,0,65,0
#30323,2026-06,Counted,136,0,0,22.67,136,0,113.3333333333333,0,0,113.3333333333333
#30324,2026-06,Counted,51,0,0,8.5,51,0,42.5,0,0,42.5
#30325,2026-06,Counted,132,13.2,0,19.8,118.8,0,110,11,0,99
#30326,2026-06,Counted,17,0,3.95,3.49,20.95,0,14.16666666666667,0,0,14.16666666666667
#30327,2026-06,Counted,75,0,0,12.5,75,0,62.5,0,0,62.5
#30328,2026-06,Counted,23,0,3.95,4.49,26.95,0,19.16666666666667,0,0,19.16666666666667
#30329,2026-06,Counted,46,0,3.95,8.33,49.95,0,38.33333333333334,0,0,38.33333333333334
#30330,2026-06,Counted,194,0,0,32.33,194,0,161.6666666666667,0,0,161.6666666666667
#30331,2026-06,Counted,78,0,0,13,78,0,65,0,0,65
#30332,2026-06,Counted,76,0,0,12.67,76,0,63.33333333333334,0,0,63.33333333333334
#30333,2026-06,Counted,33,0,3.95,6.16,36.95,0,27.5,0,0,27.5
#30334,2026-06,Counted,117,0,0,19.5,117,0,97.5,0,0,97.5
#30335,2026-06,Counted,73,0,0,12.17,73,0,60.83333333333334,0,0,60.83333333333334
#30336,2026-06,Counted,146.5,0,0,24.42,146.5,0,122.0833333333333,0,0,122.0833333333333
#30337,2026-06,Counted,38,0,3.95,6.99,41.95,0,31.66666666666667,0,0,31.66666666666667
#30338,2026-06,Counted,181,0,0,30.17,181,0,150.8333333333333,0,0,150.8333333333333
#30339,2026-06,Counted,19,0,3.95,3.83,22.95,0,15.83333333333333,0,0,15.83333333333333
#30340,2026-06,Counted,128,0,0,21.33,128,0,106.6666666666667,0,0,106.6666666666667
#30341,2026-06,Counted,32,0,3.95,5.99,35.95,0,26.66666666666667,0,0,26.66666666666667
#30342,2026-06,Counted,42,0,3.95,7.66,45.95,0,35,0,0,35
#30343,2026-06,Counted,96,0,0,16,96,0,80,0,0,80
#30344,2026-06,Counted,84,0,0,14,84,0,70,0,0,70
#30345,2026-06,Counted,71,0,0,11.83,71,0,59.16666666666667,0,0,59.16666666666667
#30346,2026-06,Counted,37,0,3.95,6.83,40.95,0,30.83333333333334,0,0,30.83333333333334
#30347,2026-06,Counted,142,0,0,23.67,142,0,118.3333333333333,0,0,118.3333333333333
#30348,2026-06,Counted,157,0,0,26.17,157,0,130.8333333333333,0,0,130.8333333333333
#30349,2026-06,Counted,28,0,3.95,5.33,31.95,0,23.33333333333334,0,0,23.33333333333334
#30350,2026-06,Counted,19,0,3.95,3.83,22.95,0,15.83333333333333,0,0,15.83333333333333
#30351,2026-06,Counted,83.5,0,0,13.92,83.5,0,69.58333333333334,0,0,69.58333333333334
#30352,2026-06,Counted,49,0,3.95,8.83,52.95,0,40.83333333333334,0,0,40.83333333333334
#30353,2026-06,Counted,244,0,0,40.67,244,0,203.3333333333333,0,0,203.3333333333333
#30354,2026-06,Counted,39.5,0,3.95,7.24,43.45,0,32.91666666666667,0,0,32.91666666666667
#30355,2026-06,Counted,19,0,3.95,3.83,22.95,0,15.83333333333333,0,0,15.83333333333333
#30356,2026-06,Counted,15,0,3.95,3.16,18.95,0,12.5,0,0,12.5
#30357,2026-06,Counted,44,0,3.95,7.99,47.95,0,36.66666666666667,0,0,36.66666666666667
#30358,2026-06,Counted,26,0,3.95,4.99,29.95,0,21.66666666666667,0,0,21.66666666666667
#30359,2026-06,Counted,71,0,0,11.83,71,0,59.16666666666667,0,0,59.16666666666667
#30360,2026-06,Counted,20,0,3.95,3.99,23.95,0,16.66666666666667,0,0,16.66666666666667
#30361,2026-06,Counted,132,0,0,22,132,0,110,0,0,110
#30362,2026-06,Counted,18,0,3.95,3.66,21.95,0,15,0,0,15
#30363,2026-06,Counted,73,0,0,12.17,73,0,60.83333333333334,0,0,60.83333333333334
#30364,2026-06,Counted,120,0,0,20,120,0,100,0,0,100
#30365,2026-06,Counted,96,0,0,16,96,0,80,0,0,80
#30366,2026-06,Counted,29.5,0,3.95,5.58,33.45,0,24.58333333333334,0,0,24.58333333333334
#30367,2026-06,Counted,16,0,3.95,3.33,19.95,0,13.33333333333333,0,0,13.33333333333333
#30368,2026-06,Counted,99,0,0,16.5,99,0,82.5,0,0,82.5
#30369,2026-06,Counted,86,0,0,14.33,86,0,71.66666666666667,0,0,71.66666666666667
#30370,2026-06,Counted,128,0,0,21.33,128,0,106.6666666666667,0,0,106.6666666666667
#30371,2026-06,Counted,14,0,3.95,2.99,17.95,0,11.66666666666667,0,0,11.66666666666667
#30372,2026-06,Counted,54,5,3.95,8.83,52.95,0,45,4.166666666666667,0,40.83333333333334
#30373,2026-06,Counted,18,0,3.95,3.66,21.95,0,15,0,0,15
#30374,2026-06,Counted,106,0,0,17.67,106,0,88.33333333333334,0,0,88.33333333333334
#30375,2026-06,Counted,103,10.3,0,15.45,92.7,0,85.83333333333334,8.583333333333334,0,77.25000000000001
#30376,2026-06,Counted,296,0,0,49.33,296,0,246.6666666666667,0,0,246.6666666666667
#30377,2026-06,Counted,45,5,3.95,7.33,43.95,0,37.5,4.166666666666667,0,33.33333333333334
#30378,2026-06,Counted,29.5,0,3.95,5.58,33.45,0,24.58333333333334,0,0,24.58333333333334
#30379,2026-06,Counted,84,0,0,14,84,0,70,0,0,70
#30380,2026-06,Counted,94,0,0,15.67,94,0,78.33333333333334,0,0,78.33333333333334
#30381,2026-06,Counted,88,0,0,14.67,88,0,73.33333333333334,0,0,73.33333333333334
#30382,2026-06,Counted,135,0,0,22.5,135,0,112.5,0,0,112.5
#30383,2026-06,Counted,94,0,0,15.67,94,0,78.33333333333334,0,0,78.33333333333334
#30384,2026-06,Counted,42,5,3.95,6.83,40.95,0,35,4.166666666666667,0,30.83333333333333
#30385,2026-06,Counted,52,0,0,8.67,52,0,43.33333333333334,0,0,43.33333333333334
#30386,2026-06,Counted,42,0,3.95,7.66,45.95,0,35,0,0,35
#30387,2026-06,Counted,112,5,0,17.83,107,0,93.33333333333334,4.166666666666667,0,89.16666666666667
#30388,2026-06,Counted,60.5,0,0,10.08,60.5,0,50.41666666666667,0,0,50.41666666666667
#30389,2026-06,Counted,84,8.4,0,12.6,75.59999999999999,0,70,7.000000000000001,0,63
#30390,2026-06,Counted,90,0,0,15,90,0,75,0,0,75
#30391,2026-06,Counted,58.5,0,0,9.75,58.5,0,48.75,0,0,48.75
#30392,2026-06,Counted,14,0,3.95,2.99,17.95,5.39,11.66666666666667,0,4.491666666666666,7.175000000000002
#30393,2026-06,Counted,13.5,0,3.95,2.91,17.45,0,11.25,0,0,11.25
#30394,2026-06,Counted,38,0,3.95,6.99,41.95,0,31.66666666666667,0,0,31.66666666666667
#30395,2026-06,Counted,349,0,0,58.17,349,0,290.8333333333334,0,0,290.8333333333334
#30396,2026-06,Counted,9,0,3.95,2.16,12.95,0,7.5,0,0,7.5
#30397,2026-06,Counted,35,0,3.95,6.49,38.95,0,29.16666666666667,0,0,29.16666666666667
#30398,2026-06,Counted,18,0,3.95,3.66,21.95,0,15,0,0,15
#30399,2026-06,Counted,53,0,0,8.83,53,0,44.16666666666667,0,0,44.16666666666667
#30400,2026-06,Counted,43,0,3.95,7.83,46.95,0,35.83333333333334,0,0,35.83333333333334
#30401,2026-06,Counted,28,0,3.95,5.33,31.95,0,23.33333333333334,0,0,23.33333333333334
#30402,2026-06,Counted,72,5,0,11.17,67,0,60,4.166666666666667,0,55.83333333333334
#30403,2026-06,Counted,17,0,3.95,3.49,20.95,0,14.16666666666667,0,0,14.16666666666667
#30404,2026-06,Counted,46,0,3.95,8.33,49.95,0,38.33333333333334,0,0,38.33333333333334
#30405,2026-06,Counted,77,0,0,12.83,77,0,64.16666666666667,0,0,64.16666666666667
#30406,2026-06,Counted,110,0,0,18.33,110,0,91.66666666666667,0,0,91.66666666666667
#30407,2026-06,Counted,77,5,0,12,72,0,64.16666666666667,4.166666666666667,0,60.00000000000001
#30408,2026-06,Counted,25,2.5,3.95,4.41,26.45,26.45,20.83333333333334,2.083333333333333,18.75,3.552713678800501e-15
#30409,2026-06,Counted,111.5,0,0,18.58,111.5,22.3,92.91666666666667,0,18.58333333333334,74.33333333333334
#30410,2026-06,Counted,28,0,3.95,5.33,31.95,0,23.33333333333334,0,0,23.33333333333334
#30411,2026-06,Counted,119,0,0,19.83,119,0,99.16666666666667,0,0,99.16666666666667
#30412,2026-06,Counted,18,0,3.95,3.66,21.95,0,15,0,0,15
#30413,2026-06,Counted,14,0,3.95,2.99,17.95,0,11.66666666666667,0,0,11.66666666666667
#30414,2026-06,Counted,78,0,0,13,78,0,65,0,0,65
#30415,2026-06,Counted,201,0,0,33.5,201,0,167.5,0,0,167.5
#30416,2026-06,Counted,40,0,3.95,7.33,43.95,0,33.33333333333334,0,0,33.33333333333334
#30417,2026-06,Counted,118,0,0,19.67,118,0,98.33333333333334,0,0,98.33333333333334
#30418,2026-06,Counted,20,0,3.95,3.99,23.95,0,16.66666666666667,0,0,16.66666666666667
#30419,2026-06,Counted,24,0,3.95,4.66,27.95,5.59,20,0,4.658333333333333,15.34166666666667
#30420,2026-06,Counted,134,0,0,22.33,134,0,111.6666666666667,0,0,111.6666666666667
#30421,2026-06,Counted,52,0,0,8.67,52,0,43.33333333333334,0,0,43.33333333333334
#30422,2026-06,Counted,157,15.7,0,23.55,141.3,0,130.8333333333333,13.08333333333333,0,117.75
#30423,2026-06,Counted,156,15.6,0,23.4,140.4,0,130,13,0,117
#30424,2026-06,Counted,18,0,3.95,3.66,21.95,0,15,0,0,15
#30425,2026-06,Counted,135,0,0,22.5,135,0,112.5,0,0,112.5
#30426,2026-06,Counted,91.5,0,0,15.25,91.5,0,76.25,0,0,76.25
#30427,2026-06,Counted,50,5,3.95,8.16,48.95,0,41.66666666666667,4.166666666666667,0,37.50000000000001
#30428,2026-06,Counted,94,0,0,15.67,94,0,78.33333333333334,0,0,78.33333333333334
#30429,2026-06,Counted,36,0,3.95,6.66,39.95,0,30,0,0,30
#30430,2026-06,Counted,16,0,3.95,3.33,19.95,0,13.33333333333333,0,0,13.33333333333333
#30431,2026-06,Counted,40,0,3.95,7.33,43.95,0,33.33333333333334,0,0,33.33333333333334
#30432,2026-06,Counted,184,0,0,30.67,184,0,153.3333333333333,0,0,153.3333333333333
#30433,2026-06,Counted,72,0,0,12,72,0,60,0,0,60
#30434,2026-06,Counted,38,0,3.95,6.99,41.95,0,31.66666666666667,0,0,31.66666666666667
#30435,2026-06,Counted,185,0,0,30.83,185,0,154.1666666666667,0,0,154.1666666666667
#30436,2026-06,Counted,161,16.1,0,24.15,144.9,0,134.1666666666667,13.41666666666667,0,120.75
#30437,2026-06,Counted,28,0,3.95,5.33,31.95,0,23.33333333333334,0,0,23.33333333333334
#30438,2026-06,Counted,102,0,0,17,102,0,85,0,0,85
#30439,2026-06,Counted,76,0,0,12.67,76,0,63.33333333333334,0,0,63.33333333333334
#30440,2026-06,Counted,19,0,3.95,3.83,22.95,0,15.83333333333333,0,0,15.83333333333333
#30441,2026-06,Counted,46,0,3.95,8.33,49.95,0,38.33333333333334,0,0,38.33333333333334
#30442,2026-06,Counted,63,0,0,10.5,63,0,52.5,0,0,52.5
#30443,2026-06,Counted,23,0,3.95,4.49,26.95,0,19.16666666666667,0,0,19.16666666666667
#30444,2026-06,Counted,60,0,0,10,60,0,50,0,0,50
#30445,2026-06,Counted,88,0,0,14.67,88,0,73.33333333333334,0,0,73.33333333333334
#30446,2026-06,Counted,66,0,0,11,66,0,55,0,0,55
#30447,2026-06,Counted,76,7.6,0,11.4,68.40000000000001,0,63.33333333333334,6.333333333333333,0,57
#30448,2026-06,Counted,22,5,3.95,3.49,20.95,0,18.33333333333334,4.166666666666667,0,14.16666666666667
#30449,2026-06,Counted,15,0,3.95,3.16,18.95,0,12.5,0,0,12.5
#30450,2026-06,Counted,18,0,3.95,3.66,21.95,0,15,0,0,15
#30451,2026-06,Counted,64,0,0,10.67,64,0,53.33333333333334,0,0,53.33333333333334
#30452,2026-06,Counted,219,0,0,36.5,219,0,182.5,0,0,182.5
#30453,2026-06,Counted,123,0,0,20.5,123,0,102.5,0,0,102.5
#30454,2026-06,Counted,48,0,3.95,8.66,51.95,0,40,0,0,40
#30455,2026-06,Counted,15,0,3.95,3.16,18.95,0,12.5,0,0,12.5
#30456,2026-06,Counted,66,5,0,10.17,61,0,55,4.166666666666667,0,50.83333333333334
#30457,2026-06,Counted,9.6,0,3.95,2.26,13.55,0,8,0,0,8
#30458,2026-06,Counted,21,0,3.95,4.16,24.95,0,17.5,0,0,17.5
#30459,2026-06,Counted,56,0,0,9.33,56,0,46.66666666666667,0,0,46.66666666666667
#30460,2026-06,Counted,39,0,3.95,7.16,42.95,0,32.5,0,0,32.5
#30461,2026-06,Counted,118,0,0,19.67,118,0,98.33333333333334,0,0,98.33333333333334
#30462,2026-06,Counted,106,0,0,17.67,106,0,88.33333333333334,0,0,88.33333333333334
#30463,2026-06,Counted,31,0,3.95,5.83,34.95,0,25.83333333333334,0,0,25.83333333333334
#30464,2026-06,Counted,74,7.4,0,11.1,66.59999999999999,0,61.66666666666667,6.166666666666667,0,55.50000000000001
#30465,2026-06,Counted,66,5,0,10.17,61,0,55,4.166666666666667,0,50.83333333333334
#30466,2026-06,Counted,65,0,0,10.83,65,0,54.16666666666667,0,0,54.16666666666667
#30467,2026-06,Counted,114,0,0,19,114,0,95,0,0,95
#30468,2026-06,Counted,116,0,0,19.33,116,0,96.66666666666667,0,0,96.66666666666667
#30469,2026-06,Counted,18,1.8,3.95,3.36,20.15,0,15,1.5,0,13.5
#30470,2026-06,Counted,196,0,0,32.67,196,0,163.3333333333333,0,0,163.3333333333333
#30471,2026-06,Counted,63,0,0,10.5,63,0,52.5,0,0,52.5
#30472,2026-06,Counted,108,0,0,18,108,0,90,0,0,90
#30473,2026-06,Counted,25,0,3.95,4.83,28.95,0,20.83333333333334,0,0,20.83333333333334
#30474,2026-06,Counted,26,0,3.95,4.99,29.95,0,21.66666666666667,0,0,21.66666666666667
#30475,2026-06,Counted,34,0,3.95,6.33,37.95,0,28.33333333333334,0,0,28.33333333333334
#30476,2026-06,Counted,49,0,3.95,8.83,52.95,0,40.83333333333334,0,0,40.83333333333334
#30477,2026-06,Counted,175,0,0,29.17,175,0,145.8333333333333,0,0,145.8333333333333
#30478,2026-06,Counted,95,0,0,15.83,95,0,79.16666666666667,0,0,79.16666666666667
#30479,2026-06,Counted,114,11.4,0,17.1,102.6,30.78,95,9.5,25.65,59.84999999999999
#30480,2026-06,Counted,37,0,3.95,6.83,40.95,0,30.83333333333334,0,0,30.83333333333334
#30481,2026-06,Counted,94,0,0,15.67,94,0,78.33333333333334,0,0,78.33333333333334
#30482,2026-06,Counted,46,0,3.95,8.33,49.95,0,38.33333333333334,0,0,38.33333333333334
#30483,2026-06,Counted,38,0,3.95,6.99,41.95,0,31.66666666666667,0,0,31.66666666666667
#30484,2026-06,Counted,70,0,0,11.67,70,0,58.33333333333334,0,0,58.33333333333334
#30485,2026-06,Counted,136,0,0,22.67,136,0,113.3333333333333,0,0,113.3333333333333
#30486,2026-06,Counted,96,0,0,16,96,0,80,0,0,80
#30487,2026-06,Counted,57,0,0,9.5,57,57,47.5,0,47.5,0
#30488,2026-06,Counted,38,0,3.95,6.99,41.95,0,31.66666666666667,0,0,31.66666666666667
#30489,2026-06,Counted,37,0,3.95,6.83,40.95,0,30.83333333333334,0,0,30.83333333333334
#30490,2026-06,Counted,19,1.9,3.95,3.51,21.05,0,15.83333333333333,1.583333333333333,0,14.25
#30491,2026-06,Counted,185,5,0,30,180,0,154.1666666666667,4.166666666666667,0,150
#30492,2026-06,Counted,59,0,0,9.83,59,0,49.16666666666667,0,0,49.16666666666667
#30493,2026-06,Counted,28,0,3.95,5.33,31.95,0,23.33333333333334,0,0,23.33333333333334
#30494,2026-06,Counted,117,0,0,19.5,117,0,97.5,0,0,97.5
#30495,2026-06,Counted,11,0,3.95,2.49,14.95,14.95,9.166666666666668,0,9.166666666666668,0
#30496,2026-06,Counted,119,0,0,19.83,119,0,99.16666666666667,0,0,99.16666666666667
#30497,2026-06,Counted,21,0,3.95,4.16,24.95,0,17.5,0,0,17.5
#30498,2026-06,Counted,92,0,0,15.33,92,0,76.66666666666667,0,0,76.66666666666667
#30499,2026-06,Counted,15,0,3.95,3.16,18.95,0,12.5,0,0,12.5
#30500,2026-06,Counted,104,0,0,17.33,104,0,86.66666666666667,0,0,86.66666666666667
#30501,2026-06,Counted,180,0,0,30,180,0,150,0,0,150
#30502,2026-06,Counted,11,0,3.95,2.49,14.95,0,9.166666666666668,0,0,9.166666666666668
#30503,2026-06,Counted,63,0,0,10.5,63,0,52.5,0,0,52.5
#30504,2026-06,Counted,52,0,0,8.67,52,0,43.33333333333334,0,0,43.33333333333334
#30505,2026-06,Counted,32,0,3.95,5.99,35.95,0,26.66666666666667,0,0,26.66666666666667
#30506,2026-06,Counted,98,9.800000000000001,0,14.7,88.2,0,81.66666666666667,8.166666666666668,0,73.5
#30507,2026-06,Counted,99,0,0,16.5,99,0,82.5,0,0,82.5
#30508,2026-06,Counted,66,0,0,11,66,0,55,0,0,55
#30509,2026-06,Counted,9,0,3.95,2.16,12.95,0,7.5,0,0,7.5
#30510,2026-06,Counted,66,0,0,11,66,0,55,0,0,55
#30511,2026-06,Counted,17,0,3.95,3.49,20.95,0,14.16666666666667,0,0,14.16666666666667
#30512,2026-06,Counted,32,0,3.95,5.99,35.95,0,26.66666666666667,0,0,26.66666666666667
#30513,2026-06,Counted,24,0,3.95,4.66,27.95,0,20,0,0,20
#30514,2026-06,Counted,218,0,0,36.33,218,0,181.6666666666667,0,0,181.6666666666667
#30515,2026-06,Counted,24,0,3.95,4.66,27.95,0,20,0,0,20
#30516,2026-06,Counted,15,0,3.95,3.16,18.95,0,12.5,0,0,12.5
#30517,2026-06,Counted,108,0,0,18,108,0,90,0,0,90
#30518,2026-06,Counted,41,0,3.95,7.49,44.95,0,34.16666666666667,0,0,34.16666666666667
#30519,2026-06,Counted,30,0,3.95,5.66,33.95,0,25,0,0,25
#30520,2026-06,Counted,72,0,0,12,72,72,60,0,60,0
#30521,2026-06,Counted,81,0,0,13.5,81,0,67.5,0,0,67.5
#30522,2026-06,Counted,80.5,0,0,13.42,80.5,0,67.08333333333334,0,0,67.08333333333334
#30523,2026-06,Counted,108,0,0,18,108,0,90,0,0,90
#30524,2026-06,Counted,57,5.7,0,8.550000000000001,51.3,0,47.5,4.75,0,42.75
#30525,2026-06,Counted,102,0,0,17,102,0,85,0,0,85
#30526,2026-06,Counted,128,0,0,21.33,128,0,106.6666666666667,0,0,106.6666666666667
#30527,2026-06,Counted,32.5,3.25,3.95,5.53,33.2,0,27.08333333333334,2.708333333333333,0,24.375
#30528,2026-06,Counted,12,0,3.95,2.66,15.95,0,10,0,0,10
#30529,2026-06,Counted,17,0,3.95,3.49,20.95,0,14.16666666666667,0,0,14.16666666666667
#30530,2026-06,Counted,18,0,3.95,3.66,21.95,0,15,0,0,15
#30531,2026-06,Counted,18,0,3.95,3.66,21.95,0,15,0,0,15
#30532,2026-06,Counted,11,0,3.95,2.49,14.95,0,9.166666666666668,0,0,9.166666666666668
#30533,2026-06,Counted,35,3.5,3.95,5.91,35.45,0,29.16666666666667,2.916666666666667,0,26.25
#30534,2026-06,Counted,201,0,0,33.5,201,0,167.5,0,0,167.5
#30535,2026-06,Counted,72,0,0,12,72,0,60,0,0,60
#30536,2026-06,Counted,285,0,0,47.5,285,0,237.5,0,0,237.5
#30537,2026-06,Counted,45,0,3.95,8.16,48.95,0,37.5,0,0,37.5
#30538,2026-06,Counted,26,0,3.95,4.99,29.95,0,21.66666666666667,0,0,21.66666666666667
#30539,2026-06,Counted,32,0,3.95,5.99,35.95,0,26.66666666666667,0,0,26.66666666666667
#30540,2026-06,Counted,45,0,3.95,8.16,48.95,0,37.5,0,0,37.5
#30541,2026-06,Counted,56,0,0,9.33,56,0,46.66666666666667,0,0,46.66666666666667
#30542,2026-06,Counted,22.5,0,3.95,4.41,26.45,0,18.75,0,0,18.75
#30543,2026-06,Counted,56,0,0,9.33,56,0,46.66666666666667,0,0,46.66666666666667
#30544,2026-06,Counted,78,0,0,13,78,0,65,0,0,65
#30545,2026-06,Counted,120,0,0,20,120,0,100,0,0,100
#30546,2026-06,Counted,78,0,0,13,78,0,65,0,0,65
#30547,2026-06,Counted,11,0,3.95,2.49,14.95,0,9.166666666666668,0,0,9.166666666666668
#30548,2026-06,Counted,38,3.8,3.95,6.36,38.15,0,31.66666666666667,3.166666666666667,0,28.5
#30549,2026-06,Counted,38,0,3.95,6.99,41.95,0,31.66666666666667,0,0,31.66666666666667
#30550,2026-06,Counted,16,0,3.95,3.33,19.95,0,13.33333333333333,0,0,13.33333333333333
#30551,2026-06,Counted,7.5,0,3.95,1.91,11.45,0,6.25,0,0,6.25
#30552,2026-06,Counted,18,0,3.95,3.66,21.95,0,15,0,0,15
#30553,2026-06,Counted,26,0,3.95,4.99,29.95,0,21.66666666666667,0,0,21.66666666666667
#30554,2026-06,Counted,21,0,3.95,4.16,24.95,0,17.5,0,0,17.5
#30555,2026-06,Counted,160,0,0,26.67,160,0,133.3333333333333,0,0,133.3333333333333
#30556,2026-06,Counted,106,0,0,17.67,106,0,88.33333333333334,0,0,88.33333333333334
#30557,2026-06,Counted,139,0,0,23.17,139,0,115.8333333333333,0,0,115.8333333333333
#30558,2026-06,Counted,16,0,3.95,3.33,19.95,0,13.33333333333333,0,0,13.33333333333333
#30559,2026-06,Counted,31,0,3.95,5.83,34.95,0,25.83333333333334,0,0,25.83333333333334
#30560,2026-06,Counted,24,0,3.95,4.66,27.95,0,20,0,0,20
#30561,2026-06,Counted,48,0,3.95,8.66,51.95,0,40,0,0,40
#30562,2026-06,Counted,44,0,3.95,7.99,47.95,0,36.66666666666667,0,0,36.66666666666667
#30563,2026-06,Counted,60,0,0,10,60,0,50,0,0,50
#30564,2026-06,Counted,14,0,3.95,2.99,17.95,0,11.66666666666667,0,0,11.66666666666667
#30565,2026-06,Counted,14,0,3.95,2.99,17.95,0,11.66666666666667,0,0,11.66666666666667
#30566,2026-06,Counted,21,0,3.95,4.16,24.95,0,17.5,0,0,17.5
#30567,2026-06,Counted,22,0,3.95,4.33,25.95,0,18.33333333333334,0,0,18.33333333333334
#30568,2026-06,Counted,41,4.1,3.95,6.81,40.85,0,34.16666666666667,3.416666666666667,0,30.75
#30569,2026-06,Counted,21,0,3.95,4.16,24.95,0,17.5,0,0,17.5
#30570,2026-06,Counted,87,0,0,14.5,87,0,72.5,0,0,72.5
#30571,2026-06,Counted,27,0,3.95,5.16,30.95,9.289999999999999,22.5,0,7.741666666666666,14.75833333333333
#30572,2026-06,Counted,12,0,3.95,2.66,15.95,0,10,0,0,10
#30573,2026-06,Counted,129,0,0,21.5,129,0,107.5,0,0,107.5
#30574,2026-06,Counted,9.6,0,3.95,2.26,13.55,0,8,0,0,8
#30575,2026-06,Counted,19.2,0,3.95,3.86,23.15,0,16,0,0,16
#30576,2026-06,Counted,11,0,3.95,2.49,14.95,14.95,9.166666666666668,0,9.166666666666668,0
#30577,2026-06,Counted,230,0,0,38.33,230,0,191.6666666666667,0,0,191.6666666666667
#30578,2026-06,Counted,38,0,3.95,6.99,41.95,0,31.66666666666667,0,0,31.66666666666667
#30579,2026-06,Counted,21,0,3.95,4.16,24.95,0,17.5,0,0,17.5
#30580,2026-06,Counted,38,0,3.95,6.99,41.95,0,31.66666666666667,0,0,31.66666666666667
#30581,2026-06,Counted,11,0,3.95,2.49,14.95,0,9.166666666666668,0,0,9.166666666666668
#30582,2026-06,Counted,65,6.5,0,9.75,58.5,17.55,54.16666666666667,5.416666666666667,14.625,34.12500000000001
#30583,2026-06,Counted,43,0,3.95,7.83,46.95,0,35.83333333333334,0,0,35.83333333333334
#30584,2026-06,Counted,85,0,0,14.17,85,0,70.83333333333334,0,0,70.83333333333334
#30585,2026-06,Counted,7.5,0.75,3.95,1.78,10.7,0,6.25,0.625,0,5.625
#30586,2026-06,Counted,56,0,0,9.33,56,0,46.66666666666667,0,0,46.66666666666667
#30587,2026-06,Counted,26,0,3.95,4.99,29.95,0,21.66666666666667,0,0,21.66666666666667
#30588,2026-06,Counted,143,0,0,23.83,143,0,119.1666666666667,0,0,119.1666666666667
#30589,2026-06,Counted,16,0,3.95,3.33,19.95,0,13.33333333333333,0,0,13.33333333333333
#30590,2026-06,Counted,27,2.7,3.95,4.71,28.25,0,22.5,2.25,0,20.25
#30591,2026-06,Counted,96,0,0,16,96,0,80,0,0,80
#30592,2026-06,Counted,54,0,0,9,54,0,45,0,0,45
#30593,2026-06,Counted,169,0,0,28.17,169,84.5,140.8333333333333,0,70.41666666666667,70.41666666666667
#30594,2026-06,Counted,28,0,3.95,5.33,31.95,0,23.33333333333334,0,0,23.33333333333334
#30595,2026-06,Counted,44,0,3.95,7.99,47.95,0,36.66666666666667,0,0,36.66666666666667
#30596,2026-06,Counted,258,0,0,43,258,0,215,0,0,215
#30597,2026-06,Counted,64,0,0,10.67,64,0,53.33333333333334,0,0,53.33333333333334
#30598,2026-06,Counted,132,0,0,22,132,0,110,0,0,110
#30599,2026-06,Counted,9,0,3.95,2.16,12.95,0,7.5,0,0,7.5
#30600,2026-06,Counted,30,0,3.95,5.66,33.95,0,25,0,0,25
#30601,2026-06,Counted,68,0,0,11.33,68,0,56.66666666666667,0,0,56.66666666666667
#30602,2026-06,Counted,38,0,3.95,6.99,41.95,0,31.66666666666667,0,0,31.66666666666667
#30603,2026-06,Counted,23,0,3.95,4.49,26.95,0,19.16666666666667,0,0,19.16666666666667
#30604,2026-06,Counted,14,0,3.95,2.99,17.95,0,11.66666666666667,0,0,11.66666666666667
#30605,2026-06,Counted,158,0,0,26.33,158,0,131.6666666666667,0,0,131.6666666666667
#30606,2026-06,Counted,71,0,0,11.83,71,0,59.16666666666667,0,0,59.16666666666667
#30607,2026-06,Counted,151,0,0,25.17,151,0,125.8333333333333,0,0,125.8333333333333
#30608,2026-06,Counted,24,0,3.95,4.66,27.95,0,20,0,0,20
#30609,2026-06,Counted,7.5,0,3.95,1.91,11.45,0,6.25,0,0,6.25
#30610,2026-06,Counted,217,21.7,0,32.55,195.3,0,180.8333333333333,18.08333333333333,0,162.75
#30611,2026-06,Counted,40,0,3.95,7.33,43.95,0,33.33333333333334,0,0,33.33333333333334
#30612,2026-06,Counted,95,0,0,15.83,95,0,79.16666666666667,0,0,79.16666666666667
#30613,2026-06,Counted,21,0,3.95,4.16,24.95,0,17.5,0,0,17.5
#30614,2026-06,Counted,12,0,3.95,2.66,15.95,0,10,0,0,10
#30615,2026-06,Counted,153,15.3,0,22.95,137.7,0,127.5,12.75,0,114.75
#30616,2026-06,Counted,99,0,0,16.5,99,0,82.5,0,0,82.5
#30617,2026-06,Counted,24,0,3.95,4.66,27.95,0,20,0,0,20
#30618,2026-06,Counted,55,0,0,9.17,55,0,45.83333333333334,0,0,45.83333333333334
#30619,2026-06,Counted,9,0.9,3.95,2.01,12.05,0,7.5,0.75,0,6.75
#30620,2026-06,Counted,27,0,3.95,5.16,30.95,0,22.5,0,0,22.5
#30621,2026-06,Counted,63,0,0,10.5,63,0,52.5,0,0,52.5
#30622,2026-06,Counted,160,16,0,24,144,0,133.3333333333333,13.33333333333333,0,120
#30623,2026-06,Counted,96,0,0,16,96,0,80,0,0,80
#30624,2026-06,Counted,32,0,3.95,5.99,35.95,0,26.66666666666667,0,0,26.66666666666667
#30625,2026-06,Counted,68,0,0,11.33,68,0,56.66666666666667,0,0,56.66666666666667
#30626,2026-06,Counted,106,0,0,17.67,106,0,88.33333333333334,0,0,88.33333333333334
#30627,2026-06,Counted,84,0,0,14,84,0,70,0,0,70
#30628,2026-06,Counted,237,0,0,39.5,237,0,197.5,0,0,197.5
#30629,2026-06,Counted,21,0,3.95,4.16,24.95,0,17.5,0,0,17.5
#30630,2026-06,Counted,19,0,3.95,3.83,22.95,0,15.83333333333333,0,0,15.83333333333333
#30631,2026-06,Counted,48,0,3.95,8.66,51.95,0,40,0,0,40
#30632,2026-06,Counted,18,0,3.95,3.66,21.95,0,15,0,0,15
#30633,2026-06,Counted,74,0,0,12.33,74,0,61.66666666666667,0,0,61.66666666666667
#30634,2026-06,Counted,51,0,0,8.5,51,0,42.5,0,0,42.5
#30635,2026-06,Counted,253,0,0,42.17,253,0,210.8333333333333,0,0,210.8333333333333
#30636,2026-06,Counted,89.5,0,0,14.92,89.5,0,74.58333333333334,0,0,74.58333333333334
#30637,2026-06,Counted,22,0,3.95,4.33,25.95,0,18.33333333333334,0,0,18.33333333333334
#30638,2026-06,Counted,28,0,3.95,5.33,31.95,0,23.33333333333334,0,0,23.33333333333334
#30639,2026-06,Counted,12,0,3.95,2.66,15.95,0,10,0,0,10
#30640,2026-06,Counted,49,0,3.95,8.83,52.95,0,40.83333333333334,0,0,40.83333333333334
#30641,2026-06,Counted,27,0,3.95,5.16,30.95,0,22.5,0,0,22.5
#30642,2026-06,Counted,226,0,0,37.67,226,0,188.3333333333333,0,0,188.3333333333333
#30643,2026-06,Counted,51,5.1,3.95,8.31,49.85,0,42.5,4.25,0,38.25
#30644,2026-06,Counted,111,0,0,18.5,111,0,92.5,0,0,92.5
#30645,2026-06,Counted,28,0,3.95,5.33,31.95,0,23.33333333333334,0,0,23.33333333333334
#30646,2026-06,Counted,73,0,0,12.17,73,0,60.83333333333334,0,0,60.83333333333334
#30647,2026-06,Counted,22,0,3.95,4.33,25.95,0,18.33333333333334,0,0,18.33333333333334
#30648,2026-06,Counted,140,0,0,23.33,140,0,116.6666666666667,0,0,116.6666666666667
#30649,2026-06,Counted,84,0,0,14,84,0,70,0,0,70
#30650,2026-06,Counted,76,5,0,11.83,71,0,63.33333333333334,4.166666666666667,0,59.16666666666667
#30651,2026-06,Counted,167,0,0,27.83,167,0,139.1666666666667,0,0,139.1666666666667
#30652,2026-06,Counted,64,0,0,10.67,64,0,53.33333333333334,0,0,53.33333333333334
#30653,2026-06,Counted,76,0,0,12.67,76,0,63.33333333333334,0,0,63.33333333333334
#30654,2026-06,Counted,12,1.2,3.95,2.46,14.75,0,10,1,0,9
#30655,2026-06,Counted,42,0,3.95,7.66,45.95,0,35,0,0,35
#30656,2026-06,Counted,42,0,3.95,7.66,45.95,0,35,0,0,35
#30657,2026-06,Test order,11,0,3.95,2.49,14.95,0,9.166666666666668,0,0,9.166666666666668
#30658,2026-06,Counted,144,0,0,24,144,0,120,0,0,120
#30659,2026-06,Counted,34,0,3.95,6.33,37.95,0,28.33333333333334,0,0,28.33333333333334
#30660,2026-06,Counted,77,0,0,12.83,77,0,64.16666666666667,0,0,64.16666666666667
#30661,2026-06,Counted,36,0,3.95,6.66,39.95,0,30,0,0,30
#30662,2026-06,Counted,69.5,0,0,11.58,69.5,0,57.91666666666667,0,0,57.91666666666667
#30663,2026-06,Counted,24,0,3.95,4.66,27.95,0,20,0,0,20
#30664,2026-06,Counted,60,6,0,9,54,0,50,5,0,45
#30665,2026-06,Counted,119,0,0,19.83,119,0,99.16666666666667,0,0,99.16666666666667
#30666,2026-06,Counted,109,0,0,18.17,109,32.7,90.83333333333334,0,27.25,63.58333333333334
#30667,2026-06,Counted,107,10.7,0,16.05,96.3,0,89.16666666666667,8.916666666666666,0,80.25
#30668,2026-06,Counted,19.2,0,3.95,3.86,23.15,0,16,0,0,16
#30669,2026-06,Counted,59.5,0,0,9.92,59.5,0,49.58333333333334,0,0,49.58333333333334
#30670,2026-06,Counted,17,0,3.95,3.49,20.95,0,14.16666666666667,0,0,14.16666666666667
#30671,2026-06,Counted,57.5,0,0,9.58,57.5,0,47.91666666666667,0,0,47.91666666666667
#30672,2026-06,Counted,86,0,0,14.33,86,0,71.66666666666667,0,0,71.66666666666667
#30673,2026-06,Counted,25,0,3.95,4.83,28.95,0,20.83333333333334,0,0,20.83333333333334
#30674,2026-06,Counted,135,13.5,0,20.25,121.5,0,112.5,11.25,0,101.25
#30675,2026-06,Counted,32,5,3.95,5.16,30.95,0,26.66666666666667,4.166666666666667,0,22.5
#30676,2026-06,Counted,31,0,3.95,5.83,34.95,0,25.83333333333334,0,0,25.83333333333334
#30677,2026-06,Counted,55,0,0,9.17,55,30,45.83333333333334,0,25,20.83333333333334
#30678,2026-06,Counted,22,2.2,3.95,3.96,23.75,0,18.33333333333334,1.833333333333333,0,16.5
#30679,2026-06,Counted,54,0,0,9,54,0,45,0,0,45
#30680,2026-06,Counted,93,0,0,15.5,93,0,77.5,0,0,77.5
#30681,2026-06,Counted,49,0,3.95,8.83,52.95,0,40.83333333333334,0,0,40.83333333333334
#30682,2026-06,Counted,66,6.6,0,9.9,59.4,0,55,5.5,0,49.5
#30683,2026-06,Counted,51,0,0,8.5,51,0,42.5,0,0,42.5
#30684,2026-06,Counted,76,0,0,12.67,76,0,63.33333333333334,0,0,63.33333333333334
#30685,2026-06,Counted,28,0,3.95,5.33,31.95,0,23.33333333333334,0,0,23.33333333333334
#30686,2026-06,Counted,161,0,0,26.83,161,32.2,134.1666666666667,0,26.83333333333334,107.3333333333333
#30687,2026-06,Counted,51,0,0,8.5,51,0,42.5,0,0,42.5
#30688,2026-06,Counted,58,0,0,9.67,58,0,48.33333333333334,0,0,48.33333333333334
#30689,2026-06,Counted,102,0,0,17,102,0,85,0,0,85
#30690,2026-06,Counted,85,0,0,14.17,85,0,70.83333333333334,0,0,70.83333333333334
#30691,2026-06,Counted,231,0,0,38.5,231,0,192.5,0,0,192.5
#30692,2026-06,Counted,28,0,3.95,5.33,31.95,0,23.33333333333334,0,0,23.33333333333334
#30693,2026-06,Counted,90,0,0,15,90,0,75,0,0,75
#30694,2026-06,Counted,9.6,0,3.95,2.26,13.55,0,8,0,0,8
#30695,2026-06,Counted,154.5,5,0,24.92,149.5,0,128.75,4.166666666666667,0,124.5833333333333
#30696,2026-06,Counted,15,0,3.95,3.16,18.95,0,12.5,0,0,12.5
#30697,2026-06,Counted,38,0,3.95,6.99,41.95,0,31.66666666666667,0,0,31.66666666666667
#30698,2026-06,Counted,60,0,0,10,60,0,50,0,0,50
#30699,2026-06,Counted,43,0,3.95,7.83,46.95,0,35.83333333333334,0,0,35.83333333333334
#30700,2026-06,Counted,155,0,0,25.83,155,0,129.1666666666667,0,0,129.1666666666667
#30701,2026-06,Counted,52,0,0,8.67,52,0,43.33333333333334,0,0,43.33333333333334
#30702,2026-06,Counted,91,0,0,15.17,91,0,75.83333333333334,0,0,75.83333333333334
#30703,2026-06,Counted,18,0,3.95,3.66,21.95,0,15,0,0,15
#30704,2026-06,Counted,29,0,3.95,5.49,32.95,0,24.16666666666667,0,0,24.16666666666667
#30705,2026-06,Counted,106,0,0,17.67,106,106,88.33333333333334,0,88.33333333333334,0
#30706,2026-06,Counted,78,0,0,13,78,0,65,0,0,65
#30707,2026-06,Counted,78,0,0,13,78,0,65,0,0,65
#30708,2026-06,Counted,25,0,3.95,4.83,28.95,0,20.83333333333334,0,0,20.83333333333334
#30709,2026-06,Counted,72,0,0,12,72,0,60,0,0,60
#30710,2026-06,Counted,26,0,3.95,4.99,29.95,0,21.66666666666667,0,0,21.66666666666667
#30711,2026-06,Counted,14,0,3.95,2.99,17.95,0,11.66666666666667,0,0,11.66666666666667
#30712,2026-06,Counted,163,0,0,27.17,163,0,135.8333333333333,0,0,135.8333333333333
#30713,2026-06,Counted,25,0,3.95,4.83,28.95,0,20.83333333333334,0,0,20.83333333333334
#30714,2026-06,Counted,88,8.800000000000001,0,13.2,79.2,0,73.33333333333334,7.333333333333334,0,66.00000000000001
#30715,2026-06,Counted,134,13.4,0,20.1,120.6,0,111.6666666666667,11.16666666666667,0,100.5
#30716,2026-06,Counted,71,0,0,11.83,71,0,59.16666666666667,0,0,59.16666666666667
#30717,2026-06,Counted,108,0,0,18,108,0,90,0,0,90
#30718,2026-06,Counted,32,0,3.95,5.99,35.95,17.98,26.66666666666667,0,14.98333333333333,11.68333333333333
#30719,2026-06,Counted,32,0,3.95,5.99,35.95,0,26.66666666666667,0,0,26.66666666666667
#30720,2026-06,Counted,39,0,3.95,7.16,42.95,0,32.5,0,0,32.5
#30721,2026-06,Counted,108,0,0,18,108,0,90,0,0,90
#30722,2026-06,Counted,78,0,0,13,78,0,65,0,0,65
#30723,2026-06,Counted,66,0,0,11,66,66,55,0,55,0
#30724,2026-06,Counted,26,0,3.95,4.99,29.95,0,21.66666666666667,0,0,21.66666666666667
#30725,2026-06,Counted,89,5,0,14,84,0,74.16666666666667,4.166666666666667,0,70
#30726,2026-06,Counted,38,3.8,3.95,6.36,38.15,11.45,31.66666666666667,3.166666666666667,9.541666666666666,18.95833333333334
#30727,2026-06,Counted,58,0,0,9.67,58,17.4,48.33333333333334,0,14.5,33.83333333333334
#30728,2026-06,Counted,20,0,3.95,3.99,23.95,0,16.66666666666667,0,0,16.66666666666667
#30729,2026-06,Counted,9.6,0,3.95,2.26,13.55,0,8,0,0,8
#30730,2026-06,Counted,12,0,3.95,2.66,15.95,0,10,0,0,10
#30731,2026-06,Counted,72,0,0,12,72,0,60,0,0,60
#30732,2026-06,Counted,36.5,0,3.95,6.74,40.45,0,30.41666666666667,0,0,30.41666666666667
#30733,2026-06,Counted,125.5,12.55,0,18.83,112.95,0,104.5833333333333,10.45833333333333,0,94.12500000000001
#30734,2026-06,Counted,80,0,0,13.33,80,0,66.66666666666667,0,0,66.66666666666667
#30735,2026-06,Counted,62,0,0,10.33,62,0,51.66666666666667,0,0,51.66666666666667
#30736,2026-06,Counted,30,0,3.95,5.66,33.95,16.98,25,0,14.15,10.85
#30737,2026-06,Counted,17,0,3.95,3.49,20.95,0,14.16666666666667,0,0,14.16666666666667
#30738,2026-06,Counted,54,0,0,9,54,0,45,0,0,45
#30739,2026-06,Cancelled / voided (never shipped),52,0,0,8.67,52,52,43.33333333333334,0,43.33333333333334,0
#30740,2026-06,Counted,26,0,3.95,4.99,29.95,0,21.66666666666667,0,0,21.66666666666667
#30741,2026-06,Counted,99,0,0,16.5,99,0,82.5,0,0,82.5
#30742,2026-06,Counted,214,0,0,35.67,214,0,178.3333333333333,0,0,178.3333333333333
#30743,2026-06,Counted,42,4.2,3.95,6.96,41.75,0,35,3.5,0,31.5
#30744,2026-06,Counted,36,0,3.95,6.66,39.95,0,30,0,0,30
#30745,2026-06,Counted,74,0,0,12.33,74,0,61.66666666666667,0,0,61.66666666666667
#30746,2026-06,Counted,32,0,3.95,5.99,35.95,0,26.66666666666667,0,0,26.66666666666667
#30747,2026-06,Counted,25,0,3.95,4.83,28.95,0,20.83333333333334,0,0,20.83333333333334
#30748,2026-06,Counted,9,0,3.95,2.16,12.95,0,7.5,0,0,7.5
#30749,2026-06,Counted,59,0,0,9.83,59,0,49.16666666666667,0,0,49.16666666666667
#30750,2026-06,Counted,68,0,0,11.33,68,0,56.66666666666667,0,0,56.66666666666667
#30751,2026-06,Counted,60,0,0,10,60,0,50,0,0,50
#30752,2026-06,Counted,159,0,0,26.5,159,0,132.5,0,0,132.5
#30753,2026-06,Counted,77,0,0,12.83,77,0,64.16666666666667,0,0,64.16666666666667
#30754,2026-06,Counted,169,0,0,28.17,169,0,140.8333333333333,0,0,140.8333333333333
#30755,2026-06,Counted,47.6,0,3.95,8.59,51.55,0,39.66666666666667,0,0,39.66666666666667
#30756,2026-06,Counted,62,0,0,10.33,62,0,51.66666666666667,0,0,51.66666666666667
#30757,2026-06,Counted,115.5,0,0,19.25,115.5,0,96.25,0,0,96.25
#30758,2026-06,Counted,53,0,0,8.83,53,0,44.16666666666667,0,0,44.16666666666667
#30759,2026-06,Counted,15,0,3.95,3.16,18.95,0,12.5,0,0,12.5
#30760,2026-06,Counted,38,0,3.95,6.99,41.95,0,31.66666666666667,0,0,31.66666666666667
#30761,2026-06,Counted,15,0,3.95,3.16,18.95,0,12.5,0,0,12.5
#30762,2026-06,Counted,114,0,0,19,114,0,95,0,0,95
#30763,2026-06,Counted,62,0,0,10.33,62,0,51.66666666666667,0,0,51.66666666666667
#30764,2026-06,Counted,109,5,0,17.33,104,0,90.83333333333334,4.166666666666667,0,86.66666666666667
#30765,2026-06,Counted,40,0,3.95,7.33,43.95,0,33.33333333333334,0,0,33.33333333333334
#30766,2026-06,Counted,64,0,0,10.67,64,0,53.33333333333334,0,0,53.33333333333334
#30767,2026-06,Counted,82,0,0,13.67,82,0,68.33333333333334,0,0,68.33333333333334
#30768,2026-06,Counted,32,0,3.95,5.99,35.95,0,26.66666666666667,0,0,26.66666666666667
#30769,2026-06,Counted,87,0,0,14.5,87,0,72.5,0,0,72.5
#30770,2026-06,Counted,103,0,0,17.17,103,0,85.83333333333334,0,0,85.83333333333334
#30771,2026-06,Counted,90,0,0,15,90,0,75,0,0,75
#30772,2026-06,Counted,72,0,0,12,72,0,60,0,0,60
#30773,2026-06,Counted,22,0,3.95,4.33,25.95,0,18.33333333333334,0,0,18.33333333333334
#30774,2026-06,Counted,47,0,3.95,8.49,50.95,0,39.16666666666667,0,0,39.16666666666667
#30775,2026-06,Counted,63,0,0,10.5,63,0,52.5,0,0,52.5
#30776,2026-06,Counted,36,0,3.95,6.66,39.95,0,30,0,0,30
#30777,2026-06,Counted,16,0,3.95,3.33,19.95,0,13.33333333333333,0,0,13.33333333333333
#30778,2026-06,Counted,50,0,0,8.33,50,0,41.66666666666667,0,0,41.66666666666667
#30779,2026-06,Counted,109,0,0,18.17,109,0,90.83333333333334,0,0,90.83333333333334
#30780,2026-06,Counted,135,0,0,22.5,135,0,112.5,0,0,112.5
#30781,2026-06,Counted,108.5,0,0,18.08,108.5,0,90.41666666666667,0,0,90.41666666666667
#30782,2026-06,Counted,108,0,0,18,108,0,90,0,0,90
#30783,2026-06,Counted,45,4.5,3.95,7.41,44.45,0,37.5,3.75,0,33.75
#30784,2026-06,Counted,48,0,3.95,8.66,51.95,0,40,0,0,40
#30785,2026-06,Counted,76,0,0,12.67,76,0,63.33333333333334,0,0,63.33333333333334
#30786,2026-06,Counted,32,0,3.95,5.99,35.95,0,26.66666666666667,0,0,26.66666666666667
#30787,2026-06,Counted,108,0,0,18,108,0,90,0,0,90
#30788,2026-06,Counted,52,5.2,3.95,8.460000000000001,50.75,0,43.33333333333334,4.333333333333334,0,39
#30789,2026-06,Counted,70,0,0,11.67,70,0,58.33333333333334,0,0,58.33333333333334
#30790,2026-06,Counted,19.2,1.92,3.95,3.54,21.23,0,16,1.6,0,14.4
#30791,2026-06,Counted,87,0,0,14.5,87,0,72.5,0,0,72.5
#30792,2026-06,Counted,18,0,3.95,3.66,21.95,0,15,0,0,15
#30793,2026-06,Counted,48,5,3.95,7.83,46.95,0,40,4.166666666666667,0,35.83333333333334
#30794,2026-06,Counted,45.5,0,3.95,8.24,49.45,0,37.91666666666667,0,0,37.91666666666667
#30795,2026-06,Counted,60,0,0,10,60,0,50,0,0,50
#30796,2026-06,Counted,25,5,3.95,3.99,23.95,0,20.83333333333334,4.166666666666667,0,16.66666666666667
#30797,2026-06,Counted,56,0,0,9.33,56,0,46.66666666666667,0,0,46.66666666666667
#30798,2026-06,Counted,15,0,3.95,3.16,18.95,0,12.5,0,0,12.5
#30799,2026-06,Counted,34,0,3.95,6.33,37.95,0,28.33333333333334,0,0,28.33333333333334
#30800,2026-06,Counted,25,0,3.95,4.83,28.95,0,20.83333333333334,0,0,20.83333333333334
#30801,2026-06,Counted,25,0,3.95,4.83,28.95,0,20.83333333333334,0,0,20.83333333333334
#30802,2026-06,Counted,63,0,0,10.5,63,0,52.5,0,0,52.5
#30803,2026-06,Counted,118,11.8,0,17.7,106.2,0,98.33333333333334,9.833333333333334,0,88.50000000000001
#30804,2026-06,Counted,44.5,0,3.95,8.08,48.45,0,37.08333333333334,0,0,37.08333333333334
#30805,2026-06,Counted,14,0,3.95,2.99,17.95,0,11.66666666666667,0,0,11.66666666666667
#30806,2026-06,Counted,63,6.3,0,9.449999999999999,56.7,0,52.5,5.25,0,47.25
#30807,2026-06,Counted,43,0,3.95,7.83,46.95,0,35.83333333333334,0,0,35.83333333333334
#30808,2026-06,Counted,114,0,0,19,114,0,95,0,0,95
#30809,2026-06,Counted,167,0,0,27.83,167,0,139.1666666666667,0,0,139.1666666666667
#30810,2026-06,Counted,36,0,3.95,6.66,39.95,0,30,0,0,30
#30811,2026-06,Counted,278,0,0,46.33,278,0,231.6666666666667,0,0,231.6666666666667
#30812,2026-06,Counted,14,0,3.95,2.99,17.95,0,11.66666666666667,0,0,11.66666666666667
#30813,2026-06,Counted,41,0,3.95,7.49,44.95,0,34.16666666666667,0,0,34.16666666666667
#30814,2026-06,Counted,15,0,3.95,3.16,18.95,0,12.5,0,0,12.5
#30815,2026-06,Counted,105,0,0,17.5,105,0,87.5,0,0,87.5
#30816,2026-06,Counted,45,0,3.95,8.16,48.95,48.95,37.5,0,37.5,0
#30817,2026-06,Counted,63,0,0,10.5,63,0,52.5,0,0,52.5
#30818,2026-06,Counted,38,0,3.95,6.99,41.95,0,31.66666666666667,0,0,31.66666666666667
#30819,2026-06,Counted,134.5,0,0,22.42,134.5,0,112.0833333333333,0,0,112.0833333333333
#30820,2026-06,Counted,30,0,3.95,5.66,33.95,0,25,0,0,25
#30821,2026-06,Counted,14,0,3.95,2.99,17.95,0,11.66666666666667,0,0,11.66666666666667
#30822,2026-06,Counted,64,0,0,10.67,64,0,53.33333333333334,0,0,53.33333333333334
#30823,2026-06,Counted,90,0,0,15,90,18,75,0,15,60
#30824,2026-06,Counted,36,0,3.95,6.66,39.95,0,30,0,0,30
#30825,2026-06,Counted,26,0,3.95,4.99,29.95,0,21.66666666666667,0,0,21.66666666666667
#30826,2026-06,Counted,119,0,0,19.83,119,0,99.16666666666667,0,0,99.16666666666667
#30827,2026-06,Counted,69,6.9,0,10.35,62.1,0,57.5,5.750000000000001,0,51.75
#30828,2026-06,Counted,60,0,0,10,60,0,50,0,0,50
#30829,2026-06,Counted,113,0,0,18.83,113,0,94.16666666666667,0,0,94.16666666666667
#30830,2026-06,Counted,78,0,0,13,78,0,65,0,0,65
#30831,2026-06,Counted,50,0,0,8.33,50,50,41.66666666666667,0,41.66666666666667,0
#30832,2026-06,Counted,22,0,3.95,4.33,25.95,0,18.33333333333334,0,0,18.33333333333334
#30833,2026-06,Counted,24,0,3.95,4.66,27.95,0,20,0,0,20
#30834,2026-06,Counted,135,0,0,22.5,135,0,112.5,0,0,112.5
#30835,2026-06,Counted,26,0,3.95,4.99,29.95,0,21.66666666666667,0,0,21.66666666666667
#30836,2026-06,Counted,38,0,3.95,6.99,41.95,0,31.66666666666667,0,0,31.66666666666667
#30837,2026-06,Counted,126,0,0,21,126,0,105,0,0,105
#30838,2026-06,Counted,36,0,3.95,6.66,39.95,0,30,0,0,30
#30839,2026-06,Counted,83,0,0,13.83,83,0,69.16666666666667,0,0,69.16666666666667
#30840,2026-06,Counted,18,0,3.95,3.66,21.95,10.98,15,0,9.15,5.85
#30841,2026-06,Counted,9,0,3.95,2.16,12.95,0,7.5,0,0,7.5
#30842,2026-06,Counted,158,0,0,26.33,158,0,131.6666666666667,0,0,131.6666666666667
#30843,2026-06,Counted,68,0,0,11.33,68,0,56.66666666666667,0,0,56.66666666666667
#30844,2026-06,Counted,148,0,0,24.67,148,0,123.3333333333333,0,0,123.3333333333333
#30845,2026-06,Counted,162,0,0,27,162,0,135,0,0,135
#30846,2026-06,Counted,52,5.2,3.95,8.460000000000001,50.75,0,43.33333333333334,4.333333333333334,0,39
#30847,2026-06,Counted,175.5,0,0,29.25,175.5,0,146.25,0,0,146.25
#30848,2026-06,Counted,17,0,3.95,3.49,20.95,0,14.16666666666667,0,0,14.16666666666667
#30849,2026-06,Counted,11,0,3.95,2.49,14.95,0,9.166666666666668,0,0,9.166666666666668
#30850,2026-06,Counted,18,0,3.95,3.66,21.95,0,15,0,0,15
#30851,2026-06,Counted,126,12.6,0,18.9,113.4,0,105,10.5,0,94.5
#30852,2026-06,Counted,80,0,0,13.33,80,16,66.66666666666667,0,13.33333333333333,53.33333333333334
#30853,2026-06,Counted,237,23.7,0,35.55,213.3,0,197.5,19.75,0,177.75
#30854,2026-06,Counted,83.5,0,0,13.92,83.5,0,69.58333333333334,0,0,69.58333333333334
#30855,2026-06,Counted,334,0,0,55.67,334,0,278.3333333333334,0,0,278.3333333333334
#30856,2026-06,Counted,26,0,3.95,4.99,29.95,0,21.66666666666667,0,0,21.66666666666667
#30857,2026-06,Counted,105,0,0,17.5,105,0,87.5,0,0,87.5
#30858,2026-06,Counted,52,0,0,8.67,52,0,43.33333333333334,0,0,43.33333333333334
#30859,2026-06,Counted,40,0,3.95,7.33,43.95,0,33.33333333333334,0,0,33.33333333333334
#30860,2026-06,Counted,53,0,0,8.83,53,0,44.16666666666667,0,0,44.16666666666667
#30861,2026-06,Counted,33,3.3,3.95,5.61,33.65,0,27.5,2.75,0,24.75
#30862,2026-06,Counted,48,0,3.95,8.66,51.95,0,40,0,0,40
#30863,2026-06,Counted,71,0,0,11.83,71,0,59.16666666666667,0,0,59.16666666666667
#30864,2026-06,Counted,83,8.300000000000001,0,12.45,74.7,0,69.16666666666667,6.916666666666668,0,62.25
#30865,2026-06,Counted,95,0,0,15.83,95,0,79.16666666666667,0,0,79.16666666666667
#30866,2026-06,Counted,78,0,0,13,78,0,65,0,0,65
#30867,2026-06,Counted,12,0,3.95,2.66,15.95,0,10,0,0,10
#30868,2026-06,Counted,110,0,0,18.33,110,0,91.66666666666667,0,0,91.66666666666667
#30869,2026-06,Counted,79,0,0,13.17,79,0,65.83333333333334,0,0,65.83333333333334
#30870,2026-06,Counted,63,0,0,10.5,63,0,52.5,0,0,52.5
#30871,2026-06,Counted,46,0,3.95,8.33,49.95,0,38.33333333333334,0,0,38.33333333333334
#30872,2026-06,Counted,161,0,0,26.83,161,0,134.1666666666667,0,0,134.1666666666667
#30873,2026-06,Counted,62,0,0,10.33,62,0,51.66666666666667,0,0,51.66666666666667
#30874,2026-06,Counted,253,0,0,42.17,253,0,210.8333333333333,0,0,210.8333333333333
#30875,2026-06,Counted,25,0,3.95,4.83,28.95,0,20.83333333333334,0,0,20.83333333333334
#30876,2026-06,Counted,129,0,0,21.5,129,0,107.5,0,0,107.5
#30877,2026-06,Counted,44.8,0,3.95,8.130000000000001,48.75,0,37.33333333333334,0,0,37.33333333333334
#30878,2026-06,Counted,172.5,0,0,28.75,172.5,0,143.75,0,0,143.75
#30879,2026-06,Counted,18,0,3.95,3.66,21.95,0,15,0,0,15
#30880,2026-06,Counted,17,0,3.95,3.49,20.95,0,14.16666666666667,0,0,14.16666666666667
#30881,2026-06,Counted,90,0,0,15,90,0,75,0,0,75
#30882,2026-06,Counted,97,0,0,16.17,97,0,80.83333333333334,0,0,80.83333333333334
#30883,2026-06,Counted,284,0,0,47.33,284,0,236.6666666666667,0,0,236.6666666666667
#30884,2026-06,Counted,104,0,0,17.33,104,0,86.66666666666667,0,0,86.66666666666667
#30885,2026-06,Counted,47,0,3.95,8.49,50.95,0,39.16666666666667,0,0,39.16666666666667
#30886,2026-06,Counted,85,0,0,14.17,85,0,70.83333333333334,0,0,70.83333333333334
#30887,2026-06,Counted,90,0,0,15,90,18,75,0,15,60
#30888,2026-06,Counted,109,0,0,18.17,109,0,90.83333333333334,0,0,90.83333333333334
#30889,2026-06,Counted,77,0,0,12.83,77,0,64.16666666666667,0,0,64.16666666666667
#30890,2026-06,Counted,49,0,3.95,8.83,52.95,0,40.83333333333334,0,0,40.83333333333334
#30891,2026-06,Counted,42,0,3.95,7.66,45.95,0,35,0,0,35
#30892,2026-06,Counted,88,0,0,14.67,88,0,73.33333333333334,0,0,73.33333333333334
#30893,2026-06,Counted,7.5,0,3.95,1.91,11.45,0,6.25,0,0,6.25
#30894,2026-06,Counted,100,0,0,16.67,100,0,83.33333333333334,0,0,83.33333333333334
#30895,2026-06,Counted,133,0,0,22.17,133,0,110.8333333333333,0,0,110.8333333333333
#30896,2026-06,Counted,62,0,0,10.33,62,0,51.66666666666667,0,0,51.66666666666667
#30897,2026-06,Counted,181,0,0,30.17,181,0,150.8333333333333,0,0,150.8333333333333
#30898,2026-06,Counted,49.2,0,3.95,8.859999999999999,53.15,0,41.00000000000001,0,0,41.00000000000001
#30899,2026-06,Counted,26,0,3.95,4.99,29.95,0,21.66666666666667,0,0,21.66666666666667
#30900,2026-06,Counted,36,0,3.95,6.66,39.95,39.95,30,0,30,0
#30901,2026-06,Counted,78,0,0,13,78,0,65,0,0,65
#30902,2026-06,Counted,9,0,3.95,2.16,12.95,0,7.5,0,0,7.5
#30903,2026-06,Counted,76,0,0,12.67,76,0,63.33333333333334,0,0,63.33333333333334
#30904,2026-06,Counted,156,0,0,26,156,0,130,0,0,130
#30905,2026-06,Counted,169,0,0,28.17,169,0,140.8333333333333,0,0,140.8333333333333
#30906,2026-06,Counted,19,0,3.95,3.83,22.95,0,15.83333333333333,0,0,15.83333333333333
#30907,2026-06,Counted,209.5,0,0,34.92,209.5,0,174.5833333333333,0,0,174.5833333333333
#30908,2026-06,Counted,30,0,3.95,5.66,33.95,0,25,0,0,25
#30909,2026-06,Counted,37.5,0,3.95,6.91,41.45,0,31.25,0,0,31.25
#30910,2026-06,Counted,51,0,0,8.5,51,0,42.5,0,0,42.5
#30911,2026-06,Counted,66,0,0,11,66,0,55,0,0,55
#30912,2026-06,Counted,30,0,3.95,5.66,33.95,0,25,0,0,25
#30913,2026-06,Counted,49,0,3.95,8.83,52.95,0,40.83333333333334,0,0,40.83333333333334
#30914,2026-06,Counted,170,0,0,28.33,170,0,141.6666666666667,0,0,141.6666666666667
#30915,2026-06,Counted,18,0,3.95,3.66,21.95,0,15,0,0,15
#30916,2026-06,Counted,17,0,3.95,3.49,20.95,0,14.16666666666667,0,0,14.16666666666667
#30917,2026-06,Counted,15,0,3.95,3.16,18.95,0,12.5,0,0,12.5
#30918,2026-06,Counted,24,0,3.95,4.66,27.95,0,20,0,0,20
#30919,2026-06,Counted,90,0,0,15,90,0,75,0,0,75
#30920,2026-06,Counted,16,0,3.95,3.33,19.95,0,13.33333333333333,0,0,13.33333333333333
#30921,2026-06,Counted,146,0,0,24.33,146,0,121.6666666666667,0,0,121.6666666666667
#30922,2026-06,Counted,166,0,0,27.67,166,0,138.3333333333333,0,0,138.3333333333333
#30923,2026-06,Counted,14,0,3.95,2.99,17.95,0,11.66666666666667,0,0,11.66666666666667
#30924,2026-06,Counted,105,5,0,16.67,100,0,87.5,4.166666666666667,0,83.33333333333333
#30925,2026-06,Counted,15,0,3.95,3.16,18.95,0,12.5,0,0,12.5
#30926,2026-06,Counted,155,0,0,25.83,155,0,129.1666666666667,0,0,129.1666666666667
#30927,2026-06,Counted,31.5,0,3.95,5.91,35.45,0,26.25,0,0,26.25
#30928,2026-06,Counted,78,0,0,13,78,0,65,0,0,65
#30929,2026-06,Counted,32,0,3.95,5.99,35.95,0,26.66666666666667,0,0,26.66666666666667
#30930,2026-06,Counted,21,0,3.95,4.16,24.95,0,17.5,0,0,17.5
#30931,2026-06,Counted,48,0,3.95,8.66,51.95,0,40,0,0,40
#30932,2026-06,Test order,29,0,3.95,5.49,32.95,0,24.16666666666667,0,0,24.16666666666667
#30933,2026-06,Counted,24,0,3.95,4.66,27.95,0,20,0,0,20
#30934,2026-06,Counted,102,0,0,17,102,0,85,0,0,85
#30935,2026-06,Counted,38,0,3.95,6.99,41.95,0,31.66666666666667,0,0,31.66666666666667
#30936,2026-06,Counted,45,0,3.95,8.16,48.95,48.95,37.5,0,37.5,0
#30937,2026-06,Counted,45.5,0,3.95,8.24,49.45,24.73,37.91666666666667,0,20.60833333333333,17.30833333333334
#30938,2026-06,Counted,50,0,0,8.33,50,0,41.66666666666667,0,0,41.66666666666667
#30939,2026-06,Counted,63,0,0,10.5,63,0,52.5,0,0,52.5
#30940,2026-06,Counted,83,0,0,13.83,83,0,69.16666666666667,0,0,69.16666666666667
#30941,2026-06,Counted,237,0,0,39.5,237,0,197.5,0,0,197.5
#30942,2026-06,Counted,64,0,0,10.67,64,0,53.33333333333334,0,0,53.33333333333334
#30943,2026-06,Counted,9,0,3.95,2.16,12.95,0,7.5,0,0,7.5
#30944,2026-06,Counted,59,5,0,9,54,0,49.16666666666667,4.166666666666667,0,45.00000000000001
#30945,2026-06,Counted,42,0,3.95,7.66,45.95,0,35,0,0,35
#30946,2026-06,Counted,25,0,3.95,4.83,28.95,0,20.83333333333334,0,0,20.83333333333334
#30947,2026-06,Counted,32,0,3.95,5.99,35.95,0,26.66666666666667,0,0,26.66666666666667
#30948,2026-06,Counted,22,0,3.95,4.33,25.95,0,18.33333333333334,0,0,18.33333333333334
#30949,2026-06,Counted,75,0,0,12.5,75,0,62.5,0,0,62.5
#30950,2026-06,Counted,78,0,0,13,78,0,65,0,0,65
#30951,2026-06,Counted,54,0,0,9,54,0,45,0,0,45
#30952,2026-06,Counted,92,0,0,15.33,92,0,76.66666666666667,0,0,76.66666666666667
#30953,2026-06,Counted,19,0,3.95,3.83,22.95,0,15.83333333333333,0,0,15.83333333333333
#30954,2026-06,Counted,21,0,3.95,4.16,24.95,0,17.5,0,0,17.5
#30955,2026-06,Counted,51,0,0,8.5,51,0,42.5,0,0,42.5
#30956,2026-06,Counted,351,0,0,58.5,351,0,292.5,0,0,292.5
#30957,2026-06,Counted,39.5,0,3.95,7.24,43.45,0,32.91666666666667,0,0,32.91666666666667
#30958,2026-06,Counted,153,0,0,25.5,153,0,127.5,0,0,127.5
#30959,2026-06,Counted,130,0,0,21.67,130,0,108.3333333333333,0,0,108.3333333333333
#30960,2026-06,Counted,15,0,3.95,3.16,18.95,0,12.5,0,0,12.5
#30961,2026-06,Counted,36,0,3.95,6.66,39.95,0,30,0,0,30
#30962,2026-06,Counted,104,0,0,17.33,104,0,86.66666666666667,0,0,86.66666666666667
#30963,2026-06,Counted,64,0,0,10.67,64,0,53.33333333333334,0,0,53.33333333333334
#30964,2026-06,Counted,24,0,3.95,4.66,27.95,0,20,0,0,20
#30965,2026-06,Counted,38,0,3.95,6.99,41.95,0,31.66666666666667,0,0,31.66666666666667
#30966,2026-06,Counted,14,0,3.95,2.99,17.95,0,11.66666666666667,0,0,11.66666666666667
#30967,2026-06,Counted,74,0,0,12.33,74,0,61.66666666666667,0,0,61.66666666666667
#30968,2026-06,Counted,185,0,0,30.83,185,0,154.1666666666667,0,0,154.1666666666667
#30969,2026-06,Counted,18,1.8,3.95,3.36,20.15,0,15,1.5,0,13.5
#30970,2026-06,Counted,54,5.4,3.95,8.76,52.55,0,45,4.500000000000001,0,40.5
#30971,2026-06,Counted,80,0,0,13.33,80,0,66.66666666666667,0,0,66.66666666666667
#30972,2026-06,Counted,117,0,0,19.5,117,0,97.5,0,0,97.5
#30973,2026-06,Counted,176,0,0,29.33,176,0,146.6666666666667,0,0,146.6666666666667
#30974,2026-06,Counted,12,1.2,3.95,2.46,14.75,0,10,1,0,9
#30975,2026-06,Counted,106,0,0,17.67,106,106,88.33333333333334,0,88.33333333333334,0
#30976,2026-06,Counted,28,0,3.95,5.33,31.95,0,23.33333333333334,0,0,23.33333333333334
#30977,2026-06,Counted,107,0,0,17.83,107,0,89.16666666666667,0,0,89.16666666666667
#30978,2026-06,Counted,51,5.1,3.95,8.31,49.85,0,42.5,4.25,0,38.25
#30979,2026-06,Counted,19,0,3.95,3.83,22.95,0,15.83333333333333,0,0,15.83333333333333
#30980,2026-06,Counted,45,0,3.95,8.16,48.95,0,37.5,0,0,37.5
#30981,2026-06,Counted,174,0,0,29,174,0,145,0,0,145
#30982,2026-06,Cancelled / voided (never shipped),9.6,0,3.95,2.26,13.55,0,8,0,0,8
#30983,2026-06,Counted,54,0,0,9,54,0,45,0,0,45
#30984,2026-06,Counted,36,0,3.95,6.66,39.95,0,30,0,0,30
#30985,2026-06,Counted,30,5,3.95,4.83,28.95,0,25,4.166666666666667,0,20.83333333333333
#30986,2026-06,Counted,18,1.8,3.95,3.36,20.15,0,15,1.5,0,13.5
#30987,2026-06,Counted,85,8.5,0,12.75,76.5,0,70.83333333333334,7.083333333333334,0,63.75000000000001
#30988,2026-06,Counted,93,0,0,15.5,93,0,77.5,0,0,77.5
#30989,2026-06,Counted,22,0,3.95,4.33,25.95,0,18.33333333333334,0,0,18.33333333333334
#30990,2026-06,Counted,42,0,3.95,7.66,45.95,0,35,0,0,35
#30991,2026-06,Counted,20,0,3.95,3.99,23.95,0,16.66666666666667,0,0,16.66666666666667
#30992,2026-06,Counted,33.5,3.35,3.95,5.68,34.1,0,27.91666666666667,2.791666666666667,0,25.125
#30993,2026-06,Counted,21.5,0,3.95,4.24,25.45,0,17.91666666666667,0,0,17.91666666666667
#30994,2026-06,Counted,24,0,3.95,4.66,27.95,0,20,0,0,20
#30995,2026-06,Counted,72.5,0,0,12.08,72.5,0,60.41666666666667,0,0,60.41666666666667
#30996,2026-06,Counted,43.5,0,3.95,7.91,47.45,0,36.25,0,0,36.25
#30997,2026-06,Counted,19,0,3.95,3.83,22.95,0,15.83333333333333,0,0,15.83333333333333
#30998,2026-06,Counted,7.5,0,3.95,1.91,11.45,0,6.25,0,0,6.25
#30999,2026-06,Counted,143,0,0,23.83,143,0,119.1666666666667,0,0,119.1666666666667
#31000,2026-06,Counted,96,0,0,16,96,0,80,0,0,80
#31001,2026-06,Counted,91,0,0,15.17,91,0,75.83333333333334,0,0,75.83333333333334
#31002,2026-06,Counted,90,0,0,15,90,0,75,0,0,75
#31003,2026-06,Counted,25,2.5,3.95,4.41,26.45,0,20.83333333333334,2.083333333333333,0,18.75
#31004,2026-06,Counted,16,0,3.95,3.33,19.95,0,13.33333333333333,0,0,13.33333333333333
#31005,2026-06,Counted,139,0,0,23.17,139,0,115.8333333333333,0,0,115.8333333333333
#31006,2026-06,Counted,12,0,3.95,2.66,15.95,0,10,0,0,10
#31007,2026-06,Counted,50,0,0,8.33,50,0,41.66666666666667,0,0,41.66666666666667
#31008,2026-06,Counted,22,0,3.95,4.33,25.95,0,18.33333333333334,0,0,18.33333333333334
#31009,2026-06,Counted,89,0,0,14.83,89,0,74.16666666666667,0,0,74.16666666666667
#31010,2026-06,Counted,14,0,3.95,2.99,17.95,0,11.66666666666667,0,0,11.66666666666667
#31011,2026-06,Counted,44,0,3.95,7.99,47.95,0,36.66666666666667,0,0,36.66666666666667
#31012,2026-06,Counted,30,0,3.95,5.66,33.95,0,25,0,0,25
#31013,2026-06,Counted,96,0,0,16,96,0,80,0,0,80
#31014,2026-06,Counted,21,2.1,3.95,3.81,22.85,0,17.5,1.75,0,15.75
#31015,2026-06,Counted,72,0,0,12,72,0,60,0,0,60
#31016,2026-06,Counted,64,0,0,10.67,64,0,53.33333333333334,0,0,53.33333333333334
#31017,2026-06,Counted,54,0,0,9,54,0,45,0,0,45
#31018,2026-06,Counted,97,0,0,16.17,97,0,80.83333333333334,0,0,80.83333333333334
#31019,2026-06,Counted,101,0,0,16.83,101,0,84.16666666666667,0,0,84.16666666666667
#31020,2026-06,Counted,26,0,3.95,4.99,29.95,0,21.66666666666667,0,0,21.66666666666667
#31021,2026-06,Counted,18,0,3.95,3.66,21.95,0,15,0,0,15
#31022,2026-06,Counted,191.5,5,0,31.08,186.5,0,159.5833333333333,4.166666666666667,0,155.4166666666667
#31023,2026-06,Counted,76,0,0,12.67,76,0,63.33333333333334,0,0,63.33333333333334
#31024,2026-06,Counted,116,0,0,19.33,116,0,96.66666666666667,0,0,96.66666666666667
#31025,2026-06,Counted,27,0,3.95,5.16,30.95,0,22.5,0,0,22.5
#31026,2026-06,Counted,24,0,3.95,4.66,27.95,0,20,0,0,20
#31027,2026-06,Counted,32,5,3.95,5.16,30.95,0,26.66666666666667,4.166666666666667,0,22.5
#31028,2026-06,Counted,49,0,3.95,8.83,52.95,0,40.83333333333334,0,0,40.83333333333334
#31029,2026-06,Counted,26,0,3.95,4.99,29.95,0,21.66666666666667,0,0,21.66666666666667
#31030,2026-06,Counted,175,0,0,29.17,175,0,145.8333333333333,0,0,145.8333333333333
#31031,2026-06,Counted,64,0,0,10.67,64,0,53.33333333333334,0,0,53.33333333333334
#31032,2026-06,Counted,92,0,0,15.33,92,92,76.66666666666667,0,76.66666666666667,0
#31033,2026-06,Counted,70,0,0,11.67,70,0,58.33333333333334,0,0,58.33333333333334
#31034,2026-06,Counted,62,0,0,10.33,62,0,51.66666666666667,0,0,51.66666666666667
#31035,2026-06,Counted,35.5,0,3.95,6.58,39.45,0,29.58333333333334,0,0,29.58333333333334
#31036,2026-06,Counted,33,0,3.95,6.16,36.95,0,27.5,0,0,27.5
#31037,2026-06,Counted,150,0,0,25,150,45,125,0,37.5,87.5
#31038,2026-06,Counted,186,18.6,0,27.9,167.4,0,155,15.5,0,139.5
#31039,2026-06,Counted,24,0,3.95,4.66,27.95,0,20,0,0,20
#31040,2026-06,Counted,158,0,0,26.33,158,0,131.6666666666667,0,0,131.6666666666667
#31041,2026-06,Counted,28,0,3.95,5.33,31.95,0,23.33333333333334,0,0,23.33333333333334
#31042,2026-06,Counted,49.5,0,3.95,8.91,53.45,0,41.25,0,0,41.25
#31043,2026-06,Counted,25,0,3.95,4.83,28.95,0,20.83333333333334,0,0,20.83333333333334
#31044,2026-06,Counted,25,5,3.95,3.99,23.95,0,20.83333333333334,4.166666666666667,0,16.66666666666667
#31045,2026-06,Counted,45,0,3.95,8.16,48.95,0,37.5,0,0,37.5
#31046,2026-06,Counted,24,0,3.95,4.66,27.95,0,20,0,0,20
#31047,2026-06,Counted,91,0,0,15.17,91,0,75.83333333333334,0,0,75.83333333333334
#31048,2026-06,Counted,158,0,0,26.33,158,0,131.6666666666667,0,0,131.6666666666667
#31049,2026-06,Counted,42,0,3.95,7.66,45.95,45.95,35,0,35,0
#31050,2026-06,Counted,117,0,0,19.5,117,0,97.5,0,0,97.5
#31051,2026-06,Counted,42,0,3.95,7.66,45.95,0,35,0,0,35
#31052,2026-06,Counted,78,0,0,13,78,39,65,0,32.5,32.5
#31053,2026-06,Counted,148,14.8,0,22.2,133.2,0,123.3333333333333,12.33333333333333,0,111
#31054,2026-06,Counted,47,0,3.95,8.49,50.95,0,39.16666666666667,0,0,39.16666666666667
#31055,2026-06,Counted,130,0,0,21.67,130,0,108.3333333333333,0,0,108.3333333333333
#31056,2026-06,Counted,38,0,3.95,6.99,41.95,0,31.66666666666667,0,0,31.66666666666667
#31057,2026-06,Counted,173,0,0,28.83,173,0,144.1666666666667,0,0,144.1666666666667
#31058,2026-06,Counted,41,0,3.95,7.49,44.95,0,34.16666666666667,0,0,34.16666666666667
#31059,2026-06,Counted,172,0,0,28.67,172,0,143.3333333333333,0,0,143.3333333333333
#31060,2026-06,Counted,48,0,3.95,8.66,51.95,0,40,0,0,40
#31061,2026-06,Counted,60,0,0,10,60,0,50,0,0,50
#31062,2026-06,Counted,77,0,0,12.83,77,0,64.16666666666667,0,0,64.16666666666667
#31063,2026-06,Counted,9,0,3.95,2.16,12.95,0,7.5,0,0,7.5
#31064,2026-06,Counted,47,0,3.95,8.49,50.95,0,39.16666666666667,0,0,39.16666666666667
#31065,2026-06,Counted,92,0,0,15.33,92,0,76.66666666666667,0,0,76.66666666666667
#31066,2026-06,Counted,30,0,3.95,5.66,33.95,0,25,0,0,25
#31067,2026-06,Counted,18,0,3.95,3.66,21.95,0,15,0,0,15
#31068,2026-06,Counted,172,0,0,28.67,172,0,143.3333333333333,0,0,143.3333333333333
#31069,2026-06,Counted,15,0,3.95,3.16,18.95,0,12.5,0,0,12.5
#31070,2026-06,Counted,17,0,3.95,3.49,20.95,0,14.16666666666667,0,0,14.16666666666667
#31071,2026-06,Counted,21,2.1,3.95,3.81,22.85,0,17.5,1.75,0,15.75
#31072,2026-06,Counted,112,11.2,0,16.8,100.8,0,93.33333333333334,9.333333333333334,0,84.00000000000001
#31073,2026-06,Counted,63,0,0,10.5,63,0,52.5,0,0,52.5
#31074,2026-06,Counted,124,12.4,0,18.6,111.6,111.6,103.3333333333333,10.33333333333333,93,1.4210854715202e-14
#31075,2026-06,Counted,28,2.8,3.95,4.86,29.15,0,23.33333333333334,2.333333333333333,0,21
#31076,2026-06,Counted,151,0,0,25.17,151,0,125.8333333333333,0,0,125.8333333333333
#31077,2026-06,Counted,42,0,3.95,7.66,45.95,0,35,0,0,35
#31078,2026-06,Counted,84,0,0,14,84,0,70,0,0,70
#31079,2026-06,Counted,12,1.2,3.95,2.46,14.75,0,10,1,0,9
#31080,2026-06,Counted,42,0,3.95,7.66,45.95,0,35,0,0,35
#31081,2026-06,Counted,61.5,0,0,10.25,61.5,0,51.25,0,0,51.25
#31082,2026-06,Counted,40,0,3.95,7.33,43.95,0,33.33333333333334,0,0,33.33333333333334
#31083,2026-06,Counted,30,0,3.95,5.66,33.95,0,25,0,0,25
#31084,2026-06,Counted,167,0,0,27.83,167,0,139.1666666666667,0,0,139.1666666666667
#31085,2026-06,Counted,44,0,3.95,7.99,47.95,0,36.66666666666667,0,0,36.66666666666667
#31086,2026-06,Counted,157,0,0,26.17,157,0,130.8333333333333,0,0,130.8333333333333
#31087,2026-06,Counted,160,0,0,26.67,160,0,133.3333333333333,0,0,133.3333333333333
#31088,2026-06,Counted,15,0,3.95,3.16,18.95,0,12.5,0,0,12.5
#31089,2026-06,Counted,52,0,0,8.67,52,0,43.33333333333334,0,0,43.33333333333334
#31090,2026-06,Counted,67,0,0,11.17,67,0,55.83333333333334,0,0,55.83333333333334
#31091,2026-06,Counted,119,0,0,19.83,119,0,99.16666666666667,0,0,99.16666666666667
#31092,2026-06,Counted,133,0,0,22.17,133,0,110.8333333333333,0,0,110.8333333333333
#31093,2026-06,Counted,33,0,3.95,6.16,36.95,0,27.5,0,0,27.5
#31094,2026-06,Counted,178,0,0,29.67,178,0,148.3333333333333,0,0,148.3333333333333
#31095,2026-06,Counted,153,0,0,25.5,153,0,127.5,0,0,127.5
#31096,2026-06,Counted,58,0,0,9.67,58,0,48.33333333333334,0,0,48.33333333333334
#31097,2026-06,Counted,117,0,0,19.5,117,0,97.5,0,0,97.5
#31098,2026-06,Counted,44,0,3.95,7.99,47.95,0,36.66666666666667,0,0,36.66666666666667
#31099,2026-06,Counted,64,0,0,10.67,64,0,53.33333333333334,0,0,53.33333333333334
#31100,2026-06,Counted,118,0,0,19.67,118,0,98.33333333333334,0,0,98.33333333333334
#31101,2026-06,Counted,36,0,3.95,6.66,39.95,0,30,0,0,30
#31102,2026-06,Counted,15,0,3.95,3.16,18.95,0,12.5,0,0,12.5
#31103,2026-06,Counted,22,0,3.95,4.33,25.95,0,18.33333333333334,0,0,18.33333333333334
#31104,2026-06,Counted,132,0,0,22,132,0,110,0,0,110
#31105,2026-06,Counted,116,0,0,19.33,116,0,96.66666666666667,0,0,96.66666666666667
#31106,2026-06,Counted,16,0,3.95,3.33,19.95,0,13.33333333333333,0,0,13.33333333333333
#31107,2026-06,Counted,35.5,0,3.95,6.58,39.45,0,29.58333333333334,0,0,29.58333333333334
#31108,2026-06,Counted,44,0,3.95,7.99,47.95,0,36.66666666666667,0,0,36.66666666666667
#31109,2026-06,Counted,30,0,3.95,5.66,33.95,0,25,0,0,25
#31110,2026-06,Counted,51,0,0,8.5,51,0,42.5,0,0,42.5
#31111,2026-06,Counted,16,0,3.95,3.33,19.95,0,13.33333333333333,0,0,13.33333333333333
#31112,2026-06,Counted,51,0,0,8.5,51,0,42.5,0,0,42.5
#31113,2026-06,Counted,60.5,0,0,10.08,60.5,0,50.41666666666667,0,0,50.41666666666667
#31114,2026-06,Counted,33,0,3.95,6.16,36.95,0,27.5,0,0,27.5
#31115,2026-06,Counted,31.5,0,3.95,5.91,35.45,0,26.25,0,0,26.25
#31116,2026-06,Counted,28,0,3.95,5.33,31.95,0,23.33333333333334,0,0,23.33333333333334
#31117,2026-06,Counted,162,0,0,27,162,0,135,0,0,135
#31118,2026-06,Counted,45,0,3.95,8.16,48.95,0,37.5,0,0,37.5
#31119,2026-06,Counted,30,0,3.95,5.66,33.95,0,25,0,0,25
#31120,2026-06,Counted,164,0,0,27.33,164,0,136.6666666666667,0,0,136.6666666666667
#31121,2026-06,Counted,28,0,3.95,5.33,31.95,0,23.33333333333334,0,0,23.33333333333334
#31122,2026-06,Counted,38,0,3.95,6.99,41.95,0,31.66666666666667,0,0,31.66666666666667
#31123,2026-06,Counted,172,5,0,27.83,167,0,143.3333333333333,4.166666666666667,0,139.1666666666667
#31124,2026-06,Counted,161,0,0,26.83,161,0,134.1666666666667,0,0,134.1666666666667
#31125,2026-06,Counted,9.6,0,3.95,2.26,13.55,0,8,0,0,8
#31126,2026-06,Counted,138,0,0,23,138,0,115,0,0,115
#31127,2026-06,Counted,101.5,10.15,0,15.23,91.34999999999999,0,84.58333333333334,8.458333333333334,0,76.12500000000001
#31128,2026-06,Counted,108,0,0,18,108,0,90,0,0,90
#31129,2026-06,Counted,42,0,3.95,7.66,45.95,0,35,0,0,35
#31130,2026-06,Counted,24,0,3.95,4.66,27.95,0,20,0,0,20
#31131,2026-06,Counted,64,0,0,10.67,64,0,53.33333333333334,0,0,53.33333333333334
#31132,2026-06,Counted,28,5,3.95,4.49,26.95,0,23.33333333333334,4.166666666666667,0,19.16666666666667
#31133,2026-06,Counted,94,0,0,15.67,94,0,78.33333333333334,0,0,78.33333333333334
#31134,2026-06,Counted,39,0,3.95,7.16,42.95,0,32.5,0,0,32.5
#31135,2026-06,Counted,170,0,0,28.33,170,0,141.6666666666667,0,0,141.6666666666667
#31136,2026-06,Counted,17,0,3.95,3.49,20.95,0,14.16666666666667,0,0,14.16666666666667
#31137,2026-06,Counted,42,0,3.95,7.66,45.95,0,35,0,0,35
#31138,2026-06,Counted,26,0,3.95,4.99,29.95,0,21.66666666666667,0,0,21.66666666666667
#31139,2026-06,Counted,58,0,0,9.67,58,0,48.33333333333334,0,0,48.33333333333334
#31140,2026-06,Counted,76,0,0,12.67,76,0,63.33333333333334,0,0,63.33333333333334
#31141,2026-06,Counted,84,0,0,14,84,0,70,0,0,70
#31142,2026-06,Counted,21,0,3.95,4.16,24.95,0,17.5,0,0,17.5
#31143,2026-06,Counted,88,0,0,14.67,88,0,73.33333333333334,0,0,73.33333333333334
#31144,2026-06,Counted,15,0,3.95,3.16,18.95,0,12.5,0,0,12.5
#31145,2026-06,Counted,33,0,3.95,6.16,36.95,0,27.5,0,0,27.5
#31146,2026-06,Counted,57,0,0,9.5,57,0,47.5,0,0,47.5
#31147,2026-06,Counted,90,0,0,15,90,0,75,0,0,75
#31148,2026-06,Counted,45,4.5,3.95,7.41,44.45,0,37.5,3.75,0,33.75
#31149,2026-06,Counted,89,0,0,14.83,89,0,74.16666666666667,0,0,74.16666666666667
#31150,2026-06,Counted,24,0,3.95,4.66,27.95,0,20,0,0,20
#31151,2026-06,Counted,9,0,3.95,2.16,12.95,0,7.5,0,0,7.5
#31152,2026-06,Counted,96,0,0,16,96,0,80,0,0,80
#31153,2026-06,Counted,14,0,3.95,2.99,17.95,0,11.66666666666667,0,0,11.66666666666667
#31154,2026-06,Counted,78,7.8,0,11.7,70.2,0,65,6.5,0,58.5
#31155,2026-06,Counted,95,0,0,15.83,95,0,79.16666666666667,0,0,79.16666666666667
#31156,2026-06,Counted,59,5.9,0,8.85,53.1,0,49.16666666666667,4.916666666666667,0,44.25000000000001
#31157,2026-06,Counted,33,0,3.95,6.16,36.95,0,27.5,0,0,27.5
#31158,2026-06,Counted,85,0,0,14.17,85,0,70.83333333333334,0,0,70.83333333333334
#31159,2026-06,Counted,91,0,0,15.17,91,0,75.83333333333334,0,0,75.83333333333334
#31160,2026-06,Counted,56,0,0,9.33,56,0,46.66666666666667,0,0,46.66666666666667
#31161,2026-06,Counted,59,5.9,0,8.85,53.1,0,49.16666666666667,4.916666666666667,0,44.25000000000001
#31162,2026-06,Counted,51,0,0,8.5,51,0,42.5,0,0,42.5
#31163,2026-06,Counted,90,9,0,13.5,81,0,75,7.5,0,67.5
#31164,2026-06,Counted,36,0,3.95,6.66,39.95,0,30,0,0,30
#31165,2026-06,Counted,208,0,0,34.67,208,0,173.3333333333333,0,0,173.3333333333333
#31166,2026-06,Counted,114,0,0,19,114,0,95,0,0,95
#31167,2026-06,Counted,20,0,3.95,3.99,23.95,0,16.66666666666667,0,0,16.66666666666667
#31168,2026-06,Counted,54,0,0,9,54,0,45,0,0,45
#31169,2026-06,Counted,29,2.9,3.95,5.01,30.05,0,24.16666666666667,2.416666666666667,0,21.75
#31170,2026-06,Counted,59,0,0,9.83,59,0,49.16666666666667,0,0,49.16666666666667
#31171,2026-06,Counted,9,0,3.95,2.16,12.95,0,7.5,0,0,7.5
#31172,2026-06,Counted,7.5,0,3.95,1.91,11.45,0,6.25,0,0,6.25
#31173,2026-06,Counted,30,3,3.95,5.16,30.95,0,25,2.5,0,22.5
#31174,2026-06,Counted,158,0,0,26.33,158,0,131.6666666666667,0,0,131.6666666666667
#31175,2026-06,Counted,9,0,3.95,2.16,12.95,0,7.5,0,0,7.5
#31176,2026-06,Counted,26,0,3.95,4.99,29.95,0,21.66666666666667,0,0,21.66666666666667
#31177,2026-06,Counted,90,0,0,15,90,0,75,0,0,75
#31178,2026-06,Counted,74.5,7.45,0,11.18,67.05,0,62.08333333333334,6.208333333333334,0,55.875
#31179,2026-06,Counted,48,0,3.95,8.66,51.95,0,40,0,0,40
#31180,2026-06,Counted,291,0,0,48.5,291,0,242.5,0,0,242.5
#31181,2026-06,Counted,136,0,0,22.67,136,0,113.3333333333333,0,0,113.3333333333333
#31182,2026-06,Counted,39,0,3.95,7.16,42.95,0,32.5,0,0,32.5
#31183,2026-06,Counted,33,3.3,3.95,5.61,33.65,0,27.5,2.75,0,24.75
#31184,2026-06,Counted,66,0,0,11,66,66,55,0,55,0
#31185,2026-06,Counted,78,7.8,0,11.7,70.2,0,65,6.5,0,58.5
#31186,2026-06,Counted,237,0,0,39.5,237,0,197.5,0,0,197.5
#31187,2026-06,Counted,15,1.5,3.95,2.91,17.45,0,12.5,1.25,0,11.25
#31188,2026-06,Counted,100,10,0,15,90,0,83.33333333333334,8.333333333333334,0,75.00000000000001
#31189,2026-06,Counted,317,0,0,52.83,317,0,264.1666666666667,0,0,264.1666666666667
#31190,2026-06,Counted,52,0,0,8.67,52,0,43.33333333333334,0,0,43.33333333333334
#31191,2026-06,Counted,80,0,0,13.33,80,0,66.66666666666667,0,0,66.66666666666667
#31192,2026-06,Counted,119,0,0,19.83,119,0,99.16666666666667,0,0,99.16666666666667
#31193,2026-06,Counted,187,0,0,31.17,187,0,155.8333333333333,0,0,155.8333333333333
#31194,2026-06,Counted,31,0,3.95,5.83,34.95,0,25.83333333333334,0,0,25.83333333333334
#31195,2026-06,Counted,36,0,3.95,6.66,39.95,0,30,0,0,30
#31196,2026-06,Counted,46,0,3.95,8.33,49.95,0,38.33333333333334,0,0,38.33333333333334
#31197,2026-06,Counted,26,0,3.95,4.99,29.95,8.99,21.66666666666667,0,7.491666666666667,14.175
#31198,2026-06,Counted,86,0,0,14.33,86,0,71.66666666666667,0,0,71.66666666666667
#31199,2026-06,Counted,137,0,0,22.83,137,0,114.1666666666667,0,0,114.1666666666667
#31200,2026-06,Counted,131,0,0,21.83,131,0,109.1666666666667,0,0,109.1666666666667
#31201,2026-06,Counted,96,0,0,16,96,0,80,0,0,80
#31202,2026-06,Counted,193,0,0,32.17,193,0,160.8333333333333,0,0,160.8333333333333
#31203,2026-06,Counted,90,0,0,15,90,0,75,0,0,75
#31204,2026-06,Counted,24,0,3.95,4.66,27.95,0,20,0,0,20
#31205,2026-06,Counted,75,0,0,12.5,75,0,62.5,0,0,62.5
#31206,2026-06,Counted,39,0,3.95,7.16,42.95,0,32.5,0,0,32.5
#31207,2026-06,Counted,46,4.6,3.95,7.56,45.35,0,38.33333333333334,3.833333333333333,0,34.5
#31208,2026-06,Counted,42,0,3.95,7.66,45.95,0,35,0,0,35
#31209,2026-06,Counted,33,0,3.95,6.16,36.95,0,27.5,0,0,27.5
#31210,2026-06,Counted,45,0,3.95,8.16,48.95,24.48,37.5,0,20.4,17.1
#31211,2026-06,Counted,128,0,0,21.33,128,0,106.6666666666667,0,0,106.6666666666667
#31212,2026-06,Counted,346,0,0,57.67,346,0,288.3333333333334,0,0,288.3333333333334
#31213,2026-06,Counted,90,9,0,13.5,81,0,75,7.5,0,67.5
#31214,2026-06,Counted,40,0,3.95,7.33,43.95,0,33.33333333333334,0,0,33.33333333333334
#31215,2026-06,Counted,30,0,3.95,5.66,33.95,0,25,0,0,25
#31216,2026-06,Counted,53,0,0,8.83,53,0,44.16666666666667,0,0,44.16666666666667
#31217,2026-06,Counted,169,0,0,28.17,169,0,140.8333333333333,0,0,140.8333333333333
#31218,2026-06,Counted,127,0,0,21.17,127,127,105.8333333333333,0,105.8333333333333,0
#31219,2026-06,Counted,34,3.4,3.95,5.76,34.55,0,28.33333333333334,2.833333333333333,0,25.5
#31220,2026-06,Counted,96,0,0,16,96,19.2,80,0,16,64
#31221,2026-06,Counted,18,0,3.95,3.66,21.95,0,15,0,0,15
#31222,2026-06,Counted,28,2.8,3.95,4.86,29.15,0,23.33333333333334,2.333333333333333,0,21
#31223,2026-06,Counted,74,7.4,0,11.1,66.59999999999999,0,61.66666666666667,6.166666666666667,0,55.50000000000001
#31224,2026-06,Counted,9,0,3.95,2.16,12.95,0,7.5,0,0,7.5
#31225,2026-06,Counted,116,0,0,19.33,116,0,96.66666666666667,0,0,96.66666666666667
#31226,2026-06,Counted,22,0,3.95,4.33,25.95,0,18.33333333333334,0,0,18.33333333333334
#31227,2026-06,Counted,26,0,3.95,4.99,29.95,0,21.66666666666667,0,0,21.66666666666667
#31228,2026-06,Counted,192,19.2,0,28.8,172.8,0,160,16,0,144
#31229,2026-06,Counted,19,0,3.95,3.83,22.95,0,15.83333333333333,0,0,15.83333333333333
#31230,2026-06,Counted,102,0,0,17,102,0,85,0,0,85
#31231,2026-06,Counted,108,10.8,0,16.2,97.2,0,90,9.000000000000002,0,81
#31232,2026-06,Counted,14,0,3.95,2.99,17.95,0,11.66666666666667,0,0,11.66666666666667
#31233,2026-06,Counted,25,0,3.95,4.83,28.95,0,20.83333333333334,0,0,20.83333333333334
#31234,2026-06,Counted,19,0,3.95,3.83,22.95,0,15.83333333333333,0,0,15.83333333333333
#31235,2026-06,Counted,17,0,3.95,3.49,20.95,0,14.16666666666667,0,0,14.16666666666667
#31236,2026-06,Counted,54,0,0,9,54,0,45,0,0,45
#31237,2026-06,Counted,28,0,3.95,5.33,31.95,0,23.33333333333334,0,0,23.33333333333334
#31238,2026-06,Counted,66,0,0,11,66,0,55,0,0,55
#31239,2026-06,Counted,16,0,3.95,3.33,19.95,0,13.33333333333333,0,0,13.33333333333333
#31240,2026-06,Counted,11,0,3.95,2.49,14.95,0,9.166666666666668,0,0,9.166666666666668
#31241,2026-06,Counted,15,0,3.95,3.16,18.95,0,12.5,0,0,12.5
#31242,2026-06,Counted,9,0,3.95,2.16,12.95,0,7.5,0,0,7.5
#31243,2026-06,Counted,129,0,0,21.5,129,0,107.5,0,0,107.5
#31244,2026-06,Counted,98,0,0,16.33,98,0,81.66666666666667,0,0,81.66666666666667
#31245,2026-06,Counted,126,0,0,21,126,0,105,0,0,105
#31246,2026-06,Counted,152,0,0,25.33,152,0,126.6666666666667,0,0,126.6666666666667
#31247,2026-06,Counted,151,15.1,0,22.65,135.9,27.18,125.8333333333333,12.58333333333333,22.65,90.60000000000001
#31248,2026-06,Counted,33,0,3.95,6.16,36.95,0,27.5,0,0,27.5
#31249,2026-06,Counted,78,0,0,13,78,0,65,0,0,65
#31250,2026-06,Counted,110,0,0,18.33,110,0,91.66666666666667,0,0,91.66666666666667
#31251,2026-06,Counted,156,0,0,26,156,0,130,0,0,130
#31252,2026-06,Counted,36,0,3.95,6.66,39.95,0,30,0,0,30
#31253,2026-06,Counted,58,0,0,9.67,58,0,48.33333333333334,0,0,48.33333333333334
#31254,2026-06,Counted,24,2.4,3.95,4.26,25.55,0,20,2,0,18
#31255,2026-06,Counted,67,0,0,11.17,67,0,55.83333333333334,0,0,55.83333333333334
#31256,2026-06,Counted,11,0,3.95,2.49,14.95,0,9.166666666666668,0,0,9.166666666666668
#31257,2026-06,Counted,40,0,3.95,7.33,43.95,0,33.33333333333334,0,0,33.33333333333334
#31258,2026-06,Counted,119,0,0,19.83,119,0,99.16666666666667,0,0,99.16666666666667
#31259,2026-06,Cancelled / voided (never shipped),29.5,0,3.95,5.58,33.45,0,24.58333333333334,0,0,24.58333333333334
#31260,2026-06,Counted,14,0,3.95,2.99,17.95,0,11.66666666666667,0,0,11.66666666666667
#31261,2026-06,Counted,40,0,3.95,7.33,43.95,0,33.33333333333334,0,0,33.33333333333334
#31262,2026-06,Counted,7.5,0,3.95,1.91,11.45,0,6.25,0,0,6.25
#31263,2026-06,Counted,36,0,3.95,6.66,39.95,0,30,0,0,30
#31264,2026-06,Counted,38,0,3.95,6.99,41.95,0,31.66666666666667,0,0,31.66666666666667
#31265,2026-06,Counted,139,0,0,23.17,139,0,115.8333333333333,0,0,115.8333333333333
#31266,2026-06,Counted,56,0,0,9.33,56,0,46.66666666666667,0,0,46.66666666666667
#31267,2026-06,Counted,38,5,3.95,6.16,36.95,0,31.66666666666667,4.166666666666667,0,27.5
#31268,2026-06,Counted,52,0,0,8.67,52,26,43.33333333333334,0,21.66666666666667,21.66666666666667
#31269,2026-06,Counted,62,0,0,10.33,62,0,51.66666666666667,0,0,51.66666666666667
#31270,2026-06,Counted,18,0,3.95,3.66,21.95,0,15,0,0,15
#31271,2026-06,Counted,68,6.8,0,10.2,61.2,0,56.66666666666667,5.666666666666667,0,51.00000000000001
#31272,2026-06,Counted,50,0,0,8.33,50,0,41.66666666666667,0,0,41.66666666666667
#31273,2026-06,Counted,73,0,0,12.17,73,0,60.83333333333334,0,0,60.83333333333334
#31274,2026-06,Counted,84,0,0,14,84,0,70,0,0,70
#31275,2026-06,Counted,36,3.6,3.95,6.06,36.35,0,30,3,0,27
#31276,2026-06,Counted,84,0,0,14,84,0,70,0,0,70
#31277,2026-06,Counted,174,0,0,29,174,0,145,0,0,145
#31278,2026-06,Counted,76,0,0,12.67,76,0,63.33333333333334,0,0,63.33333333333334
#31279,2026-06,Counted,15,1.5,3.95,2.91,17.45,0,12.5,1.25,0,11.25
#31280,2026-06,Counted,45,0,3.95,8.16,48.95,0,37.5,0,0,37.5
#31281,2026-06,Counted,58.5,0,0,9.75,58.5,0,48.75,0,0,48.75
#31282,2026-06,Counted,127,0,0,21.17,127,0,105.8333333333333,0,0,105.8333333333333
#31283,2026-06,Counted,145,0,0,24.17,145,0,120.8333333333333,0,0,120.8333333333333
#31284,2026-06,Counted,56,0,0,9.33,56,0,46.66666666666667,0,0,46.66666666666667
#31285,2026-06,Counted,19,0,3.95,3.83,22.95,0,15.83333333333333,0,0,15.83333333333333
#31286,2026-06,Counted,27,0,3.95,5.16,30.95,0,22.5,0,0,22.5
#31287,2026-06,Counted,80.5,0,0,13.42,80.5,0,67.08333333333334,0,0,67.08333333333334
#31288,2026-06,Counted,79,0,0,13.17,79,0,65.83333333333334,0,0,65.83333333333334
#31289,2026-06,Counted,64.5,0,0,10.75,64.5,0,53.75,0,0,53.75
#31290,2026-06,Counted,171,0,0,28.5,171,0,142.5,0,0,142.5
#31291,2026-06,Counted,76,0,0,12.67,76,0,63.33333333333334,0,0,63.33333333333334
#31292,2026-06,Counted,66,0,0,11,66,0,55,0,0,55
#31293,2026-06,Counted,27,0,3.95,5.16,30.95,0,22.5,0,0,22.5
#31294,2026-06,Counted,70,0,0,11.67,70,0,58.33333333333334,0,0,58.33333333333334
#31295,2026-06,Counted,65,0,0,10.83,65,0,54.16666666666667,0,0,54.16666666666667
#31296,2026-06,Counted,55,0,0,9.17,55,0,45.83333333333334,0,0,45.83333333333334
#31297,2026-06,Counted,260,0,0,43.33,260,0,216.6666666666667,0,0,216.6666666666667
#31298,2026-06,Counted,91,0,0,15.17,91,45.5,75.83333333333334,0,37.91666666666667,37.91666666666667
#31299,2026-06,Counted,85,0,0,14.17,85,0,70.83333333333334,0,0,70.83333333333334
#31300,2026-06,Counted,82,0,0,13.67,82,0,68.33333333333334,0,0,68.33333333333334
#31301,2026-06,Counted,108,0,0,18,108,0,90,0,0,90
#31302,2026-06,Counted,125,5,0,20,120,0,104.1666666666667,4.166666666666667,0,100
#31303,2026-06,Counted,48,0,3.95,8.66,51.95,0,40,0,0,40
#31304,2026-06,Counted,20,0,3.95,3.99,23.95,0,16.66666666666667,0,0,16.66666666666667
#31305,2026-06,Counted,32,0,3.95,5.99,35.95,0,26.66666666666667,0,0,26.66666666666667
#31306,2026-06,Counted,9,0,3.95,2.16,12.95,0,7.5,0,0,7.5
#31307,2026-06,Counted,128,0,0,21.33,128,0,106.6666666666667,0,0,106.6666666666667
#31308,2026-06,Counted,78,0,0,13,78,0,65,0,0,65
#31309,2026-06,Counted,34,0,3.95,6.33,37.95,0,28.33333333333334,0,0,28.33333333333334
#31310,2026-06,Counted,15,0,3.95,3.16,18.95,0,12.5,0,0,12.5
#31311,2026-06,Counted,15,0,3.95,3.16,18.95,0,12.5,0,0,12.5
#31312,2026-06,Counted,174,0,0,29,174,0,145,0,0,145
#31313,2026-06,Counted,80,0,0,13.33,80,0,66.66666666666667,0,0,66.66666666666667
#31314,2026-06,Counted,51,0,0,8.5,51,0,42.5,0,0,42.5
#31315,2026-06,Counted,9,0,3.95,2.16,12.95,0,7.5,0,0,7.5
#31316,2026-06,Counted,115,0,0,19.17,115,0,95.83333333333334,0,0,95.83333333333334
#31317,2026-06,Counted,28,0,3.95,5.33,31.95,0,23.33333333333334,0,0,23.33333333333334
#31318,2026-06,Counted,132,0,0,22,132,0,110,0,0,110
#31319,2026-06,Counted,60,0,0,10,60,0,50,0,0,50
#31320,2026-06,Counted,36,0,3.95,6.66,39.95,0,30,0,0,30
#31321,2026-06,Counted,52,0,0,8.67,52,0,43.33333333333334,0,0,43.33333333333334
#31322,2026-06,Counted,40,0,3.95,7.33,43.95,0,33.33333333333334,0,0,33.33333333333334
#31323,2026-06,Counted,11,0,3.95,2.49,14.95,14.95,9.166666666666668,0,9.166666666666668,0
#31324,2026-06,Counted,20,2,3.95,3.66,21.95,21.95,16.66666666666667,1.666666666666667,15,1.77635683940025e-15
#31325,2026-06,Counted,11,0,3.95,2.49,14.95,0,9.166666666666668,0,0,9.166666666666668
#31326,2026-06,Counted,27,0,3.95,5.16,30.95,0,22.5,0,0,22.5
#31327,2026-06,Cancelled / voided (never shipped),81,5,0,12.67,76,76,67.5,4.166666666666667,63.33333333333334,0
#31328,2026-06,Counted,128,0,0,21.33,128,0,106.6666666666667,0,0,106.6666666666667
#31329,2026-06,Counted,72,0,0,12,72,0,60,0,0,60
#31330,2026-06,Counted,20,0,3.95,3.99,23.95,0,16.66666666666667,0,0,16.66666666666667
#31331,2026-06,Counted,46,0,3.95,8.33,49.95,0,38.33333333333334,0,0,38.33333333333334
#31332,2026-06,Counted,15,0,3.95,3.16,18.95,0,12.5,0,0,12.5
#31333,2026-06,Counted,124,0,0,20.67,124,0,103.3333333333333,0,0,103.3333333333333
#31334,2026-06,Counted,127,0,0,21.17,127,0,105.8333333333333,0,0,105.8333333333333
#31335,2026-06,Counted,26.6,2.66,3.95,4.65,27.89,0,22.16666666666667,2.216666666666667,0,19.95
#31336,2026-06,Counted,46,0,3.95,8.33,49.95,0,38.33333333333334,0,0,38.33333333333334
#31337,2026-06,Counted,144,0,0,24,144,0,120,0,0,120
#31338,2026-06,Counted,96,5,0,15.17,91,0,80,4.166666666666667,0,75.83333333333333
#31339,2026-06,Counted,36,0,3.95,6.66,39.95,0,30,0,0,30
#31340,2026-06,Counted,153,0,0,25.5,153,0,127.5,0,0,127.5
#31341,2026-06,Counted,38,3.8,3.95,6.36,38.15,0,31.66666666666667,3.166666666666667,0,28.5
#31342,2026-06,Counted,51,0,0,8.5,51,0,42.5,0,0,42.5
#31343,2026-06,Counted,19.5,0,3.95,3.91,23.45,0,16.25,0,0,16.25
#31344,2026-06,Counted,30,0,3.95,5.66,33.95,0,25,0,0,25
#31345,2026-06,Counted,74,0,0,12.33,74,0,61.66666666666667,0,0,61.66666666666667
#31346,2026-06,Counted,135,0,0,22.5,135,0,112.5,0,0,112.5
#31347,2026-06,Counted,69,0,0,11.5,69,0,57.5,0,0,57.5
#31348,2026-06,Counted,87,0,0,14.5,87,0,72.5,0,0,72.5
#31349,2026-06,Counted,126,0,0,21,126,0,105,0,0,105
#31350,2026-06,Counted,18,0,3.95,3.66,21.95,0,15,0,0,15
#31351,2026-07,Counted,52,0,0,8.67,52,0,43.33333333333334,0,0,43.33333333333334
#31352,2026-07,Counted,29,0,3.95,5.49,32.95,0,24.16666666666667,0,0,24.16666666666667
#31353,2026-07,Counted,32,0,3.95,5.99,35.95,0,26.66666666666667,0,0,26.66666666666667
#31354,2026-07,Counted,80,0,0,13.33,80,0,66.66666666666667,0,0,66.66666666666667
#31355,2026-07,Counted,19,0,3.95,3.83,22.95,22.95,15.83333333333333,0,15.83333333333333,0
#31356,2026-07,Counted,81,8.1,0,12.15,72.90000000000001,0,67.5,6.75,0,60.75
#31357,2026-07,Counted,32,0,3.95,5.99,35.95,0,26.66666666666667,0,0,26.66666666666667
#31358,2026-07,Counted,36,3.6,3.95,6.06,36.35,0,30,3,0,27
#31359,2026-07,Counted,36,0,3.95,6.66,39.95,0,30,0,0,30
#31360,2026-07,Counted,91,0,0,15.17,91,0,75.83333333333334,0,0,75.83333333333334
#31361,2026-07,Counted,84,0,0,14,84,0,70,0,0,70
#31362,2026-07,Counted,28,0,3.95,5.33,31.95,15.98,23.33333333333334,0,13.31666666666667,10.01666666666667
#31363,2026-07,Counted,167,0,0,27.83,167,0,139.1666666666667,0,0,139.1666666666667
#31364,2026-07,Counted,24,5,3.95,3.83,22.95,0,20,4.166666666666667,0,15.83333333333333
#31365,2026-07,Counted,48,0,3.95,8.66,51.95,0,40,0,0,40
#31366,2026-07,Counted,111,0,0,18.5,111,0,92.5,0,0,92.5
#31367,2026-07,Counted,17,0,3.95,3.49,20.95,0,14.16666666666667,0,0,14.16666666666667
#31368,2026-07,Counted,92,0,0,15.33,92,0,76.66666666666667,0,0,76.66666666666667
#31369,2026-07,Counted,45,0,3.95,8.16,48.95,0,37.5,0,0,37.5
#31370,2026-07,Counted,128,5,0,20.5,123,0,106.6666666666667,4.166666666666667,0,102.5
#31371,2026-07,Counted,9,0,3.95,2.16,12.95,0,7.5,0,0,7.5
#31372,2026-07,Counted,63,0,0,10.5,63,0,52.5,0,0,52.5
#31373,2026-07,Counted,84,0,0,14,84,0,70,0,0,70
#31374,2026-07,Counted,18,0,3.95,3.66,21.95,0,15,0,0,15
#31375,2026-07,Counted,60,0,0,10,60,0,50,0,0,50
#31376,2026-07,Counted,36,0,3.95,6.66,39.95,0,30,0,0,30
#31377,2026-07,Counted,135,0,0,22.5,135,0,112.5,0,0,112.5
#31378,2026-07,Counted,28,0,3.95,5.33,31.95,0,23.33333333333334,0,0,23.33333333333334
#31379,2026-07,Counted,36,0,3.95,6.66,39.95,0,30,0,0,30
#31380,2026-07,Counted,129,0,0,21.5,129,0,107.5,0,0,107.5
#31381,2026-07,Counted,28,0,3.95,5.33,31.95,0,23.33333333333334,0,0,23.33333333333334
#31382,2026-07,Counted,21,0,3.95,4.16,24.95,0,17.5,0,0,17.5
#31383,2026-07,Counted,48.5,0,3.95,8.74,52.45,0,40.41666666666667,0,0,40.41666666666667
#31384,2026-07,Counted,42,0,3.95,7.66,45.95,0,35,0,0,35
#31385,2026-07,Counted,44,0,3.95,7.99,47.95,0,36.66666666666667,0,0,36.66666666666667
#31386,2026-07,Counted,21,0,3.95,4.16,24.95,0,17.5,0,0,17.5
#31387,2026-07,Counted,65,0,0,10.83,65,0,54.16666666666667,0,0,54.16666666666667
#31388,2026-07,Counted,7.5,0.75,3.95,1.78,10.7,0,6.25,0.625,0,5.625
#31389,2026-07,Counted,45,0,3.95,8.16,48.95,0,37.5,0,0,37.5
#31390,2026-07,Counted,116,0,0,19.33,116,0,96.66666666666667,0,0,96.66666666666667
#31391,2026-07,Counted,36,0,3.95,6.66,39.95,0,30,0,0,30
#31392,2026-07,Counted,102,0,0,17,102,0,85,0,0,85
#31393,2026-07,Counted,83,0,0,13.83,83,0,69.16666666666667,0,0,69.16666666666667
#31394,2026-07,Counted,84,0,0,14,84,0,70,0,0,70
#31395,2026-07,Counted,198,0,0,33,198,0,165,0,0,165
#31396,2026-07,Counted,36,0,3.95,6.66,39.95,0,30,0,0,30
#31397,2026-07,Counted,6,0,3.95,1.66,9.949999999999999,0,5,0,0,5
#31398,2026-07,Counted,90,0,0,15,90,0,75,0,0,75
#31399,2026-07,Counted,30,0,3.95,5.66,33.95,0,25,0,0,25
#31400,2026-07,Counted,28,0,3.95,5.33,31.95,0,23.33333333333334,0,0,23.33333333333334
#31401,2026-07,Counted,15,0,3.95,3.16,18.95,0,12.5,0,0,12.5
#31402,2026-07,Counted,26,0,3.95,4.99,29.95,0,21.66666666666667,0,0,21.66666666666667
#31403,2026-07,Counted,11,1.1,3.95,2.31,13.85,0,9.166666666666668,0.9166666666666667,0,8.250000000000002
#31404,2026-07,Test order,248,0,0,41.33,248,0,206.6666666666667,0,0,206.6666666666667
#31405,2026-07,Counted,51,0,0,8.5,51,0,42.5,0,0,42.5
#31406,2026-07,Counted,16,0,3.95,3.33,19.95,0,13.33333333333333,0,0,13.33333333333333
#31407,2026-07,Counted,27,0,3.95,5.16,30.95,0,22.5,0,0,22.5
#31408,2026-07,Counted,42,0,3.95,7.66,45.95,0,35,0,0,35
#31409,2026-07,Counted,22,0,3.95,4.33,25.95,0,18.33333333333334,0,0,18.33333333333334
#31410,2026-07,Counted,198,0,0,33,198,0,165,0,0,165
#31411,2026-07,Counted,45,5,3.95,7.33,43.95,0,37.5,4.166666666666667,0,33.33333333333334
#31412,2026-07,Counted,32,0,3.95,5.99,35.95,0,26.66666666666667,0,0,26.66666666666667
#31413,2026-07,Counted,22.5,0,3.95,4.41,26.45,0,18.75,0,0,18.75
#31414,2026-07,Counted,40,0,3.95,7.33,43.95,0,33.33333333333334,0,0,33.33333333333334
#31415,2026-07,Counted,124,0,0,20.67,124,0,103.3333333333333,0,0,103.3333333333333
#31416,2026-07,Counted,68,0,0,11.33,68,0,56.66666666666667,0,0,56.66666666666667
#31417,2026-07,Counted,45,0,3.95,8.16,48.95,0,37.5,0,0,37.5
#31418,2026-07,Counted,53,0,0,8.83,53,0,44.16666666666667,0,0,44.16666666666667
#31419,2026-07,Counted,85,0,0,14.17,85,0,70.83333333333334,0,0,70.83333333333334
#31420,2026-07,Counted,51,0,0,8.5,51,0,42.5,0,0,42.5
#31421,2026-07,Counted,79,0,0,13.17,79,0,65.83333333333334,0,0,65.83333333333334
#31422,2026-07,Counted,25,0,3.95,4.83,28.95,0,20.83333333333334,0,0,20.83333333333334
#31423,2026-07,Counted,22,0,3.95,4.33,25.95,0,18.33333333333334,0,0,18.33333333333334
#31424,2026-07,Counted,131,0,0,21.83,131,0,109.1666666666667,0,0,109.1666666666667
#31425,2026-07,Counted,123,0,0,20.5,123,0,102.5,0,0,102.5
#31426,2026-07,Counted,110,0,0,18.33,110,0,91.66666666666667,0,0,91.66666666666667
#31427,2026-07,Counted,69,0,0,11.5,69,0,57.5,0,0,57.5
#31428,2026-07,Counted,56,0,0,9.33,56,0,46.66666666666667,0,0,46.66666666666667
#31429,2026-07,Counted,66,0,0,11,66,0,55,0,0,55
#31430,2026-07,Counted,38,0,3.95,6.99,41.95,0,31.66666666666667,0,0,31.66666666666667
#31431,2026-07,Counted,144,0,0,24,144,0,120,0,0,120
#31432,2026-07,Counted,153,0,0,25.5,153,0,127.5,0,0,127.5
#31433,2026-07,Counted,42,0,3.95,7.66,45.95,0,35,0,0,35
#31434,2026-07,Counted,201,20.1,0,30.15,180.9,0,167.5,16.75,0,150.75
#31435,2026-07,Counted,25,0,3.95,4.83,28.95,0,20.83333333333334,0,0,20.83333333333334
#31436,2026-07,Counted,240,24,0,36,216,0,200,20,0,180
#31437,2026-07,Counted,36,0,3.95,6.66,39.95,0,30,0,0,30
#31438,2026-07,Counted,60,0,0,10,60,0,50,0,0,50
#31439,2026-07,Counted,20,0,3.95,3.99,23.95,0,16.66666666666667,0,0,16.66666666666667
#31440,2026-07,Counted,119,0,0,19.83,119,0,99.16666666666667,0,0,99.16666666666667
#31441,2026-07,Counted,42,4.2,3.95,6.96,41.75,0,35,3.5,0,31.5
#31442,2026-07,Counted,57,0,0,9.5,57,0,47.5,0,0,47.5
#31443,2026-07,Counted,39.5,0,3.95,7.24,43.45,0,32.91666666666667,0,0,32.91666666666667
#31444,2026-07,Counted,39,0,3.95,7.16,42.95,21.48,32.5,0,17.9,14.6
#31445,2026-07,Counted,89,0,0,14.83,89,0,74.16666666666667,0,0,74.16666666666667
#31446,2026-07,Counted,16,0,3.95,3.33,19.95,0,13.33333333333333,0,0,13.33333333333333
#31447,2026-07,Counted,64,0,0,10.67,64,0,53.33333333333334,0,0,53.33333333333334
#31448,2026-07,Counted,45,0,3.95,8.16,48.95,0,37.5,0,0,37.5
#31449,2026-07,Counted,110,0,0,18.33,110,0,91.66666666666667,0,0,91.66666666666667
#31450,2026-07,Counted,79,0,0,13.17,79,0,65.83333333333334,0,0,65.83333333333334
#31451,2026-07,Counted,36,0,3.95,6.66,39.95,0,30,0,0,30
#31452,2026-07,Counted,65,0,0,10.83,65,65,54.16666666666667,0,54.16666666666667,0
#31453,2026-07,Counted,110,0,0,18.33,110,0,91.66666666666667,0,0,91.66666666666667
#31454,2026-07,Counted,72,0,0,12,72,0,60,0,0,60
#31455,2026-07,Counted,73,0,0,12.17,73,0,60.83333333333334,0,0,60.83333333333334
#31456,2026-07,Counted,76,0,0,12.67,76,0,63.33333333333334,0,0,63.33333333333334
#31457,2026-07,Counted,50,5,3.95,8.16,48.95,0,41.66666666666667,4.166666666666667,0,37.50000000000001
#31458,2026-07,Counted,349,0,0,58.17,349,0,290.8333333333334,0,0,290.8333333333334
#31459,2026-07,Counted,111,0,0,18.5,111,0,92.5,0,0,92.5
#31460,2026-07,Counted,33,0,3.95,6.16,36.95,0,27.5,0,0,27.5
#31461,2026-07,Counted,80,0,0,13.33,80,16,66.66666666666667,0,13.33333333333333,53.33333333333334
#31462,2026-07,Counted,18,0,3.95,3.66,21.95,0,15,0,0,15
#31463,2026-07,Counted,42,0,3.95,7.66,45.95,0,35,0,0,35
#31464,2026-07,Counted,243,5,0,39.67,238,0,202.5,4.166666666666667,0,198.3333333333333
#31465,2026-07,Counted,79.2,0,0,13.2,79.2,0,66,0,0,66
#31466,2026-07,Counted,92,0,0,15.33,92,0,76.66666666666667,0,0,76.66666666666667
#31467,2026-07,Counted,74,0,0,12.33,74,0,61.66666666666667,0,0,61.66666666666667
#31468,2026-07,Counted,72,7.2,0,10.8,64.8,0,60,6,0,54
#31469,2026-07,Counted,33,3.3,3.95,5.61,33.65,0,27.5,2.75,0,24.75
#31470,2026-07,Counted,206.5,0,0,34.42,206.5,0,172.0833333333333,0,0,172.0833333333333
#31471,2026-07,Counted,12,0,3.95,2.66,15.95,0,10,0,0,10
#31472,2026-07,Counted,25,0,3.95,4.83,28.95,0,20.83333333333334,0,0,20.83333333333334
#31473,2026-07,Counted,12,0,3.95,2.66,15.95,0,10,0,0,10
#31474,2026-07,Counted,25,0,3.95,4.83,28.95,0,20.83333333333334,0,0,20.83333333333334
#31475,2026-07,Counted,36,0,3.95,6.66,39.95,0,30,0,0,30
#31476,2026-07,Counted,7.5,0,3.95,1.91,11.45,0,6.25,0,0,6.25
#31477,2026-07,Counted,42,0,3.95,7.66,45.95,0,35,0,0,35
#31478,2026-07,Counted,9,0,3.95,2.16,12.95,0,7.5,0,0,7.5
#31479,2026-07,Counted,30,0,3.95,5.66,33.95,0,25,0,0,25
#31480,2026-07,Counted,25,0,3.95,4.83,28.95,0,20.83333333333334,0,0,20.83333333333334
#31481,2026-07,Counted,73.5,0,0,12.25,73.5,0,61.25,0,0,61.25
#31482,2026-07,Counted,114,0,0,19,114,0,95,0,0,95
#31483,2026-07,Counted,9,0,3.95,2.16,12.95,0,7.5,0,0,7.5
#31484,2026-07,Counted,199,0,0,33.17,199,0,165.8333333333333,0,0,165.8333333333333
#31485,2026-07,Counted,60,0,0,10,60,0,50,0,0,50
#31486,2026-07,Counted,121,12.1,0,18.15,108.9,0,100.8333333333333,10.08333333333333,0,90.75000000000001
#31487,2026-07,Counted,33,0,3.95,6.16,36.95,0,27.5,0,0,27.5
#31488,2026-07,Counted,111,0,0,18.5,111,0,92.5,0,0,92.5
#31489,2026-07,Counted,28,0,3.95,5.33,31.95,0,23.33333333333334,0,0,23.33333333333334
#31490,2026-07,Counted,25,0,3.95,4.83,28.95,0,20.83333333333334,0,0,20.83333333333334
#31491,2026-07,Counted,96,0,0,16,96,0,80,0,0,80
#31492,2026-07,Counted,82,0,0,13.67,82,0,68.33333333333334,0,0,68.33333333333334
#31493,2026-07,Counted,117.5,0,0,19.58,117.5,0,97.91666666666667,0,0,97.91666666666667
#31494,2026-07,Counted,56,0,0,9.33,56,0,46.66666666666667,0,0,46.66666666666667
#31495,2026-07,Counted,46,0,3.95,8.33,49.95,0,38.33333333333334,0,0,38.33333333333334
#31496,2026-07,Counted,62,0,0,10.33,62,0,51.66666666666667,0,0,51.66666666666667
#31497,2026-07,Counted,123,0,0,20.5,123,0,102.5,0,0,102.5
#31498,2026-07,Counted,24,0,3.95,4.66,27.95,0,20,0,0,20
#31499,2026-07,Counted,70,0,0,11.67,70,0,58.33333333333334,0,0,58.33333333333334
#31500,2026-07,Counted,124,0,0,20.67,124,0,103.3333333333333,0,0,103.3333333333333
#31501,2026-07,Counted,14,0,3.95,2.99,17.95,0,11.66666666666667,0,0,11.66666666666667
#31502,2026-07,Counted,30,0,3.95,5.66,33.95,33.95,25,0,25,0
#31503,2026-07,Counted,156,0,0,26,156,0,130,0,0,130
#31504,2026-07,Counted,83,0,0,13.83,83,0,69.16666666666667,0,0,69.16666666666667
#31505,2026-07,Counted,51,0,0,8.5,51,0,42.5,0,0,42.5
#31506,2026-07,Counted,183,0,0,30.5,183,0,152.5,0,0,152.5
#31507,2026-07,Counted,52,0,0,8.67,52,0,43.33333333333334,0,0,43.33333333333334
#31508,2026-07,Counted,119,0,0,19.83,119,0,99.16666666666667,0,0,99.16666666666667
#31509,2026-07,Counted,188,0,0,31.33,188,0,156.6666666666667,0,0,156.6666666666667
#31510,2026-07,Counted,47,0,3.95,8.49,50.95,0,39.16666666666667,0,0,39.16666666666667
#31511,2026-07,Counted,24,0,3.95,4.66,27.95,0,20,0,0,20
#31512,2026-07,Counted,38,0,3.95,6.99,41.95,20.98,31.66666666666667,0,17.48333333333333,14.18333333333333
#31513,2026-07,Counted,16,0,3.95,3.33,19.95,0,13.33333333333333,0,0,13.33333333333333
#31514,2026-07,Counted,149,0,0,24.83,149,0,124.1666666666667,0,0,124.1666666666667
#31515,2026-07,Counted,152,0,0,25.33,152,0,126.6666666666667,0,0,126.6666666666667
#31516,2026-07,Counted,72,0,0,12,72,0,60,0,0,60
#31517,2026-07,Counted,66,0,0,11,66,0,55,0,0,55
#31518,2026-07,Counted,162,0,0,27,162,0,135,0,0,135
#31519,2026-07,Counted,75.5,0,0,12.58,75.5,0,62.91666666666667,0,0,62.91666666666667
#31520,2026-07,Counted,36,0,3.95,6.66,39.95,0,30,0,0,30
#31521,2026-07,Counted,87,0,0,14.5,87,0,72.5,0,0,72.5
#31522,2026-07,Counted,117,0,0,19.5,117,0,97.5,0,0,97.5
#31523,2026-07,Counted,187,0,0,31.17,187,0,155.8333333333333,0,0,155.8333333333333
#31524,2026-07,Counted,14,0,3.95,2.99,17.95,0,11.66666666666667,0,0,11.66666666666667
#31525,2026-07,Counted,130,0,0,21.67,130,0,108.3333333333333,0,0,108.3333333333333
#31526,2026-07,Counted,48,4.8,3.95,7.86,47.15,0,40,4,0,36
#31527,2026-07,Counted,54.5,0,0,9.08,54.5,0,45.41666666666667,0,0,45.41666666666667
#31528,2026-07,Counted,57,0,0,9.5,57,0,47.5,0,0,47.5
#31529,2026-07,Counted,43,0,3.95,7.83,46.95,0,35.83333333333334,0,0,35.83333333333334
#31530,2026-07,Counted,19,0,3.95,3.83,22.95,0,15.83333333333333,0,0,15.83333333333333
#31531,2026-07,Counted,22,0,3.95,4.33,25.95,0,18.33333333333334,0,0,18.33333333333334
#31532,2026-07,Counted,141,0,0,23.5,141,0,117.5,0,0,117.5
#31533,2026-07,Counted,36,0,3.95,6.66,39.95,0,30,0,0,30
#31534,2026-07,Counted,27,0,3.95,5.16,30.95,0,22.5,0,0,22.5
#31535,2026-07,Counted,18,0,3.95,3.66,21.95,0,15,0,0,15
#31536,2026-07,Counted,113,0,0,18.83,113,0,94.16666666666667,0,0,94.16666666666667
#31537,2026-07,Counted,15,1.5,3.95,2.91,17.45,0,12.5,1.25,0,11.25
#31538,2026-07,Counted,14,0,3.95,2.99,17.95,0,11.66666666666667,0,0,11.66666666666667
#31539,2026-07,Counted,93,0,0,15.5,93,0,77.5,0,0,77.5
#31540,2026-07,Counted,14,0,3.95,2.99,17.95,0,11.66666666666667,0,0,11.66666666666667
#31541,2026-07,Counted,53,0,0,8.83,53,0,44.16666666666667,0,0,44.16666666666667
#31542,2026-07,Counted,125,0,0,20.83,125,0,104.1666666666667,0,0,104.1666666666667
#31543,2026-07,Counted,169,0,0,28.17,169,0,140.8333333333333,0,0,140.8333333333333
#31544,2026-07,Counted,12,0,3.95,2.66,15.95,0,10,0,0,10
#31545,2026-07,Counted,79.5,7.95,0,11.93,71.55,21.47,66.25,6.625,17.89166666666667,41.73333333333333
#31546,2026-07,Counted,54,0,0,9,54,0,45,0,0,45
#31547,2026-07,Counted,59.5,0,0,9.92,59.5,59.5,49.58333333333334,0,49.58333333333334,0
#31548,2026-07,Counted,20,0,3.95,3.99,23.95,0,16.66666666666667,0,0,16.66666666666667
#31549,2026-07,Counted,120,0,0,20,120,0,100,0,0,100
#31550,2026-07,Counted,12,0,3.95,2.66,15.95,0,10,0,0,10
#31551,2026-07,Counted,94,0,0,15.67,94,0,78.33333333333334,0,0,78.33333333333334
#31552,2026-07,Counted,14,0,3.95,2.99,17.95,0,11.66666666666667,0,0,11.66666666666667
#31553,2026-07,Counted,30,3,3.95,5.16,30.95,0,25,2.5,0,22.5
#31554,2026-07,Counted,52,0,0,8.67,52,15.6,43.33333333333334,0,13,30.33333333333334
#31555,2026-07,Counted,71,0,0,11.83,71,0,59.16666666666667,0,0,59.16666666666667
#31556,2026-07,Counted,230,0,0,38.33,230,230,191.6666666666667,0,191.6666666666667,0
#31557,2026-07,Counted,20,0,3.95,3.99,23.95,0,16.66666666666667,0,0,16.66666666666667
#31558,2026-07,Counted,60,0,0,10,60,0,50,0,0,50
#31559,2026-07,Counted,6,0.6,3.95,1.56,9.35,0,5,0.5,0,4.5
#31560,2026-07,Counted,100,0,0,16.67,100,0,83.33333333333334,0,0,83.33333333333334
#31561,2026-07,Counted,72,0,0,12,72,0,60,0,0,60
#31562,2026-07,Counted,14,0,3.95,2.99,17.95,0,11.66666666666667,0,0,11.66666666666667
#31563,2026-07,Counted,20,0,3.95,3.99,23.95,0,16.66666666666667,0,0,16.66666666666667
#31564,2026-07,Counted,28,0,3.95,5.33,31.95,0,23.33333333333334,0,0,23.33333333333334
#31565,2026-07,Counted,216,0,0,36,216,0,180,0,0,180
#31566,2026-07,Counted,22,0,3.95,4.33,25.95,0,18.33333333333334,0,0,18.33333333333334
#31567,2026-07,Counted,90,0,0,15,90,0,75,0,0,75
#31568,2026-07,Counted,41,0,3.95,7.49,44.95,0,34.16666666666667,0,0,34.16666666666667
#31569,2026-07,Counted,40,0,3.95,7.33,43.95,0,33.33333333333334,0,0,33.33333333333334
#31570,2026-07,Counted,93,0,0,15.5,93,0,77.5,0,0,77.5
#31571,2026-07,Counted,38,0,3.95,6.99,41.95,0,31.66666666666667,0,0,31.66666666666667
#31572,2026-07,Counted,45,5,3.95,7.33,43.95,21.98,37.5,4.166666666666667,18.31666666666667,15.01666666666667
#31573,2026-07,Counted,116,0,0,19.33,116,0,96.66666666666667,0,0,96.66666666666667
#31574,2026-07,Counted,67.5,0,0,11.25,67.5,0,56.25,0,0,56.25
#31575,2026-07,Counted,20,0,3.95,3.99,23.95,0,16.66666666666667,0,0,16.66666666666667
#31576,2026-07,Counted,105,0,0,17.5,105,0,87.5,0,0,87.5
#31577,2026-07,Counted,38,0,3.95,6.99,41.95,0,31.66666666666667,0,0,31.66666666666667
#31578,2026-07,Counted,158,0,0,26.33,158,0,131.6666666666667,0,0,131.6666666666667
#31579,2026-07,Counted,30,0,3.95,5.66,33.95,0,25,0,0,25
#31580,2026-07,Counted,21,0,3.95,4.16,24.95,0,17.5,0,0,17.5
#31581,2026-07,Counted,51,5.1,3.95,8.31,49.85,0,42.5,4.25,0,38.25
#31582,2026-07,Counted,20,0,3.95,3.99,23.95,0,16.66666666666667,0,0,16.66666666666667
#31583,2026-07,Counted,97,0,0,16.17,97,0,80.83333333333334,0,0,80.83333333333334
#31584,2026-07,Counted,30,3,3.95,5.16,30.95,0,25,2.5,0,22.5
#31585,2026-07,Counted,21,0,3.95,4.16,24.95,0,17.5,0,0,17.5
#31586,2026-07,Counted,12,0,3.95,2.66,15.95,0,10,0,0,10
#31587,2026-07,Counted,99,0,0,16.5,99,0,82.5,0,0,82.5
#31588,2026-07,Counted,62,0,0,10.33,62,0,51.66666666666667,0,0,51.66666666666667
#31589,2026-07,Counted,28,0,3.95,5.33,31.95,0,23.33333333333334,0,0,23.33333333333334
#31590,2026-07,Counted,135,0,0,22.5,135,0,112.5,0,0,112.5
#31591,2026-07,Counted,48,0,3.95,8.66,51.95,0,40,0,0,40
#31592,2026-07,Counted,64,0,0,10.67,64,0,53.33333333333334,0,0,53.33333333333334
#31593,2026-07,Counted,209,0,0,34.83,209,0,174.1666666666667,0,0,174.1666666666667
#31594,2026-07,Counted,84,0,0,14,84,0,70,0,0,70
#31595,2026-07,Counted,46,0,3.95,8.33,49.95,0,38.33333333333334,0,0,38.33333333333334
#31596,2026-07,Counted,20,0,3.95,3.99,23.95,0,16.66666666666667,0,0,16.66666666666667
#31597,2026-07,Counted,97.5,0,0,16.25,97.5,0,81.25,0,0,81.25
#31598,2026-07,Test order,6,0,3.95,1.66,9.949999999999999,0,5,0,0,5
#31599,2026-07,Counted,20,0,3.95,3.99,23.95,0,16.66666666666667,0,0,16.66666666666667
#31600,2026-07,Counted,146,0,0,24.33,146,0,121.6666666666667,0,0,121.6666666666667
#31601,2026-07,Counted,24,0,3.95,4.66,27.95,0,20,0,0,20
#31602,2026-07,Counted,22,0,3.95,4.33,25.95,0,18.33333333333334,0,0,18.33333333333334
#31603,2026-07,Counted,31,0,3.95,5.83,34.95,0,25.83333333333334,0,0,25.83333333333334
#31604,2026-07,Counted,80,0,0,13.33,80,0,66.66666666666667,0,0,66.66666666666667
#31605,2026-07,Counted,138,0,0,23,138,0,115,0,0,115
#31606,2026-07,Counted,36,0,3.95,6.66,39.95,0,30,0,0,30
#31607,2026-07,Counted,112,0,0,18.67,112,112,93.33333333333334,0,93.33333333333334,0
#31608,2026-07,Counted,128.5,0,0,21.42,128.5,0,107.0833333333333,0,0,107.0833333333333
#31609,2026-07,Counted,45,0,3.95,8.16,48.95,0,37.5,0,0,37.5
#31610,2026-07,Counted,32,0,3.95,5.99,35.95,0,26.66666666666667,0,0,26.66666666666667
#31611,2026-07,Counted,62,0,0,10.33,62,0,51.66666666666667,0,0,51.66666666666667
#31612,2026-07,Counted,34,0,3.95,6.33,37.95,0,28.33333333333334,0,0,28.33333333333334
#31613,2026-07,Counted,21,0,3.95,4.16,24.95,0,17.5,0,0,17.5
#31614,2026-07,Counted,96,0,0,16,96,0,80,0,0,80
#31615,2026-07,Counted,43,0,3.95,7.83,46.95,0,35.83333333333334,0,0,35.83333333333334
#31616,2026-07,Counted,171,0,0,28.5,171,0,142.5,0,0,142.5
#31617,2026-07,Counted,7.5,0,3.95,1.91,11.45,0,6.25,0,0,6.25
#31618,2026-07,Counted,53,5.3,3.95,8.609999999999999,51.65,0,44.16666666666667,4.416666666666667,0,39.75000000000001
#31619,2026-07,Counted,40,4,3.95,6.66,39.95,0,33.33333333333334,3.333333333333333,0,30
#31620,2026-07,Test order,63,0,0,10.5,63,0,52.5,0,0,52.5
#31621,2026-07,Counted,20,5,3.95,3.16,18.95,0,16.66666666666667,4.166666666666667,0,12.5
#31622,2026-07,Counted,30,0,3.95,5.66,33.95,0,25,0,0,25
#31623,2026-07,Counted,50,0,0,8.33,50,0,41.66666666666667,0,0,41.66666666666667
#31624,2026-07,Counted,11,0,3.95,2.49,14.95,0,9.166666666666668,0,0,9.166666666666668
#31625,2026-07,Counted,135,0,0,22.5,135,0,112.5,0,0,112.5
#31626,2026-07,Counted,93,0,0,15.5,93,0,77.5,0,0,77.5
#31627,2026-07,Counted,14,0,3.95,2.99,17.95,0,11.66666666666667,0,0,11.66666666666667
#31628,2026-07,Counted,158,15.8,0,23.7,142.2,0,131.6666666666667,13.16666666666667,0,118.5
#31629,2026-07,Counted,194,0,0,32.33,194,0,161.6666666666667,0,0,161.6666666666667
#31630,2026-07,Counted,34,0,3.95,6.33,37.95,0,28.33333333333334,0,0,28.33333333333334
#31631,2026-07,Counted,90,0,0,15,90,0,75,0,0,75
#31632,2026-07,Counted,22,0,3.95,4.33,25.95,0,18.33333333333334,0,0,18.33333333333334
#31633,2026-07,Counted,191,0,0,31.83,191,0,159.1666666666667,0,0,159.1666666666667
#31634,2026-07,Counted,81,5,0,12.67,76,0,67.5,4.166666666666667,0,63.33333333333334
#31635,2026-07,Counted,38,0,3.95,6.99,41.95,0,31.66666666666667,0,0,31.66666666666667
#31636,2026-07,Counted,93,9.300000000000001,0,13.95,83.7,0,77.5,7.750000000000001,0,69.75
#31637,2026-07,Counted,25,5,3.95,3.99,23.95,0,20.83333333333334,4.166666666666667,0,16.66666666666667
#31638,2026-07,Counted,101,0,0,16.83,101,0,84.16666666666667,0,0,84.16666666666667
#31639,2026-07,Counted,22,2.2,3.95,3.96,23.75,0,18.33333333333334,1.833333333333333,0,16.5
#31640,2026-07,Counted,19,0,3.95,3.83,22.95,0,15.83333333333333,0,0,15.83333333333333
#31641,2026-07,Counted,29,0,3.95,5.49,32.95,0,24.16666666666667,0,0,24.16666666666667
#31642,2026-07,Counted,291,0,0,48.5,291,0,242.5,0,0,242.5
#31643,2026-07,Counted,9,0,3.95,2.16,12.95,0,7.5,0,0,7.5
#31644,2026-07,Counted,19,0,3.95,3.83,22.95,0,15.83333333333333,0,0,15.83333333333333
#31645,2026-07,Counted,109,0,0,18.17,109,0,90.83333333333334,0,0,90.83333333333334
#31646,2026-07,Counted,108,0,0,18,108,0,90,0,0,90
#31647,2026-07,Counted,24,2.4,3.95,4.26,25.55,0,20,2,0,18
#31648,2026-07,Counted,35,0,3.95,6.49,38.95,0,29.16666666666667,0,0,29.16666666666667
#31649,2026-07,Counted,98,0,0,16.33,98,98,81.66666666666667,0,81.66666666666667,0
#31650,2026-07,Counted,32,0,3.95,5.99,35.95,0,26.66666666666667,0,0,26.66666666666667
#31651,2026-07,Counted,56,0,0,9.33,56,0,46.66666666666667,0,0,46.66666666666667
#31652,2026-07,Counted,38,0,3.95,6.99,41.95,0,31.66666666666667,0,0,31.66666666666667
#31653,2026-07,Counted,29,2.9,3.95,5.01,30.05,0,24.16666666666667,2.416666666666667,0,21.75
#31654,2026-07,Counted,103,0,0,17.17,103,103,85.83333333333334,0,85.83333333333334,0
#31655,2026-07,Counted,110.5,0,0,18.42,110.5,0,92.08333333333334,0,0,92.08333333333334
#31656,2026-07,Counted,32,0,3.95,5.99,35.95,0,26.66666666666667,0,0,26.66666666666667
#31657,2026-07,Counted,25,0,3.95,4.83,28.95,0,20.83333333333334,0,0,20.83333333333334
#31658,2026-07,Counted,94,0,0,15.67,94,0,78.33333333333334,0,0,78.33333333333334
#31659,2026-07,Counted,24.6,0,3.95,4.76,28.55,0,20.5,0,0,20.5
#31660,2026-07,Counted,92.5,0,0,15.42,92.5,0,77.08333333333334,0,0,77.08333333333334
#31661,2026-07,Counted,19.5,0,3.95,3.91,23.45,0,16.25,0,0,16.25
#31662,2026-07,Counted,187,0,0,31.17,187,0,155.8333333333333,0,0,155.8333333333333
#31663,2026-07,Counted,45,0,3.95,8.16,48.95,0,37.5,0,0,37.5
#31664,2026-07,Counted,95,0,0,15.83,95,0,79.16666666666667,0,0,79.16666666666667
#31665,2026-07,Counted,21,0,3.95,4.16,24.95,0,17.5,0,0,17.5
#31666,2026-07,Counted,82,0,0,13.67,82,0,68.33333333333334,0,0,68.33333333333334
#31667,2026-07,Counted,53,5,3.95,8.66,51.95,0,44.16666666666667,4.166666666666667,0,40.00000000000001
#31668,2026-07,Counted,15,0,3.95,3.16,18.95,0,12.5,0,0,12.5
#31669,2026-07,Counted,298.5,0,0,49.75,298.5,0,248.75,0,0,248.75
#31670,2026-07,Counted,48,0,3.95,8.66,51.95,0,40,0,0,40
#31671,2026-07,Counted,59,0,0,9.83,59,0,49.16666666666667,0,0,49.16666666666667
#31672,2026-07,Counted,30,0,3.95,5.66,33.95,0,25,0,0,25
#31673,2026-07,Counted,41,0,3.95,7.49,44.95,0,34.16666666666667,0,0,34.16666666666667
#31674,2026-07,Counted,21,0,3.95,4.16,24.95,0,17.5,0,0,17.5
#31675,2026-07,Counted,120,0,0,20,120,0,100,0,0,100
#31676,2026-07,Counted,36,0,3.95,6.66,39.95,0,30,0,0,30
#31677,2026-07,Counted,149,0,0,24.83,149,0,124.1666666666667,0,0,124.1666666666667
#31678,2026-07,Counted,9,0,3.95,2.16,12.95,0,7.5,0,0,7.5
#31679,2026-07,Counted,121,0,0,20.17,121,0,100.8333333333333,0,0,100.8333333333333
#31680,2026-07,Counted,70,0,0,11.67,70,0,58.33333333333334,0,0,58.33333333333334
#31681,2026-07,Counted,34,0,3.95,6.33,37.95,0,28.33333333333334,0,0,28.33333333333334
#31682,2026-07,Counted,69,0,0,11.5,69,0,57.5,0,0,57.5
#31683,2026-07,Counted,21,0,3.95,4.16,24.95,0,17.5,0,0,17.5
#31684,2026-07,Counted,34,0,3.95,6.33,37.95,0,28.33333333333334,0,0,28.33333333333334
#31685,2026-07,Counted,41,0,3.95,7.49,44.95,0,34.16666666666667,0,0,34.16666666666667
#31686,2026-07,Counted,65,0,0,10.83,65,0,54.16666666666667,0,0,54.16666666666667
#31687,2026-07,Counted,56,5.6,0,8.4,50.4,0,46.66666666666667,4.666666666666667,0,42.00000000000001
#31688,2026-07,Counted,63,0,0,10.5,63,0,52.5,0,0,52.5
#31689,2026-07,Counted,21,0,3.95,4.16,24.95,0,17.5,0,0,17.5
#31690,2026-07,Counted,88,0,0,14.67,88,0,73.33333333333334,0,0,73.33333333333334
#31691,2026-07,Counted,152,0,0,25.33,152,0,126.6666666666667,0,0,126.6666666666667
#31692,2026-07,Counted,143,14.3,0,21.45,128.7,128.7,119.1666666666667,11.91666666666667,107.25,0
#31693,2026-07,Counted,60,0,0,10,60,0,50,0,0,50
#31694,2026-07,Counted,177,0,0,29.5,177,0,147.5,0,0,147.5
#31695,2026-07,Counted,38,0,3.95,6.99,41.95,0,31.66666666666667,0,0,31.66666666666667
#31696,2026-07,Counted,123,5,0,19.67,118,0,102.5,4.166666666666667,0,98.33333333333333
#31697,2026-07,Counted,64,0,0,10.67,64,0,53.33333333333334,0,0,53.33333333333334
#31698,2026-07,Counted,24,0,3.95,4.66,27.95,0,20,0,0,20
#31699,2026-07,Counted,102,0,0,17,102,0,85,0,0,85
#31700,2026-07,Counted,72,0,0,12,72,0,60,0,0,60
#31701,2026-07,Counted,32,3.2,3.95,5.46,32.75,0,26.66666666666667,2.666666666666667,0,24
#31702,2026-07,Counted,26,0,3.95,4.99,29.95,0,21.66666666666667,0,0,21.66666666666667
#31703,2026-07,Counted,109,0,0,18.17,109,0,90.83333333333334,0,0,90.83333333333334
#31704,2026-07,Counted,209,20.9,0,31.35,188.1,0,174.1666666666667,17.41666666666667,0,156.75
#31705,2026-07,Counted,17,0,3.95,3.49,20.95,0,14.16666666666667,0,0,14.16666666666667
#31706,2026-07,Counted,32,0,3.95,5.99,35.95,0,26.66666666666667,0,0,26.66666666666667
#31707,2026-07,Counted,128,0,0,21.33,128,0,106.6666666666667,0,0,106.6666666666667
#31708,2026-07,Counted,26,5,3.95,4.16,24.95,0,21.66666666666667,4.166666666666667,0,17.5
#31709,2026-07,Counted,72,0,0,12,72,0,60,0,0,60
#31710,2026-07,Counted,22,0,3.95,4.33,25.95,0,18.33333333333334,0,0,18.33333333333334
#31711,2026-07,Counted,181,0,0,30.17,181,0,150.8333333333333,0,0,150.8333333333333
#31712,2026-07,Counted,45,0,3.95,8.16,48.95,0,37.5,0,0,37.5
#31713,2026-07,Counted,24,0,3.95,4.66,27.95,0,20,0,0,20
#31714,2026-07,Counted,14,1.4,3.95,2.76,16.55,4.97,11.66666666666667,1.166666666666667,4.141666666666667,6.358333333333335
#31715,2026-07,Counted,140,0,0,23.33,140,0,116.6666666666667,0,0,116.6666666666667
#31716,2026-07,Counted,11,1.1,3.95,2.31,13.85,0,9.166666666666668,0.9166666666666667,0,8.250000000000002
#31717,2026-07,Counted,49.5,0,3.95,8.91,53.45,0,41.25,0,0,41.25
#31718,2026-07,Counted,180,0,0,30,180,0,150,0,0,150
#31719,2026-07,Counted,45,0,3.95,8.16,48.95,0,37.5,0,0,37.5
#31720,2026-07,Counted,11,0,3.95,2.49,14.95,0,9.166666666666668,0,0,9.166666666666668
#31721,2026-07,Counted,108,5,0,17.17,103,0,90,4.166666666666667,0,85.83333333333333
#31722,2026-07,Counted,129,5,0,20.67,124,0,107.5,4.166666666666667,0,103.3333333333333
#31723,2026-07,Counted,19,0,3.95,3.83,22.95,0,15.83333333333333,0,0,15.83333333333333
#31724,2026-07,Counted,85,0,0,14.17,85,0,70.83333333333334,0,0,70.83333333333334
#31725,2026-07,Counted,90,0,0,15,90,0,75,0,0,75
#31726,2026-07,Counted,37.5,0,3.95,6.91,41.45,20.73,31.25,0,17.275,13.975
#31727,2026-07,Counted,92,0,0,15.33,92,0,76.66666666666667,0,0,76.66666666666667
#31728,2026-07,Counted,52,0,0,8.67,52,0,43.33333333333334,0,0,43.33333333333334
#31729,2026-07,Counted,11,0,3.95,2.49,14.95,0,9.166666666666668,0,0,9.166666666666668
#31730,2026-07,Counted,86,0,0,14.33,86,0,71.66666666666667,0,0,71.66666666666667
#31731,2026-07,Counted,230,0,0,38.33,230,0,191.6666666666667,0,0,191.6666666666667
#31732,2026-07,Counted,30,0,3.95,5.66,33.95,0,25,0,0,25
#31733,2026-07,Counted,52,0,0,8.67,52,0,43.33333333333334,0,0,43.33333333333334
#31734,2026-07,Counted,7.5,0,3.95,1.91,11.45,0,6.25,0,0,6.25
#31735,2026-07,Counted,76,0,0,12.67,76,0,63.33333333333334,0,0,63.33333333333334
#31736,2026-07,Counted,26,0,3.95,4.99,29.95,0,21.66666666666667,0,0,21.66666666666667
#31737,2026-07,Counted,21,0,3.95,4.16,24.95,0,17.5,0,0,17.5
#31738,2026-07,Counted,115,0,0,19.17,115,0,95.83333333333334,0,0,95.83333333333334
#31739,2026-07,Counted,24,0,3.95,4.66,27.95,0,20,0,0,20
#31740,2026-07,Counted,15,0,3.95,3.16,18.95,0,12.5,0,0,12.5
#31741,2026-07,Counted,153,0,0,25.5,153,0,127.5,0,0,127.5
#31742,2026-07,Counted,58,0,0,9.67,58,0,48.33333333333334,0,0,48.33333333333334
#31743,2026-07,Counted,9,0,3.95,2.16,12.95,0,7.5,0,0,7.5
#31744,2026-07,Counted,198,0,0,33,198,0,165,0,0,165
#31745,2026-07,Counted,15,0,3.95,3.16,18.95,0,12.5,0,0,12.5
#31746,2026-07,Counted,90,0,0,15,90,0,75,0,0,75
#31747,2026-07,Counted,16,0,3.95,3.33,19.95,0,13.33333333333333,0,0,13.33333333333333
#31748,2026-07,Counted,33,5,3.95,5.33,31.95,0,27.5,4.166666666666667,0,23.33333333333333
#31749,2026-07,Counted,45,0,3.95,8.16,48.95,0,37.5,0,0,37.5
#31750,2026-07,Cancelled / voided (never shipped),72,0,0,12,72,72,60,0,60,0
#31751,2026-07,Counted,109,10.9,0,16.35,98.09999999999999,0,90.83333333333334,9.083333333333334,0,81.75000000000001
#31752,2026-07,Counted,80,0,0,13.33,80,0,66.66666666666667,0,0,66.66666666666667
#31753,2026-07,Counted,50,0,0,8.33,50,0,41.66666666666667,0,0,41.66666666666667
#31754,2026-07,Counted,136,0,0,22.67,136,0,113.3333333333333,0,0,113.3333333333333
#31755,2026-07,Counted,11,0,3.95,2.49,14.95,0,9.166666666666668,0,0,9.166666666666668
#31756,2026-07,Counted,24,0,3.95,4.66,27.95,0,20,0,0,20
#31757,2026-07,Counted,15,0,3.95,3.16,18.95,0,12.5,0,0,12.5
#31758,2026-07,Counted,91,0,0,15.17,91,0,75.83333333333334,0,0,75.83333333333334
#31759,2026-07,Counted,22,0,3.95,4.33,25.95,0,18.33333333333334,0,0,18.33333333333334
#31760,2026-07,Counted,12,0,3.95,2.66,15.95,0,10,0,0,10
#31761,2026-07,Counted,30,3,3.95,5.16,30.95,0,25,2.5,0,22.5
#31762,2026-07,Counted,61,0,0,10.17,61,0,50.83333333333334,0,0,50.83333333333334
#31763,2026-07,Counted,42,0,3.95,7.66,45.95,0,35,0,0,35
#31764,2026-07,Counted,44,0,3.95,7.99,47.95,0,36.66666666666667,0,0,36.66666666666667
#31765,2026-07,Counted,22,0,3.95,4.33,25.95,0,18.33333333333334,0,0,18.33333333333334
#31766,2026-07,Counted,86,0,0,14.33,86,0,71.66666666666667,0,0,71.66666666666667
#31767,2026-07,Counted,73,7.3,0,10.95,65.7,0,60.83333333333334,6.083333333333333,0,54.75
#31768,2026-07,Counted,38,0,3.95,6.99,41.95,0,31.66666666666667,0,0,31.66666666666667
#31769,2026-07,Counted,83,0,0,13.83,83,0,69.16666666666667,0,0,69.16666666666667
#31770,2026-07,Counted,48,0,3.95,8.66,51.95,0,40,0,0,40
#31771,2026-07,Counted,139,0,0,23.17,139,0,115.8333333333333,0,0,115.8333333333333
#31772,2026-07,Counted,30,0,3.95,5.66,33.95,0,25,0,0,25
#31773,2026-07,Counted,108,0,0,18,108,0,90,0,0,90
#31774,2026-07,Counted,28,0,3.95,5.33,31.95,0,23.33333333333334,0,0,23.33333333333334
#31775,2026-07,Counted,97.5,5,0,15.42,92.5,0,81.25,4.166666666666667,0,77.08333333333333
#31776,2026-07,Counted,54,0,0,9,54,0,45,0,0,45
#31777,2026-07,Counted,84,8.4,0,12.6,75.59999999999999,0,70,7.000000000000001,0,63
#31778,2026-07,Counted,17,0,3.95,3.49,20.95,0,14.16666666666667,0,0,14.16666666666667
#31779,2026-07,Counted,43,0,3.95,7.83,46.95,0,35.83333333333334,0,0,35.83333333333334
#31780,2026-07,Counted,22,0,3.95,4.33,25.95,0,18.33333333333334,0,0,18.33333333333334
#31781,2026-07,Counted,57,0,0,9.5,57,0,47.5,0,0,47.5
#31782,2026-07,Counted,57,0,0,9.5,57,0,47.5,0,0,47.5
#31783,2026-07,Counted,21,0,3.95,4.16,24.95,0,17.5,0,0,17.5
#31784,2026-07,Counted,48,0,3.95,8.66,51.95,0,40,0,0,40
#31785,2026-07,Counted,132,0,0,22,132,0,110,0,0,110
#31786,2026-07,Counted,44.5,0,3.95,8.08,48.45,0,37.08333333333334,0,0,37.08333333333334
#31787,2026-07,Counted,57,0,0,9.5,57,0,47.5,0,0,47.5
#31788,2026-07,Cancelled / voided (never shipped),26,0,3.95,4.99,29.95,29.95,21.66666666666667,0,21.66666666666667,0
#31789,2026-07,Counted,150,0,0,25,150,0,125,0,0,125
#31790,2026-07,Counted,96,0,0,16,96,0,80,0,0,80
#31791,2026-07,Counted,78,0,0,13,78,0,65,0,0,65
#31792,2026-07,Counted,93,9.300000000000001,0,13.95,83.7,83.7,77.5,7.750000000000001,69.75,0
#31793,2026-07,Counted,112,0,0,18.67,112,0,93.33333333333334,0,0,93.33333333333334
#31794,2026-07,Counted,94,0,0,15.67,94,0,78.33333333333334,0,0,78.33333333333334
#31795,2026-07,Counted,69.59999999999999,0,0,11.6,69.59999999999999,0,58,0,0,58
#31796,2026-07,Counted,9,0,3.95,2.16,12.95,0,7.5,0,0,7.5
#31797,2026-07,Counted,33.5,0,3.95,6.24,37.45,0,27.91666666666667,0,0,27.91666666666667
#31798,2026-07,Counted,32,0,3.95,5.99,35.95,0,26.66666666666667,0,0,26.66666666666667
#31799,2026-07,Counted,278,0,0,46.33,278,0,231.6666666666667,0,0,231.6666666666667
#31800,2026-07,Counted,17,0,3.95,3.49,20.95,20.95,14.16666666666667,0,14.16666666666667,0
#31801,2026-07,Counted,72,0,0,12,72,0,60,0,0,60
#31802,2026-07,Counted,196,0,0,32.67,196,0,163.3333333333333,0,0,163.3333333333333
#31803,2026-07,Counted,17,0,3.95,3.49,20.95,0,14.16666666666667,0,0,14.16666666666667
#31804,2026-07,Counted,90,0,0,15,90,0,75,0,0,75
#31805,2026-07,Counted,82,0,0,13.67,82,0,68.33333333333334,0,0,68.33333333333334
#31806,2026-07,Counted,43,0,3.95,7.83,46.95,0,35.83333333333334,0,0,35.83333333333334
#31807,2026-07,Counted,108,0,0,18,108,0,90,0,0,90
#31808,2026-07,Counted,66,0,0,11,66,0,55,0,0,55
#31809,2026-07,Counted,72,0,0,12,72,0,60,0,0,60
#31810,2026-07,Counted,69,0,0,11.5,69,0,57.5,0,0,57.5
#31811,2026-07,Counted,37,0,3.95,6.83,40.95,40.95,30.83333333333334,0,30.83333333333334,0
#31812,2026-07,Counted,222,0,0,37,222,0,185,0,0,185
#31813,2026-07,Counted,20,2,3.95,3.66,21.95,0,16.66666666666667,1.666666666666667,0,15
#31814,2026-07,Counted,76,0,0,12.67,76,0,63.33333333333334,0,0,63.33333333333334
#31815,2026-07,Counted,84,0,0,14,84,0,70,0,0,70
#31816,2026-07,Counted,59,0,0,9.83,59,0,49.16666666666667,0,0,49.16666666666667
#31817,2026-07,Counted,38,0,3.95,6.99,41.95,0,31.66666666666667,0,0,31.66666666666667
#31818,2026-07,Counted,96,0,0,16,96,28.8,80,0,24,56
#31819,2026-07,Counted,104,0,0,17.33,104,0,86.66666666666667,0,0,86.66666666666667
#31820,2026-07,Counted,182,0,0,30.33,182,0,151.6666666666667,0,0,151.6666666666667
#31821,2026-07,Counted,30,0,3.95,5.66,33.95,0,25,0,0,25
#31822,2026-07,Counted,32,0,3.95,5.99,35.95,0,26.66666666666667,0,0,26.66666666666667
#31823,2026-07,Counted,109.5,5,0,17.42,104.5,0,91.25,4.166666666666667,0,87.08333333333333
#31824,2026-07,Counted,88,0,0,14.67,88,0,73.33333333333334,0,0,73.33333333333334
#31825,2026-07,Counted,48,0,3.95,8.66,51.95,0,40,0,0,40
#31826,2026-07,Counted,62,0,0,10.33,62,0,51.66666666666667,0,0,51.66666666666667
#31827,2026-07,Counted,54,0,0,9,54,0,45,0,0,45
#31828,2026-07,Counted,51,0,0,8.5,51,0,42.5,0,0,42.5
#31829,2026-07,Counted,30,5,3.95,4.83,28.95,0,25,4.166666666666667,0,20.83333333333333
#31830,2026-07,Counted,38,0,3.95,6.99,41.95,0,31.66666666666667,0,0,31.66666666666667
#31831,2026-07,Counted,69,0,0,11.5,69,0,57.5,0,0,57.5
#31832,2026-07,Counted,149,0,0,24.83,149,0,124.1666666666667,0,0,124.1666666666667
#31833,2026-07,Counted,6,0,3.95,1.66,9.949999999999999,0,5,0,0,5
#31834,2026-07,Counted,65,0,0,10.83,65,0,54.16666666666667,0,0,54.16666666666667
#31835,2026-07,Counted,103.5,0,0,17.25,103.5,0,86.25,0,0,86.25
#31836,2026-07,Counted,18,0,3.95,3.66,21.95,0,15,0,0,15
#31837,2026-07,Counted,45,0,3.95,8.16,48.95,48.95,37.5,0,37.5,0
#31838,2026-07,Counted,68,0,0,11.33,68,0,56.66666666666667,0,0,56.66666666666667
#31839,2026-07,Counted,28.5,0,3.95,5.41,32.45,0,23.75,0,0,23.75
#31840,2026-07,Counted,50,0,0,8.33,50,0,41.66666666666667,0,0,41.66666666666667
#31841,2026-07,Counted,123,0,0,20.5,123,0,102.5,0,0,102.5
#31842,2026-07,Counted,30,0,3.95,5.66,33.95,0,25,0,0,25
#31843,2026-07,Counted,154,0,0,25.67,154,0,128.3333333333333,0,0,128.3333333333333
#31844,2026-07,Counted,75,7.5,0,11.25,67.5,0,62.5,6.25,0,56.25
#31845,2026-07,Counted,12,0,3.95,2.66,15.95,0,10,0,0,10
#31846,2026-07,Counted,26,5,3.95,4.16,24.95,0,21.66666666666667,4.166666666666667,0,17.5
#31847,2026-07,Counted,53,0,0,8.83,53,0,44.16666666666667,0,0,44.16666666666667
#31848,2026-07,Counted,34,0,3.95,6.33,37.95,0,28.33333333333334,0,0,28.33333333333334
#31849,2026-07,Counted,24,0,3.95,4.66,27.95,0,20,0,0,20
#31850,2026-07,Counted,197,19.7,0,29.55,177.3,35.46,164.1666666666667,16.41666666666667,29.55,118.2
#31851,2026-07,Counted,45,0,3.95,8.16,48.95,0,37.5,0,0,37.5
#31852,2026-07,Counted,77,0,0,12.83,77,0,64.16666666666667,0,0,64.16666666666667
#31853,2026-07,Counted,58,0,0,9.67,58,0,48.33333333333334,0,0,48.33333333333334
#31854,2026-07,Counted,108.5,0,0,18.08,108.5,0,90.41666666666667,0,0,90.41666666666667
#31855,2026-07,Counted,41,0,3.95,7.49,44.95,0,34.16666666666667,0,0,34.16666666666667
#31856,2026-07,Counted,30,0,3.95,5.66,33.95,0,25,0,0,25
#31857,2026-07,Counted,169,0,0,28.17,169,0,140.8333333333333,0,0,140.8333333333333
#31858,2026-07,Counted,21,0,3.95,4.16,24.95,0,17.5,0,0,17.5
#31859,2026-07,Counted,59,0,0,9.83,59,0,49.16666666666667,0,0,49.16666666666667
#31860,2026-07,Counted,20,0,3.95,3.99,23.95,0,16.66666666666667,0,0,16.66666666666667
#31861,2026-07,Counted,102,0,0,17,102,0,85,0,0,85
#31862,2026-07,Counted,46,0,3.95,8.33,49.95,0,38.33333333333334,0,0,38.33333333333334
#31863,2026-07,Counted,18,0,3.95,3.66,21.95,6.59,15,0,5.491666666666667,9.508333333333333
#31864,2026-07,Counted,44,4.4,3.95,7.26,43.55,0,36.66666666666667,3.666666666666667,0,33.00000000000001
#31865,2026-07,Counted,19,0,3.95,3.83,22.95,0,15.83333333333333,0,0,15.83333333333333
#31866,2026-07,Counted,185,0,0,30.83,185,0,154.1666666666667,0,0,154.1666666666667
#31867,2026-07,Counted,21,0,3.95,4.16,24.95,0,17.5,0,0,17.5
#31868,2026-07,Counted,48,0,3.95,8.66,51.95,0,40,0,0,40
#31869,2026-07,Counted,76.5,0,0,12.75,76.5,0,63.75,0,0,63.75
#31870,2026-07,Counted,70,0,0,11.67,70,0,58.33333333333334,0,0,58.33333333333334
#31871,2026-07,Counted,14,0,3.95,2.99,17.95,0,11.66666666666667,0,0,11.66666666666667
#31872,2026-07,Counted,100,0,0,16.67,100,0,83.33333333333334,0,0,83.33333333333334
#31873,2026-07,Counted,53,5.3,3.95,8.609999999999999,51.65,0,44.16666666666667,4.416666666666667,0,39.75000000000001
#31874,2026-07,Counted,24,0,3.95,4.66,27.95,0,20,0,0,20
#31875,2026-07,Counted,19,0,3.95,3.83,22.95,0,15.83333333333333,0,0,15.83333333333333
#31876,2026-07,Counted,12,0,3.95,2.66,15.95,0,10,0,0,10
#31877,2026-07,Counted,45,0,3.95,8.16,48.95,0,37.5,0,0,37.5
#31878,2026-07,Counted,34,0,3.95,6.33,37.95,0,28.33333333333334,0,0,28.33333333333334
#31879,2026-07,Counted,17,1.7,3.95,3.21,19.25,0,14.16666666666667,1.416666666666667,0,12.75
#31880,2026-07,Counted,49,0,3.95,8.83,52.95,0,40.83333333333334,0,0,40.83333333333334
#31881,2026-07,Counted,146,14.6,0,21.9,131.4,0,121.6666666666667,12.16666666666667,0,109.5
#31882,2026-07,Counted,98,0,0,16.33,98,0,81.66666666666667,0,0,81.66666666666667
#31883,2026-07,Counted,36,0,3.95,6.66,39.95,19.98,30,0,16.65,13.35
#31884,2026-07,Counted,65,0,0,10.83,65,65,54.16666666666667,0,54.16666666666667,0
#31885,2026-07,Counted,83,0,0,13.83,83,0,69.16666666666667,0,0,69.16666666666667
#31886,2026-07,Counted,96,0,0,16,96,0,80,0,0,80
#31887,2026-07,Counted,34,0,3.95,6.33,37.95,0,28.33333333333334,0,0,28.33333333333334
#31888,2026-07,Counted,78,0,0,13,78,0,65,0,0,65
#31889,2026-07,Counted,103,0,0,17.17,103,0,85.83333333333334,0,0,85.83333333333334
#31890,2026-07,Counted,159,0,0,26.5,159,0,132.5,0,0,132.5
#31891,2026-07,Counted,243,0,0,40.5,243,0,202.5,0,0,202.5
#31892,2026-07,Counted,88,0,0,14.67,88,0,73.33333333333334,0,0,73.33333333333334
#31893,2026-07,Counted,132,0,0,22,132,0,110,0,0,110
#31894,2026-07,Counted,45,0,3.95,8.16,48.95,0,37.5,0,0,37.5
#31895,2026-07,Counted,120,12,0,18,108,0,100,10,0,90
#31896,2026-07,Counted,58,0,0,9.67,58,0,48.33333333333334,0,0,48.33333333333334
#31897,2026-07,Counted,31,0,3.95,5.83,34.95,0,25.83333333333334,0,0,25.83333333333334
#31898,2026-07,Counted,173,0,0,28.83,173,0,144.1666666666667,0,0,144.1666666666667
#31899,2026-07,Counted,22,0,3.95,4.33,25.95,0,18.33333333333334,0,0,18.33333333333334
#31900,2026-07,Counted,34,0,3.95,6.33,37.95,0,28.33333333333334,0,0,28.33333333333334
#31901,2026-07,Counted,16,0,3.95,3.33,19.95,0,13.33333333333333,0,0,13.33333333333333
#31902,2026-07,Counted,111,0,0,18.5,111,0,92.5,0,0,92.5
#31903,2026-07,Counted,79,0,0,13.17,79,0,65.83333333333334,0,0,65.83333333333334
#31904,2026-07,Counted,101,0,0,16.83,101,0,84.16666666666667,0,0,84.16666666666667
#31905,2026-07,Counted,36,0,3.95,6.66,39.95,0,30,0,0,30
#31906,2026-07,Counted,27,0,3.95,5.16,30.95,0,22.5,0,0,22.5
#31907,2026-07,Counted,112.5,0,0,18.75,112.5,56.25,93.75,0,46.875,46.875
#31908,2026-07,Counted,49,4.9,3.95,8.01,48.05,0,40.83333333333334,4.083333333333334,0,36.75
#31909,2026-07,Counted,41.7,0,3.95,7.61,45.65,0,34.75000000000001,0,0,34.75000000000001
#31910,2026-07,Counted,75,0,0,12.5,75,0,62.5,0,0,62.5
#31911,2026-07,Counted,42,0,3.95,7.66,45.95,0,35,0,0,35
#31912,2026-07,Counted,45,0,3.95,8.16,48.95,0,37.5,0,0,37.5
#31913,2026-07,Counted,11,0,3.95,2.49,14.95,0,9.166666666666668,0,0,9.166666666666668
#31914,2026-07,Counted,46,0,3.95,8.33,49.95,0,38.33333333333334,0,0,38.33333333333334
#31915,2026-07,Counted,44,0,3.95,7.99,47.95,0,36.66666666666667,0,0,36.66666666666667
#31916,2026-07,Counted,116,0,0,19.33,116,0,96.66666666666667,0,0,96.66666666666667
#31917,2026-07,Counted,79,0,0,13.17,79,0,65.83333333333334,0,0,65.83333333333334
#31918,2026-07,Counted,90,0,0,15,90,0,75,0,0,75
#31919,2026-07,Counted,14,0,3.95,2.99,17.95,0,11.66666666666667,0,0,11.66666666666667
#31920,2026-07,Counted,38,0,3.95,6.99,41.95,0,31.66666666666667,0,0,31.66666666666667
#31921,2026-07,Counted,61,0,0,10.17,61,0,50.83333333333334,0,0,50.83333333333334
#31922,2026-07,Counted,20,0,3.95,3.99,23.95,0,16.66666666666667,0,0,16.66666666666667
#31923,2026-07,Counted,51,0,0,8.5,51,0,42.5,0,0,42.5
#31924,2026-07,Counted,22,0,3.95,4.33,25.95,0,18.33333333333334,0,0,18.33333333333334
#31925,2026-07,Counted,36,0,3.95,6.66,39.95,0,30,0,0,30
#31926,2026-07,Counted,78,0,0,13,78,0,65,0,0,65
#31927,2026-07,Counted,63,6.3,0,9.449999999999999,56.7,0,52.5,5.25,0,47.25
#31928,2026-07,Counted,158,15.8,0,23.7,142.2,0,131.6666666666667,13.16666666666667,0,118.5
#31929,2026-07,Counted,48,0,3.95,8.66,51.95,0,40,0,0,40
#31930,2026-07,Counted,32,0,3.95,5.99,35.95,0,26.66666666666667,0,0,26.66666666666667
#31931,2026-07,Counted,38,3.8,3.95,6.36,38.15,0,31.66666666666667,3.166666666666667,0,28.5
#31932,2026-07,Counted,90,0,0,15,90,0,75,0,0,75
#31933,2026-07,Counted,11,0,3.95,2.49,14.95,0,9.166666666666668,0,0,9.166666666666668
#31934,2026-07,Counted,22,0,3.95,4.33,25.95,0,18.33333333333334,0,0,18.33333333333334
#31935,2026-07,Counted,46,0,3.95,8.33,49.95,0,38.33333333333334,0,0,38.33333333333334
#31936,2026-07,Counted,90,0,0,15,90,0,75,0,0,75
#31937,2026-07,Counted,34.5,0,3.95,6.41,38.45,0,28.75,0,0,28.75
#31938,2026-07,Counted,26,0,3.95,4.99,29.95,0,21.66666666666667,0,0,21.66666666666667
#31939,2026-07,Counted,17,0,3.95,3.49,20.95,0,14.16666666666667,0,0,14.16666666666667
#31940,2026-07,Counted,30,0,3.95,5.66,33.95,0,25,0,0,25
#31941,2026-07,Counted,25,0,3.95,4.83,28.95,0,20.83333333333334,0,0,20.83333333333334
#31942,2026-07,Counted,22,0,3.95,4.33,25.95,0,18.33333333333334,0,0,18.33333333333334
#31943,2026-07,Counted,57,0,0,9.5,57,0,47.5,0,0,47.5
#31944,2026-07,Counted,55,0,0,9.17,55,0,45.83333333333334,0,0,45.83333333333334
#31945,2026-07,Counted,65,0,0,10.83,65,0,54.16666666666667,0,0,54.16666666666667
#31946,2026-07,Counted,52.5,5.25,3.95,8.529999999999999,51.2,0,43.75,4.375,0,39.375
#31947,2026-07,Counted,90,9,0,13.5,81,0,75,7.5,0,67.5
#31948,2026-07,Counted,69,0,0,11.5,69,0,57.5,0,0,57.5
#31949,2026-07,Counted,206,0,0,34.33,206,0,171.6666666666667,0,0,171.6666666666667
#31950,2026-07,Counted,33,0,3.95,6.16,36.95,0,27.5,0,0,27.5
#31951,2026-07,Counted,161.5,0,0,26.92,161.5,0,134.5833333333333,0,0,134.5833333333333
#31952,2026-07,Counted,111,0,0,18.5,111,0,92.5,0,0,92.5
#31953,2026-07,Counted,22,0,3.95,4.33,25.95,0,18.33333333333334,0,0,18.33333333333334
#31954,2026-07,Counted,96,9.6,0,14.4,86.40000000000001,0,80,8,0,72
#31955,2026-07,Counted,33.5,5,3.95,5.41,32.45,6.49,27.91666666666667,4.166666666666667,5.408333333333334,18.34166666666667
#31956,2026-07,Counted,52,0,0,8.67,52,0,43.33333333333334,0,0,43.33333333333334
#31957,2026-07,Counted,173,0,0,28.83,173,0,144.1666666666667,0,0,144.1666666666667
#31958,2026-07,Counted,124,0,0,20.67,124,0,103.3333333333333,0,0,103.3333333333333
#31959,2026-07,Counted,28,0,3.95,5.33,31.95,0,23.33333333333334,0,0,23.33333333333334
#31960,2026-07,Counted,53,0,0,8.83,53,0,44.16666666666667,0,0,44.16666666666667
#31961,2026-07,Counted,16,0,3.95,3.33,19.95,0,13.33333333333333,0,0,13.33333333333333
#31962,2026-07,Counted,9,0,3.95,2.16,12.95,0,7.5,0,0,7.5
#31963,2026-07,Counted,113,0,0,18.83,113,0,94.16666666666667,0,0,94.16666666666667
#31964,2026-07,Counted,118,0,0,19.67,118,0,98.33333333333334,0,0,98.33333333333334
#31965,2026-07,Counted,21.6,0,3.95,4.26,25.55,0,18,0,0,18
#31966,2026-07,Counted,79,0,0,13.17,79,0,65.83333333333334,0,0,65.83333333333334
#31967,2026-07,Counted,143,14.3,0,21.45,128.7,0,119.1666666666667,11.91666666666667,0,107.25
#31968,2026-07,Counted,95,0,0,15.83,95,0,79.16666666666667,0,0,79.16666666666667
#31969,2026-07,Counted,54,0,0,9,54,0,45,0,0,45
#31970,2026-07,Counted,193,0,0,32.17,193,0,160.8333333333333,0,0,160.8333333333333
#31971,2026-07,Counted,83,0,0,13.83,83,0,69.16666666666667,0,0,69.16666666666667
#31972,2026-07,Counted,70,0,0,11.67,70,0,58.33333333333334,0,0,58.33333333333334
#31973,2026-07,Counted,100,0,0,16.67,100,0,83.33333333333334,0,0,83.33333333333334
#31974,2026-07,Counted,30,0,3.95,5.66,33.95,0,25,0,0,25
#31975,2026-07,Counted,17,0,3.95,3.49,20.95,0,14.16666666666667,0,0,14.16666666666667
#31976,2026-07,Counted,110,0,0,18.33,110,0,91.66666666666667,0,0,91.66666666666667
#31977,2026-07,Counted,122,0,0,20.33,122,0,101.6666666666667,0,0,101.6666666666667
#31978,2026-07,Counted,7.5,0.75,3.95,1.78,10.7,10.7,6.25,0.625,5.625,0
#31979,2026-07,Counted,49.5,0,3.95,8.91,53.45,0,41.25,0,0,41.25
#31980,2026-07,Counted,135,0,0,22.5,135,0,112.5,0,0,112.5
#31981,2026-07,Counted,41,0,3.95,7.49,44.95,0,34.16666666666667,0,0,34.16666666666667
#31982,2026-07,Counted,30,3,3.95,5.16,30.95,0,25,2.5,0,22.5
#31983,2026-07,Counted,54,0,0,9,54,0,45,0,0,45
#31984,2026-07,Counted,103,0,0,17.17,103,0,85.83333333333334,0,0,85.83333333333334
#31985,2026-07,Counted,18,0,3.95,3.66,21.95,0,15,0,0,15
#31986,2026-07,Counted,7.5,0,3.95,1.91,11.45,0,6.25,0,0,6.25
#31987,2026-07,Counted,9,0,3.95,2.16,12.95,0,7.5,0,0,7.5
#31988,2026-07,Counted,48,0,3.95,8.66,51.95,0,40,0,0,40
#31989,2026-07,Counted,15,0,3.95,3.16,18.95,0,12.5,0,0,12.5
#31990,2026-07,Counted,14,0,3.95,2.99,17.95,0,11.66666666666667,0,0,11.66666666666667
#31991,2026-07,Counted,63,0,0,10.5,63,0,52.5,0,0,52.5
#31992,2026-07,Counted,158,0,0,26.33,158,0,131.6666666666667,0,0,131.6666666666667
#31993,2026-07,Counted,158,0,0,26.33,158,47.4,131.6666666666667,0,39.5,92.16666666666669
#31994,2026-07,Counted,80.5,0,0,13.42,80.5,0,67.08333333333334,0,0,67.08333333333334
#31995,2026-07,Counted,11,0,3.95,2.49,14.95,0,9.166666666666668,0,0,9.166666666666668
#31996,2026-07,Counted,36,0,3.95,6.66,39.95,0,30,0,0,30
#31997,2026-07,Counted,77,0,0,12.83,77,0,64.16666666666667,0,0,64.16666666666667
#31998,2026-07,Counted,53,5.3,3.95,8.609999999999999,51.65,0,44.16666666666667,4.416666666666667,0,39.75000000000001
#31999,2026-07,Counted,250,25,0,37.5,225,0,208.3333333333333,20.83333333333334,0,187.5
#32000,2026-07,Counted,40,0,3.95,7.33,43.95,0,33.33333333333334,0,0,33.33333333333334
#32001,2026-07,Counted,184,0,0,30.67,184,0,153.3333333333333,0,0,153.3333333333333
#32002,2026-07,Counted,152,0,0,25.33,152,0,126.6666666666667,0,0,126.6666666666667
#32003,2026-07,Counted,141,0,0,23.5,141,0,117.5,0,0,117.5
#32004,2026-07,Counted,104,0,0,17.33,104,0,86.66666666666667,0,0,86.66666666666667
#32005,2026-07,Counted,67,6.7,0,10.05,60.3,0,55.83333333333334,5.583333333333334,0,50.25
#32006,2026-07,Counted,68,0,0,11.33,68,0,56.66666666666667,0,0,56.66666666666667
#32007,2026-07,Counted,9,0,3.95,2.16,12.95,0,7.5,0,0,7.5
#32008,2026-07,Counted,74,0,0,12.33,74,0,61.66666666666667,0,0,61.66666666666667
#32009,2026-07,Counted,22,0,3.95,4.33,25.95,25.95,18.33333333333334,0,18.33333333333334,0
#32010,2026-07,Counted,22.5,0,3.95,4.41,26.45,0,18.75,0,0,18.75
#32011,2026-07,Counted,19,0,3.95,3.83,22.95,0,15.83333333333333,0,0,15.83333333333333
#32012,2026-07,Counted,79,0,0,13.17,79,0,65.83333333333334,0,0,65.83333333333334
#32013,2026-07,Counted,12,0,3.95,2.66,15.95,0,10,0,0,10
#32014,2026-07,Counted,27,0,3.95,5.16,30.95,0,22.5,0,0,22.5
#32015,2026-07,Counted,46,0,3.95,8.33,49.95,0,38.33333333333334,0,0,38.33333333333334
#32016,2026-07,Counted,78,0,0,13,78,0,65,0,0,65
#32017,2026-07,Counted,17,0,3.95,3.49,20.95,0,14.16666666666667,0,0,14.16666666666667
#32018,2026-07,Counted,127,0,0,21.17,127,0,105.8333333333333,0,0,105.8333333333333
#32019,2026-07,Counted,162,0,0,27,162,0,135,0,0,135
#32020,2026-07,Counted,60,0,0,10,60,0,50,0,0,50
#32021,2026-07,Counted,90,0,0,15,90,0,75,0,0,75
#32022,2026-07,Counted,36,0,3.95,6.66,39.95,0,30,0,0,30
#32023,2026-07,Counted,16,0,3.95,3.33,19.95,0,13.33333333333333,0,0,13.33333333333333
#32024,2026-07,Counted,88,0,0,14.67,88,0,73.33333333333334,0,0,73.33333333333334
#32025,2026-07,Counted,91,0,0,15.17,91,0,75.83333333333334,0,0,75.83333333333334
#32026,2026-07,Counted,7.5,0,3.95,1.91,11.45,0,6.25,0,0,6.25
#32027,2026-07,Counted,15,0,3.95,3.16,18.95,0,12.5,0,0,12.5
#32028,2026-07,Counted,19,0,3.95,3.83,22.95,0,15.83333333333333,0,0,15.83333333333333
#32029,2026-07,Counted,57,0,0,9.5,57,0,47.5,0,0,47.5
#32030,2026-07,Counted,30,0,3.95,5.66,33.95,0,25,0,0,25
#32031,2026-07,Counted,66,0,0,11,66,0,55,0,0,55
#32032,2026-07,Counted,89,0,0,14.83,89,0,74.16666666666667,0,0,74.16666666666667
#32033,2026-07,Counted,17,0,3.95,3.49,20.95,0,14.16666666666667,0,0,14.16666666666667
#32034,2026-07,Counted,176,0,0,29.33,176,0,146.6666666666667,0,0,146.6666666666667
#32035,2026-07,Counted,62,0,0,10.33,62,0,51.66666666666667,0,0,51.66666666666667
#32036,2026-07,Counted,221.5,0,0,36.92,221.5,0,184.5833333333333,0,0,184.5833333333333
#32037,2026-07,Counted,45,0,3.95,8.16,48.95,0,37.5,0,0,37.5
#32038,2026-07,Counted,45,0,3.95,8.16,48.95,0,37.5,0,0,37.5
#32039,2026-07,Counted,157,0,0,26.17,157,157,130.8333333333333,0,130.8333333333333,0
#32040,2026-07,Counted,30,3,3.95,5.16,30.95,0,25,2.5,0,22.5
#32041,2026-07,Counted,102,0,0,17,102,0,85,0,0,85
#32042,2026-07,Counted,15,0,3.95,3.16,18.95,0,12.5,0,0,12.5
#32043,2026-07,Counted,228,0,0,38,228,0,190,0,0,190
#32044,2026-07,Counted,16,0,3.95,3.33,19.95,0,13.33333333333333,0,0,13.33333333333333
#32045,2026-07,Counted,162.5,0,0,27.08,162.5,0,135.4166666666667,0,0,135.4166666666667
#32046,2026-07,Counted,7.5,0,3.95,1.91,11.45,11.45,6.25,0,6.25,0
#32047,2026-07,Counted,156,0,0,26,156,0,130,0,0,130
#32048,2026-07,Counted,133,0,0,22.17,133,26.6,110.8333333333333,0,22.16666666666667,88.66666666666667
#32049,2026-07,Counted,22,0,3.95,4.33,25.95,0,18.33333333333334,0,0,18.33333333333334
#32050,2026-07,Counted,59,0,0,9.83,59,0,49.16666666666667,0,0,49.16666666666667
#32051,2026-07,Counted,124,0,0,20.67,124,0,103.3333333333333,0,0,103.3333333333333
#32052,2026-07,Counted,9,0,3.95,2.16,12.95,0,7.5,0,0,7.5
#32053,2026-07,Counted,20,5,3.95,3.16,18.95,0,16.66666666666667,4.166666666666667,0,12.5
#32054,2026-07,Counted,100,0,0,16.67,100,0,83.33333333333334,0,0,83.33333333333334
#32055,2026-07,Counted,14,1.4,3.95,2.76,16.55,0,11.66666666666667,1.166666666666667,0,10.5
#32056,2026-07,Counted,50,0,0,8.33,50,0,41.66666666666667,0,0,41.66666666666667
#32057,2026-07,Counted,79,0,0,13.17,79,0,65.83333333333334,0,0,65.83333333333334
#32058,2026-07,Counted,26,0,3.95,4.99,29.95,0,21.66666666666667,0,0,21.66666666666667
#32059,2026-07,Counted,25,0,3.95,4.83,28.95,0,20.83333333333334,0,0,20.83333333333334
#32060,2026-07,Counted,112,0,0,18.67,112,0,93.33333333333334,0,0,93.33333333333334
#32061,2026-07,Counted,108,0,0,18,108,0,90,0,0,90
#32062,2026-07,Counted,27,0,3.95,5.16,30.95,0,22.5,0,0,22.5
#32063,2026-07,Counted,65,0,0,10.83,65,0,54.16666666666667,0,0,54.16666666666667
#32064,2026-07,Counted,28,0,3.95,5.33,31.95,0,23.33333333333334,0,0,23.33333333333334
#32065,2026-07,Counted,72,0,0,12,72,0,60,0,0,60
#32066,2026-07,Counted,84.5,0,0,14.08,84.5,0,70.41666666666667,0,0,70.41666666666667
#32067,2026-07,Counted,222,22.2,0,33.3,199.8,0,185,18.5,0,166.5
#32068,2026-07,Counted,90,0,0,15,90,0,75,0,0,75
#32069,2026-07,Counted,34,3.4,3.95,5.76,34.55,34.55,28.33333333333334,2.833333333333333,25.5,0
#32070,2026-07,Counted,19,0,3.95,3.83,22.95,0,15.83333333333333,0,0,15.83333333333333
#32071,2026-07,Counted,63,6.3,0,9.449999999999999,56.7,0,52.5,5.25,0,47.25
#32072,2026-07,Counted,54,0,0,9,54,0,45,0,0,45
#32073,2026-07,Counted,33,0,3.95,6.16,36.95,0,27.5,0,0,27.5
#32074,2026-07,Counted,42,0,3.95,7.66,45.95,0,35,0,0,35
#32075,2026-07,Counted,75,0,0,12.5,75,0,62.5,0,0,62.5
#32076,2026-07,Counted,83,0,0,13.83,83,0,69.16666666666667,0,0,69.16666666666667
#32077,2026-07,Counted,159,0,0,26.5,159,0,132.5,0,0,132.5
#32078,2026-07,Counted,48,0,3.95,8.66,51.95,10.39,40,0,8.658333333333335,31.34166666666667
#32079,2026-07,Counted,28,0,3.95,5.33,31.95,0,23.33333333333334,0,0,23.33333333333334
#32080,2026-07,Counted,129,0,0,21.5,129,0,107.5,0,0,107.5
#32081,2026-07,Counted,72,0,0,12,72,0,60,0,0,60
#32082,2026-07,Counted,21.5,0,3.95,4.24,25.45,0,17.91666666666667,0,0,17.91666666666667
#32083,2026-07,Counted,15,0,3.95,3.16,18.95,0,12.5,0,0,12.5
#32084,2026-07,Counted,25,0,3.95,4.83,28.95,0,20.83333333333334,0,0,20.83333333333334
#32085,2026-07,Counted,16,1.6,3.95,3.06,18.35,0,13.33333333333333,1.333333333333333,0,12
#32086,2026-07,Counted,7.5,0,3.95,1.91,11.45,11.45,6.25,0,6.25,0
#32087,2026-07,Counted,99,0,0,16.5,99,0,82.5,0,0,82.5
#32088,2026-07,Counted,9,0,3.95,2.16,12.95,0,7.5,0,0,7.5
#32089,2026-07,Counted,47,0,3.95,8.49,50.95,0,39.16666666666667,0,0,39.16666666666667
#32090,2026-07,Counted,25,0,3.95,4.83,28.95,0,20.83333333333334,0,0,20.83333333333334
#32091,2026-07,Counted,11,0,3.95,2.49,14.95,0,9.166666666666668,0,0,9.166666666666668
#32092,2026-07,Counted,9,0,3.95,2.16,12.95,0,7.5,0,0,7.5
#32093,2026-07,Counted,146,0,0,24.33,146,0,121.6666666666667,0,0,121.6666666666667
#32094,2026-07,Counted,76,0,0,12.67,76,0,63.33333333333334,0,0,63.33333333333334
#32095,2026-07,Counted,32,0,3.95,5.99,35.95,35.95,26.66666666666667,0,26.66666666666667,0
#32096,2026-07,Counted,25,0,3.95,4.83,28.95,0,20.83333333333334,0,0,20.83333333333334
#32097,2026-07,Counted,40,0,3.95,7.33,43.95,0,33.33333333333334,0,0,33.33333333333334
#32098,2026-07,Counted,22.5,5,3.95,3.58,21.45,0,18.75,4.166666666666667,0,14.58333333333333
#32099,2026-07,Counted,144,0,0,24,144,0,120,0,0,120
#32100,2026-07,Counted,32,0,3.95,5.99,35.95,0,26.66666666666667,0,0,26.66666666666667
#32101,2026-07,Counted,133,0,0,22.17,133,0,110.8333333333333,0,0,110.8333333333333
#32102,2026-07,Counted,249,0,0,41.5,249,0,207.5,0,0,207.5
#32103,2026-07,Counted,34,0,3.95,6.33,37.95,0,28.33333333333334,0,0,28.33333333333334
#32104,2026-07,Counted,77.2,0,0,12.87,77.2,0,64.33333333333334,0,0,64.33333333333334
#32105,2026-07,Counted,30,0,3.95,5.66,33.95,0,25,0,0,25
#32106,2026-07,Counted,72,0,0,12,72,0,60,0,0,60
#32107,2026-07,Counted,21.5,0,3.95,4.24,25.45,0,17.91666666666667,0,0,17.91666666666667
#32108,2026-07,Counted,9,0,3.95,2.16,12.95,0,7.5,0,0,7.5
#32109,2026-07,Counted,12,0,3.95,2.66,15.95,15.95,10,0,10,0
#32110,2026-07,Counted,45.5,4.55,3.95,7.48,44.9,0,37.91666666666667,3.791666666666667,0,34.12500000000001
#32111,2026-07,Counted,40.2,0,3.95,7.36,44.15,0,33.50000000000001,0,0,33.50000000000001
#32112,2026-07,Counted,41,0,3.95,7.49,44.95,0,34.16666666666667,0,0,34.16666666666667
#32113,2026-07,Counted,99,0,0,16.5,99,99,82.5,0,82.5,0
#32114,2026-07,Counted,74,0,0,12.33,74,0,61.66666666666667,0,0,61.66666666666667
#32115,2026-07,Counted,42,0,3.95,7.66,45.95,0,35,0,0,35
#32116,2026-07,Counted,34,0,3.95,6.33,37.95,0,28.33333333333334,0,0,28.33333333333334
#32117,2026-07,Counted,260,26,0,39,234,0,216.6666666666667,21.66666666666667,0,195
#32118,2026-07,Counted,64,0,0,10.67,64,0,53.33333333333334,0,0,53.33333333333334
#32119,2026-07,Counted,129.5,12.95,0,19.43,116.55,0,107.9166666666667,10.79166666666667,0,97.125
#32120,2026-07,Counted,12,0,3.95,2.66,15.95,0,10,0,0,10
#32121,2026-07,Counted,74,0,0,12.33,74,0,61.66666666666667,0,0,61.66666666666667
#32122,2026-07,Counted,81,0,0,13.5,81,0,67.5,0,0,67.5
#32123,2026-07,Counted,70,0,0,11.67,70,0,58.33333333333334,0,0,58.33333333333334
#32124,2026-07,Counted,107,0,0,17.83,107,0,89.16666666666667,0,0,89.16666666666667
#32125,2026-07,Counted,66,0,0,11,66,33,55,0,27.5,27.5
#32126,2026-07,Counted,34,0,3.95,6.33,37.95,0,28.33333333333334,0,0,28.33333333333334
#32127,2026-07,Counted,63,0,0,10.5,63,0,52.5,0,0,52.5
#32128,2026-07,Counted,246,0,0,41,246,0,205,0,0,205
#32129,2026-07,Counted,51,0,0,8.5,51,0,42.5,0,0,42.5
#32130,2026-07,Counted,146,0,0,24.33,146,0,121.6666666666667,0,0,121.6666666666667
#32131,2026-07,Counted,98,0,0,16.33,98,0,81.66666666666667,0,0,81.66666666666667
#32132,2026-07,Counted,246,24.6,0,36.9,221.4,0,205,20.5,0,184.5
#32133,2026-07,Counted,73.5,0,0,12.25,73.5,0,61.25,0,0,61.25
#32134,2026-07,Counted,42,0,3.95,7.66,45.95,0,35,0,0,35
#32135,2026-07,Counted,22,0,3.95,4.33,25.95,0,18.33333333333334,0,0,18.33333333333334
#32136,2026-07,Counted,108,10.8,0,16.2,97.2,0,90,9.000000000000002,0,81
#32137,2026-07,Counted,127,0,0,21.17,127,0,105.8333333333333,0,0,105.8333333333333
#32138,2026-07,Counted,45,0,3.95,8.16,48.95,0,37.5,0,0,37.5
#32139,2026-07,Counted,67,5,0,10.33,62,0,55.83333333333334,4.166666666666667,0,51.66666666666667
#32140,2026-07,Counted,7.5,0,3.95,1.91,11.45,0,6.25,0,0,6.25
#32141,2026-07,Counted,129,0,0,21.5,129,0,107.5,0,0,107.5
#32142,2026-07,Counted,34,0,3.95,6.33,37.95,0,28.33333333333334,0,0,28.33333333333334
#32143,2026-07,Counted,49,4.9,3.95,8.01,48.05,0,40.83333333333334,4.083333333333334,0,36.75
#32144,2026-07,Counted,102,0,0,17,102,0,85,0,0,85
#32145,2026-07,Counted,180,0,0,30,180,0,150,0,0,150
#32146,2026-07,Counted,58,0,0,9.67,58,0,48.33333333333334,0,0,48.33333333333334
#32147,2026-07,Counted,38,0,3.95,6.99,41.95,0,31.66666666666667,0,0,31.66666666666667
#32148,2026-07,Counted,19,0,3.95,3.83,22.95,0,15.83333333333333,0,0,15.83333333333333
#32149,2026-07,Counted,22,2.2,3.95,3.96,23.75,0,18.33333333333334,1.833333333333333,0,16.5
#32150,2026-07,Counted,28,0,3.95,5.33,31.95,0,23.33333333333334,0,0,23.33333333333334
#32151,2026-07,Counted,44,5,3.95,7.16,42.95,0,36.66666666666667,4.166666666666667,0,32.50000000000001
#32152,2026-07,Counted,22,0,3.95,4.33,25.95,0,18.33333333333334,0,0,18.33333333333334
#32153,2026-07,Counted,76,0,0,12.67,76,0,63.33333333333334,0,0,63.33333333333334
#32154,2026-07,Counted,24,0,3.95,4.66,27.95,0,20,0,0,20
#32155,2026-07,Counted,33,5,3.95,5.33,31.95,0,27.5,4.166666666666667,0,23.33333333333333
#32156,2026-07,Counted,95,0,0,15.83,95,0,79.16666666666667,0,0,79.16666666666667
#32157,2026-07,Counted,19,0,3.95,3.83,22.95,0,15.83333333333333,0,0,15.83333333333333
#32158,2026-07,Counted,38,0,3.95,6.99,41.95,0,31.66666666666667,0,0,31.66666666666667
#32159,2026-07,Counted,38,0,3.95,6.99,41.95,0,31.66666666666667,0,0,31.66666666666667
#32160,2026-07,Counted,138,0,0,23,138,0,115,0,0,115
#32161,2026-07,Counted,30,3,3.95,5.16,30.95,0,25,2.5,0,22.5
#32162,2026-07,Counted,30,0,3.95,5.66,33.95,0,25,0,0,25
#32163,2026-07,Counted,118,0,0,19.67,118,0,98.33333333333334,0,0,98.33333333333334
#32164,2026-07,Counted,66,0,0,11,66,0,55,0,0,55
#32165,2026-07,Counted,18,0,3.95,3.66,21.95,0,15,0,0,15
#32166,2026-07,Counted,17,0,3.95,3.49,20.95,0,14.16666666666667,0,0,14.16666666666667
#32167,2026-07,Cancelled / voided (never shipped),18,0,3.95,3.66,21.95,0,15,0,0,15
#32168,2026-07,Counted,32,0,3.95,5.99,35.95,0,26.66666666666667,0,0,26.66666666666667
#32169,2026-07,Counted,32,0,3.95,5.99,35.95,0,26.66666666666667,0,0,26.66666666666667
#32170,2026-07,Counted,113,0,0,18.83,113,0,94.16666666666667,0,0,94.16666666666667
#32171,2026-07,Counted,26,0,3.95,4.99,29.95,0,21.66666666666667,0,0,21.66666666666667
#32172,2026-07,Counted,73,0,0,12.17,73,0,60.83333333333334,0,0,60.83333333333334
#32173,2026-07,Counted,134,0,0,22.33,134,40.2,111.6666666666667,0,33.50000000000001,78.16666666666666
#32174,2026-07,Counted,36,0,3.95,6.66,39.95,0,30,0,0,30
#32175,2026-07,Counted,131,0,0,21.83,131,0,109.1666666666667,0,0,109.1666666666667
#32176,2026-07,Counted,176,0,0,29.33,176,0,146.6666666666667,0,0,146.6666666666667
#32177,2026-07,Counted,66,0,0,11,66,0,55,0,0,55
#32178,2026-07,Counted,72,0,0,12,72,0,60,0,0,60
#32179,2026-07,Counted,83,0,0,13.83,83,0,69.16666666666667,0,0,69.16666666666667
#32180,2026-07,Counted,155.5,15.55,0,23.33,139.95,0,129.5833333333333,12.95833333333333,0,116.625
#32181,2026-07,Counted,72,0,0,12,72,0,60,0,0,60
#32182,2026-07,Counted,66,0,0,11,66,0,55,0,0,55
#32183,2026-07,Counted,38,0,3.95,6.99,41.95,0,31.66666666666667,0,0,31.66666666666667
#32184,2026-07,Counted,99,0,0,16.5,99,99,82.5,0,82.5,0
#32185,2026-07,Counted,83,8.300000000000001,0,12.45,74.7,0,69.16666666666667,6.916666666666668,0,62.25
#32186,2026-07,Counted,63,0,0,10.5,63,0,52.5,0,0,52.5
#32187,2026-07,Counted,28,0,3.95,5.33,31.95,0,23.33333333333334,0,0,23.33333333333334
#32188,2026-07,Counted,45,0,3.95,8.16,48.95,0,37.5,0,0,37.5
#32189,2026-07,Counted,81,0,0,13.5,81,0,67.5,0,0,67.5
#32190,2026-07,Counted,70,0,0,11.67,70,0,58.33333333333334,0,0,58.33333333333334
#32191,2026-07,Counted,28,0,3.95,5.33,31.95,0,23.33333333333334,0,0,23.33333333333334
#32192,2026-07,Counted,130,0,0,21.67,130,0,108.3333333333333,0,0,108.3333333333333
#32193,2026-07,Counted,98,0,0,16.33,98,0,81.66666666666667,0,0,81.66666666666667
#32194,2026-07,Counted,265,0,0,44.17,265,53,220.8333333333333,0,44.16666666666667,176.6666666666667
#32195,2026-07,Counted,44,4.4,3.95,7.26,43.55,0,36.66666666666667,3.666666666666667,0,33.00000000000001
#32196,2026-07,Counted,112,0,0,18.67,112,0,93.33333333333334,0,0,93.33333333333334
#32197,2026-07,Counted,87,0,0,14.5,87,0,72.5,0,0,72.5
#32198,2026-07,Counted,68,0,0,11.33,68,0,56.66666666666667,0,0,56.66666666666667
#32199,2026-07,Counted,12,0,3.95,2.66,15.95,0,10,0,0,10
#32200,2026-07,Counted,105,0,0,17.5,105,0,87.5,0,0,87.5
#32201,2026-07,Counted,14,0,3.95,2.99,17.95,0,11.66666666666667,0,0,11.66666666666667
#32202,2026-07,Counted,135,0,0,22.5,135,27,112.5,0,22.5,90
#32203,2026-07,Counted,99,0,0,16.5,99,0,82.5,0,0,82.5
#32204,2026-07,Counted,51,5.1,3.95,8.31,49.85,0,42.5,4.25,0,38.25
#32205,2026-07,Counted,190,0,0,31.67,190,0,158.3333333333333,0,0,158.3333333333333
#32206,2026-07,Counted,93,9.300000000000001,0,13.95,83.7,0,77.5,7.750000000000001,0,69.75
#32207,2026-07,Counted,48,4.8,3.95,7.86,47.15,47.15,40,4,36.00000000000001,-7.105427357601002e-15
#32208,2026-07,Counted,114,0,0,19,114,0,95,0,0,95
#32209,2026-07,Counted,142,0,0,23.67,142,0,118.3333333333333,0,0,118.3333333333333
#32210,2026-07,Counted,18.5,0,3.95,3.74,22.45,0,15.41666666666667,0,0,15.41666666666667
#32211,2026-07,Counted,48,0,3.95,8.66,51.95,0,40,0,0,40
#32212,2026-07,Counted,9,0,3.95,2.16,12.95,0,7.5,0,0,7.5
#32213,2026-07,Counted,61.5,0,0,10.25,61.5,0,51.25,0,0,51.25
#32214,2026-07,Counted,25,0,3.95,4.83,28.95,0,20.83333333333334,0,0,20.83333333333334
#32215,2026-07,Counted,16,1.6,3.95,3.06,18.35,0,13.33333333333333,1.333333333333333,0,12
#32216,2026-07,Counted,38.5,0,3.95,7.08,42.45,0,32.08333333333334,0,0,32.08333333333334
#32217,2026-07,Counted,16,0,3.95,3.33,19.95,0,13.33333333333333,0,0,13.33333333333333
#32218,2026-07,Counted,108,0,0,18,108,0,90,0,0,90
#32219,2026-07,Counted,18,1.8,3.95,3.36,20.15,0,15,1.5,0,13.5
#32220,2026-07,Counted,60,0,0,10,60,0,50,0,0,50
#32221,2026-07,Counted,18,0,3.95,3.66,21.95,0,15,0,0,15
#32222,2026-07,Counted,36,0,3.95,6.66,39.95,0,30,0,0,30
#32223,2026-07,Counted,36,0,3.95,6.66,39.95,0,30,0,0,30
#32224,2026-07,Counted,96,0,0,16,96,0,80,0,0,80
#32225,2026-07,Counted,75,0,0,12.5,75,0,62.5,0,0,62.5
#32226,2026-07,Counted,91,0,0,15.17,91,0,75.83333333333334,0,0,75.83333333333334
#32227,2026-07,Counted,48,0,3.95,8.66,51.95,51.95,40,0,40,0
#32228,2026-07,Counted,32,0,3.95,5.99,35.95,10.79,26.66666666666667,0,8.991666666666667,17.675
#32229,2026-07,Counted,63,6.3,0,9.449999999999999,56.7,0,52.5,5.25,0,47.25
#32230,2026-07,Counted,66.59999999999999,0,0,11.1,66.59999999999999,0,55.5,0,0,55.5
#32231,2026-07,Counted,7.5,0,3.95,1.91,11.45,0,6.25,0,0,6.25
#32232,2026-07,Counted,38,0,3.95,6.99,41.95,0,31.66666666666667,0,0,31.66666666666667
#32233,2026-07,Counted,16,0,3.95,3.33,19.95,0,13.33333333333333,0,0,13.33333333333333
#32234,2026-07,Counted,147,0,0,24.5,147,0,122.5,0,0,122.5
#32235,2026-07,Counted,97,9.699999999999999,0,14.55,87.3,0,80.83333333333334,8.083333333333334,0,72.75000000000001
#32236,2026-07,Counted,127.2,0,0,21.2,127.2,0,106,0,0,106
#32237,2026-07,Counted,19,0,3.95,3.83,22.95,0,15.83333333333333,0,0,15.83333333333333
#32238,2026-07,Counted,179.5,0,0,29.92,179.5,0,149.5833333333333,0,0,149.5833333333333
#32239,2026-07,Counted,145,0,0,24.17,145,0,120.8333333333333,0,0,120.8333333333333
#32240,2026-07,Counted,68,0,0,11.33,68,0,56.66666666666667,0,0,56.66666666666667
#32241,2026-07,Counted,15,0,3.95,3.16,18.95,0,12.5,0,0,12.5
#32242,2026-07,Counted,135,5,0,21.67,130,39,112.5,4.166666666666667,32.5,75.83333333333333
#32243,2026-07,Counted,53,0,0,8.83,53,0,44.16666666666667,0,0,44.16666666666667
#32244,2026-07,Counted,93,9.300000000000001,0,13.95,83.7,0,77.5,7.750000000000001,0,69.75
#32245,2026-07,Counted,18,0,3.95,3.66,21.95,0,15,0,0,15
#32246,2026-07,Counted,51,0,0,8.5,51,0,42.5,0,0,42.5
#32247,2026-07,Counted,36,0,3.95,6.66,39.95,0,30,0,0,30
#32248,2026-07,Counted,48,4.8,3.95,7.86,47.15,0,40,4,0,36
#32249,2026-07,Counted,30,0,3.95,5.66,33.95,0,25,0,0,25
#32250,2026-07,Counted,22.5,0,3.95,4.41,26.45,26.45,18.75,0,18.75,0
#32251,2026-07,Counted,98,0,0,16.33,98,0,81.66666666666667,0,0,81.66666666666667
#32252,2026-07,Counted,55,0,0,9.17,55,0,45.83333333333334,0,0,45.83333333333334
#32253,2026-07,Counted,139,13.9,0,20.85,125.1,0,115.8333333333333,11.58333333333333,0,104.25
#32254,2026-07,Counted,21,0,3.95,4.16,24.95,4.99,17.5,0,4.158333333333334,13.34166666666667
#32255,2026-07,Counted,20,5,3.95,3.16,18.95,0,16.66666666666667,4.166666666666667,0,12.5
#32256,2026-07,Counted,109.5,0,0,18.25,109.5,0,91.25,0,0,91.25
#32257,2026-07,Counted,84,0,0,14,84,0,70,0,0,70
#32258,2026-07,Counted,32,0,3.95,5.99,35.95,0,26.66666666666667,0,0,26.66666666666667
#32259,2026-07,Counted,66,0,0,11,66,0,55,0,0,55
#32260,2026-07,Counted,38,0,3.95,6.99,41.95,0,31.66666666666667,0,0,31.66666666666667
#32261,2026-07,Counted,17,0,3.95,3.49,20.95,6.29,14.16666666666667,0,5.241666666666667,8.925000000000001
#32262,2026-07,Counted,79,5,0,12.33,74,0,65.83333333333334,4.166666666666667,0,61.66666666666668
#32263,2026-07,Counted,91,0,0,15.17,91,0,75.83333333333334,0,0,75.83333333333334
#32264,2026-07,Counted,36,3.6,3.95,6.06,36.35,0,30,3,0,27
#32265,2026-07,Counted,27,0,3.95,5.16,30.95,0,22.5,0,0,22.5
#32266,2026-07,Counted,41.6,4.16,3.95,6.9,41.39,0,34.66666666666667,3.466666666666667,0,31.2
#32267,2026-07,Counted,22,0,3.95,4.33,25.95,0,18.33333333333334,0,0,18.33333333333334
#32268,2026-07,Counted,24,0,3.95,4.66,27.95,0,20,0,0,20
#32269,2026-07,Counted,16,0,3.95,3.33,19.95,0,13.33333333333333,0,0,13.33333333333333
#32270,2026-07,Counted,45,0,3.95,8.16,48.95,0,37.5,0,0,37.5
#32271,2026-07,Counted,9,0,3.95,2.16,12.95,0,7.5,0,0,7.5
#32272,2026-07,Counted,31,0,3.95,5.83,34.95,0,25.83333333333334,0,0,25.83333333333334
#32273,2026-07,Counted,32,0,3.95,5.99,35.95,0,26.66666666666667,0,0,26.66666666666667
#32274,2026-07,Counted,14,1.4,3.95,2.76,16.55,0,11.66666666666667,1.166666666666667,0,10.5
#32275,2026-07,Counted,28,0,3.95,5.33,31.95,0,23.33333333333334,0,0,23.33333333333334
#32276,2026-07,Counted,29,0,3.95,5.49,32.95,0,24.16666666666667,0,0,24.16666666666667
#32277,2026-07,Counted,154,0,0,25.67,154,0,128.3333333333333,0,0,128.3333333333333
#32278,2026-07,Counted,19,0,3.95,3.83,22.95,0,15.83333333333333,0,0,15.83333333333333
#32279,2026-07,Counted,14,1.4,3.95,2.76,16.55,0,11.66666666666667,1.166666666666667,0,10.5
#32280,2026-07,Counted,86,0,0,14.33,86,0,71.66666666666667,0,0,71.66666666666667
#32281,2026-07,Counted,74,0,0,12.33,74,0,61.66666666666667,0,0,61.66666666666667
#32282,2026-07,Counted,28,2.8,3.95,4.86,29.15,0,23.33333333333334,2.333333333333333,0,21
#32283,2026-07,Counted,96,0,0,16,96,0,80,0,0,80
#32284,2026-07,Counted,185,0,0,30.83,185,0,154.1666666666667,0,0,154.1666666666667
#32285,2026-07,Counted,63.5,0,0,10.58,63.5,0,52.91666666666667,0,0,52.91666666666667
#32286,2026-07,Counted,36,0,3.95,6.66,39.95,0,30,0,0,30
#32287,2026-07,Counted,18,0,3.95,3.66,21.95,0,15,0,0,15
#32288,2026-07,Counted,83,0,0,13.83,83,0,69.16666666666667,0,0,69.16666666666667
#32289,2026-07,Counted,34,5,3.95,5.49,32.95,0,28.33333333333334,4.166666666666667,0,24.16666666666667
#32290,2026-07,Counted,46,0,3.95,8.33,49.95,0,38.33333333333334,0,0,38.33333333333334
#32291,2026-07,Counted,217,0,0,36.17,217,0,180.8333333333333,0,0,180.8333333333333
#32292,2026-07,Counted,17,0,3.95,3.49,20.95,0,14.16666666666667,0,0,14.16666666666667
#32293,2026-07,Counted,25,0,3.95,4.83,28.95,0,20.83333333333334,0,0,20.83333333333334
#32294,2026-07,Counted,111,0,0,18.5,111,0,92.5,0,0,92.5
#32295,2026-07,Counted,26,0,3.95,4.99,29.95,0,21.66666666666667,0,0,21.66666666666667
#32296,2026-07,Counted,44,0,3.95,7.99,47.95,0,36.66666666666667,0,0,36.66666666666667
#32297,2026-07,Counted,48,0,3.95,8.66,51.95,0,40,0,0,40
#32298,2026-07,Counted,18,0,3.95,3.66,21.95,0,15,0,0,15
#32299,2026-07,Counted,76,7.6,0,11.4,68.40000000000001,0,63.33333333333334,6.333333333333333,0,57
#32300,2026-07,Counted,64,0,0,10.67,64,0,53.33333333333334,0,0,53.33333333333334
#32301,2026-07,Counted,305,0,0,50.83,305,0,254.1666666666667,0,0,254.1666666666667
#32302,2026-07,Counted,90,0,0,15,90,0,75,0,0,75
#32303,2026-07,Counted,136,0,0,22.67,136,0,113.3333333333333,0,0,113.3333333333333
#32304,2026-07,Counted,112,0,0,18.67,112,0,93.33333333333334,0,0,93.33333333333334
#32305,2026-07,Counted,153,0,0,25.5,153,0,127.5,0,0,127.5
#32306,2026-07,Counted,41,0,3.95,7.49,44.95,0,34.16666666666667,0,0,34.16666666666667
#32307,2026-07,Counted,165,16.5,0,24.75,148.5,148.5,137.5,13.75,123.75,0
#32308,2026-07,Counted,127,0,0,21.17,127,0,105.8333333333333,0,0,105.8333333333333
#32309,2026-07,Counted,25,0,3.95,4.83,28.95,0,20.83333333333334,0,0,20.83333333333334
#32310,2026-07,Counted,12,0,3.95,2.66,15.95,0,10,0,0,10
#32311,2026-07,Counted,42,0,3.95,7.66,45.95,0,35,0,0,35
#32312,2026-07,Counted,68,0,0,11.33,68,0,56.66666666666667,0,0,56.66666666666667
#32313,2026-07,Counted,29.5,0,3.95,5.58,33.45,0,24.58333333333334,0,0,24.58333333333334
#32314,2026-07,Counted,16,0,3.95,3.33,19.95,0,13.33333333333333,0,0,13.33333333333333
#32315,2026-07,Counted,127,0,0,21.17,127,0,105.8333333333333,0,0,105.8333333333333
#32316,2026-07,Counted,18,0,3.95,3.66,21.95,0,15,0,0,15
#32317,2026-07,Counted,115,0,0,19.17,115,0,95.83333333333334,0,0,95.83333333333334
#32318,2026-07,Counted,18,0,3.95,3.66,21.95,0,15,0,0,15
#32319,2026-07,Counted,69.5,6.95,0,10.43,62.55,0,57.91666666666667,5.791666666666667,0,52.12500000000001
#32320,2026-07,Counted,64.5,0,0,10.75,64.5,64.5,53.75,0,53.75,0
#32321,2026-07,Counted,220,0,0,36.67,220,0,183.3333333333333,0,0,183.3333333333333
#32322,2026-07,Counted,116,0,0,19.33,116,0,96.66666666666667,0,0,96.66666666666667
#32323,2026-07,Counted,68,0,0,11.33,68,0,56.66666666666667,0,0,56.66666666666667
#32324,2026-07,Counted,66,0,0,11,66,0,55,0,0,55
#32325,2026-07,Counted,365,0,0,60.83,365,0,304.1666666666667,0,0,304.1666666666667
#32326,2026-07,Counted,72,0,0,12,72,0,60,0,0,60
#32327,2026-07,Counted,152,0,0,25.33,152,0,126.6666666666667,0,0,126.6666666666667
#32328,2026-07,Counted,109,0,0,18.17,109,0,90.83333333333334,0,0,90.83333333333334
#32329,2026-07,Counted,17,0,3.95,3.49,20.95,0,14.16666666666667,0,0,14.16666666666667
#32330,2026-07,Counted,9,0,3.95,2.16,12.95,0,7.5,0,0,7.5
#32331,2026-07,Counted,90,0,0,15,90,0,75,0,0,75
#32332,2026-07,Counted,20,5,3.95,3.16,18.95,0,16.66666666666667,4.166666666666667,0,12.5
#32333,2026-07,Counted,91,0,0,15.17,91,0,75.83333333333334,0,0,75.83333333333334
#32334,2026-07,Counted,38,0,3.95,6.99,41.95,0,31.66666666666667,0,0,31.66666666666667
#32335,2026-07,Counted,36,0,3.95,6.66,39.95,7.99,30,0,6.658333333333334,23.34166666666667
#32336,2026-07,Counted,135,0,0,22.5,135,0,112.5,0,0,112.5
#32337,2026-07,Counted,100,0,0,16.67,100,0,83.33333333333334,0,0,83.33333333333334
#32338,2026-07,Counted,24,0,3.95,4.66,27.95,0,20,0,0,20
#32339,2026-07,Counted,70,0,0,11.67,70,0,58.33333333333334,0,0,58.33333333333334
#32340,2026-07,Counted,81,0,0,13.5,81,0,67.5,0,0,67.5
#32341,2026-07,Counted,42,0,3.95,7.66,45.95,0,35,0,0,35
#32342,2026-07,Counted,19,0,3.95,3.83,22.95,0,15.83333333333333,0,0,15.83333333333333
#32343,2026-07,Counted,16,1.6,3.95,3.06,18.35,0,13.33333333333333,1.333333333333333,0,12
#32344,2026-07,Counted,102,0,0,17,102,0,85,0,0,85
#32345,2026-07,Counted,7.5,0,3.95,1.91,11.45,0,6.25,0,0,6.25
#32346,2026-07,Counted,77,7.7,0,11.55,69.3,0,64.16666666666667,6.416666666666667,0,57.75000000000001
#32347,2026-07,Counted,162,0,0,27,162,0,135,0,0,135
#32348,2026-07,Counted,32,0,3.95,5.99,35.95,0,26.66666666666667,0,0,26.66666666666667
#32349,2026-07,Counted,36,0,3.95,6.66,39.95,0,30,0,0,30
#32350,2026-07,Counted,19,0,3.95,3.83,22.95,0,15.83333333333333,0,0,15.83333333333333
#32351,2026-07,Counted,11,0,3.95,2.49,14.95,0,9.166666666666668,0,0,9.166666666666668
#32352,2026-07,Counted,26,0,3.95,4.99,29.95,0,21.66666666666667,0,0,21.66666666666667
#32353,2026-07,Counted,27,0,3.95,5.16,30.95,0,22.5,0,0,22.5
#32354,2026-07,Counted,136,5,0,21.83,131,131,113.3333333333333,4.166666666666667,109.1666666666667,0
#32355,2026-07,Counted,104,0,0,17.33,104,0,86.66666666666667,0,0,86.66666666666667
#32356,2026-07,Counted,28,0,3.95,5.33,31.95,0,23.33333333333334,0,0,23.33333333333334
#32357,2026-07,Counted,32,0,3.95,5.99,35.95,0,26.66666666666667,0,0,26.66666666666667
#32358,2026-07,Counted,17,0,3.95,3.49,20.95,0,14.16666666666667,0,0,14.16666666666667
#32359,2026-07,Counted,16,0,3.95,3.33,19.95,0,13.33333333333333,0,0,13.33333333333333
#32360,2026-07,Counted,36,0,3.95,6.66,39.95,0,30,0,0,30
#32361,2026-07,Counted,18,0,3.95,3.66,21.95,0,15,0,0,15
#32362,2026-07,Counted,21,2.1,3.95,3.81,22.85,0,17.5,1.75,0,15.75
#32363,2026-07,Counted,53,0,0,8.83,53,53,44.16666666666667,0,44.16666666666667,0
#32364,2026-07,Counted,54.5,0,0,9.08,54.5,0,45.41666666666667,0,0,45.41666666666667
#32365,2026-07,Counted,48,0,3.95,8.66,51.95,0,40,0,0,40
#32366,2026-07,Counted,104,0,0,17.33,104,0,86.66666666666667,0,0,86.66666666666667
#32367,2026-07,Counted,19,0,3.95,3.83,22.95,0,15.83333333333333,0,0,15.83333333333333
#32368,2026-07,Counted,36,0,3.95,6.66,39.95,0,30,0,0,30
#32369,2026-07,Counted,12,0,3.95,2.66,15.95,0,10,0,0,10
#32370,2026-07,Counted,113,0,0,18.83,113,0,94.16666666666667,0,0,94.16666666666667
#32371,2026-07,Counted,15,0,3.95,3.16,18.95,0,12.5,0,0,12.5
#32372,2026-07,Counted,90,0,0,15,90,0,75,0,0,75
#32373,2026-07,Counted,126,0,0,21,126,0,105,0,0,105
#32374,2026-07,Counted,61,0,0,10.17,61,0,50.83333333333334,0,0,50.83333333333334
#32375,2026-07,Counted,146,0,0,24.33,146,43.8,121.6666666666667,0,36.5,85.16666666666667
#32376,2026-07,Counted,57,0,0,9.5,57,0,47.5,0,0,47.5
#32377,2026-07,Counted,95,0,0,15.83,95,0,79.16666666666667,0,0,79.16666666666667
#32378,2026-07,Counted,22,2.2,3.95,3.96,23.75,0,18.33333333333334,1.833333333333333,0,16.5
#32379,2026-07,Counted,36,0,3.95,6.66,39.95,0,30,0,0,30
#32380,2026-07,Counted,30,5,3.95,4.83,28.95,28.95,25,4.166666666666667,20.83333333333334,-3.552713678800501e-15
#32381,2026-07,Counted,35,0,3.95,6.49,38.95,0,29.16666666666667,0,0,29.16666666666667
#32382,2026-07,Counted,50,0,0,8.33,50,0,41.66666666666667,0,0,41.66666666666667
#32383,2026-07,Counted,52,0,0,8.67,52,0,43.33333333333334,0,0,43.33333333333334
#32384,2026-07,Counted,32,0,3.95,5.99,35.95,0,26.66666666666667,0,0,26.66666666666667
#32385,2026-07,Counted,88,0,0,14.67,88,0,73.33333333333334,0,0,73.33333333333334
#32386,2026-07,Counted,24,0,3.95,4.66,27.95,27.95,20,0,20,0
#32387,2026-07,Counted,12,0,3.95,2.66,15.95,0,10,0,0,10
#32388,2026-07,Counted,47.5,0,3.95,8.58,51.45,0,39.58333333333334,0,0,39.58333333333334
#32389,2026-07,Counted,14,0,3.95,2.99,17.95,0,11.66666666666667,0,0,11.66666666666667
#32390,2026-07,Counted,30,0,3.95,5.66,33.95,0,25,0,0,25
#32391,2026-07,Cancelled / voided (never shipped),150,0,0,25,150,0,125,0,0,125
#32392,2026-07,Counted,14,0,3.95,2.99,17.95,0,11.66666666666667,0,0,11.66666666666667
#32393,2026-07,Cancelled / voided (never shipped),16,0,3.95,3.33,19.95,19.95,13.33333333333333,0,13.33333333333333,0
#32394,2026-07,Counted,106,0,0,17.67,106,0,88.33333333333334,0,0,88.33333333333334
#32395,2026-07,Counted,95,0,0,15.83,95,0,79.16666666666667,0,0,79.16666666666667
#32396,2026-07,Counted,48,0,3.95,8.66,51.95,0,40,0,0,40
#32397,2026-07,Counted,38,0,3.95,6.99,41.95,20.98,31.66666666666667,0,17.48333333333333,14.18333333333333
#32398,2026-07,Counted,159,15.9,0,23.85,143.1,0,132.5,13.25,0,119.25
#32399,2026-07,Counted,102,0,0,17,102,0,85,0,0,85
#32400,2026-07,Counted,92,0,0,15.33,92,0,76.66666666666667,0,0,76.66666666666667
#32401,2026-07,Counted,44,0,3.95,7.99,47.95,0,36.66666666666667,0,0,36.66666666666667
#32402,2026-07,Counted,60,0,0,10,60,0,50,0,0,50
#32403,2026-07,Counted,25,0,3.95,4.83,28.95,0,20.83333333333334,0,0,20.83333333333334
#32404,2026-07,Counted,76.59999999999999,0,0,12.77,76.59999999999999,0,63.83333333333333,0,0,63.83333333333333
#32405,2026-07,Counted,246.6,24.66,0,36.99,221.94,0,205.5,20.55,0,184.95
#32406,2026-07,Counted,80,0,0,13.33,80,0,66.66666666666667,0,0,66.66666666666667
#32407,2026-07,Counted,36,0,3.95,6.66,39.95,0,30,0,0,30
#32408,2026-07,Counted,66,0,0,11,66,0,55,0,0,55
#32409,2026-07,Counted,85,0,0,14.17,85,0,70.83333333333334,0,0,70.83333333333334
#32410,2026-07,Counted,41,0,3.95,7.49,44.95,0,34.16666666666667,0,0,34.16666666666667
#32411,2026-07,Counted,24,0,3.95,4.66,27.95,0,20,0,0,20
#32412,2026-07,Counted,73.5,5,0,11.42,68.5,0,61.25,4.166666666666667,0,57.08333333333334
#32413,2026-07,Counted,33.6,0,3.95,6.26,37.55,0,28,0,0,28
#32414,2026-07,Counted,41,0,3.95,7.49,44.95,0,34.16666666666667,0,0,34.16666666666667
#32415,2026-07,Counted,94,0,0,15.67,94,0,78.33333333333334,0,0,78.33333333333334
#32416,2026-07,Counted,46,5,3.95,7.49,44.95,0,38.33333333333334,4.166666666666667,0,34.16666666666667
#32417,2026-07,Counted,103,0,0,17.17,103,0,85.83333333333334,0,0,85.83333333333334
#32418,2026-07,Counted,180,0,0,30,180,0,150,0,0,150
#32419,2026-07,Counted,34,5,3.95,5.49,32.95,0,28.33333333333334,4.166666666666667,0,24.16666666666667
#32420,2026-07,Counted,64,0,0,10.67,64,0,53.33333333333334,0,0,53.33333333333334
#32421,2026-07,Counted,76,0,0,12.67,76,0,63.33333333333334,0,0,63.33333333333334
#32422,2026-07,Counted,41,0,3.95,7.49,44.95,44.95,34.16666666666667,0,34.16666666666667,0
#32423,2026-07,Counted,63,5,0,9.67,58,0,52.5,4.166666666666667,0,48.33333333333334
#32424,2026-07,Counted,11,0,3.95,2.49,14.95,0,9.166666666666668,0,0,9.166666666666668
#32425,2026-07,Counted,37.5,0,3.95,6.91,41.45,0,31.25,0,0,31.25
#32426,2026-07,Counted,63,0,0,10.5,63,0,52.5,0,0,52.5
#32427,2026-07,Counted,48,0,3.95,8.66,51.95,0,40,0,0,40
#32428,2026-07,Counted,68,5,0,10.5,63,0,56.66666666666667,4.166666666666667,0,52.50000000000001
#32429,2026-07,Counted,30,3,3.95,5.16,30.95,0,25,2.5,0,22.5
#32430,2026-07,Counted,40,0,3.95,7.33,43.95,0,33.33333333333334,0,0,33.33333333333334
#32431,2026-07,Counted,64,0,0,10.67,64,0,53.33333333333334,0,0,53.33333333333334
#32432,2026-07,Counted,224,0,0,37.33,224,0,186.6666666666667,0,0,186.6666666666667
#32433,2026-07,Counted,114.5,0,0,19.08,114.5,0,95.41666666666667,0,0,95.41666666666667
#32434,2026-07,Counted,56,0,0,9.33,56,0,46.66666666666667,0,0,46.66666666666667
#32435,2026-07,Counted,36,0,3.95,6.66,39.95,0,30,0,0,30
#32436,2026-07,Counted,24,0,3.95,4.66,27.95,0,20,0,0,20
#32437,2026-07,Counted,27,0,3.95,5.16,30.95,6.19,22.5,0,5.158333333333334,17.34166666666667
#32438,2026-07,Counted,55.5,0,0,9.25,55.5,55.5,46.25,0,46.25,0
#32439,2026-07,Counted,75.59999999999999,7.56,0,11.34,68.04000000000001,0,63,6.3,0,56.7
#32440,2026-07,Counted,15,0,3.95,3.16,18.95,0,12.5,0,0,12.5
#32441,2026-07,Counted,66,0,0,11,66,0,55,0,0,55
#32442,2026-07,Counted,43,0,3.95,7.83,46.95,0,35.83333333333334,0,0,35.83333333333334
#32443,2026-07,Counted,17,0,3.95,3.49,20.95,0,14.16666666666667,0,0,14.16666666666667
#32444,2026-07,Counted,117,0,0,19.5,117,0,97.5,0,0,97.5
#32445,2026-07,Counted,39,0,3.95,7.16,42.95,0,32.5,0,0,32.5
#32446,2026-07,Counted,93,0,0,15.5,93,0,77.5,0,0,77.5
#32447,2026-07,Counted,22,0,3.95,4.33,25.95,0,18.33333333333334,0,0,18.33333333333334
#32448,2026-07,Counted,21,0,3.95,4.16,24.95,0,17.5,0,0,17.5
#32449,2026-07,Counted,24,0,3.95,4.66,27.95,0,20,0,0,20
#32450,2026-07,Counted,66,0,0,11,66,0,55,0,0,55
#32451,2026-07,Counted,42,0,3.95,7.66,45.95,0,35,0,0,35
#32452,2026-07,Counted,138,0,0,23,138,0,115,0,0,115
#32453,2026-07,Counted,12,1.2,3.95,2.46,14.75,0,10,1,0,9
#32454,2026-07,Counted,38,0,3.95,6.99,41.95,0,31.66666666666667,0,0,31.66666666666667
#32455,2026-07,Counted,27,2.7,3.95,4.71,28.25,0,22.5,2.25,0,20.25
#32456,2026-07,Counted,98,9.800000000000001,0,14.7,88.2,0,81.66666666666667,8.166666666666668,0,73.5
#32457,2026-07,Counted,12,0,3.95,2.66,15.95,0,10,0,0,10
#32458,2026-07,Counted,36,0,3.95,6.66,39.95,0,30,0,0,30
#32459,2026-07,Counted,110,11,0,16.5,99,0,91.66666666666667,9.166666666666668,0,82.5
#32460,2026-07,Counted,84,0,0,14,84,0,70,0,0,70
#32461,2026-07,Counted,54,0,0,9,54,0,45,0,0,45
#32462,2026-07,Counted,18,0,3.95,3.66,21.95,0,15,0,0,15
#32463,2026-07,Counted,38,0,3.95,6.99,41.95,0,31.66666666666667,0,0,31.66666666666667
#32464,2026-07,Counted,14,0,3.95,2.99,17.95,0,11.66666666666667,0,0,11.66666666666667
#32465,2026-07,Counted,52,0,0,8.67,52,26,43.33333333333334,0,21.66666666666667,21.66666666666667
#32466,2026-07,Counted,34,0,3.95,6.33,37.95,0,28.33333333333334,0,0,28.33333333333334
#32467,2026-07,Counted,21,2.1,3.95,3.81,22.85,0,17.5,1.75,0,15.75
#32468,2026-07,Counted,30,0,3.95,5.66,33.95,0,25,0,0,25
#32469,2026-07,Counted,62,0,0,10.33,62,0,51.66666666666667,0,0,51.66666666666667
#32470,2026-07,Counted,90,0,0,15,90,0,75,0,0,75
#32471,2026-07,Counted,178,0,0,29.67,178,0,148.3333333333333,0,0,148.3333333333333
#32472,2026-07,Counted,75,0,0,12.5,75,0,62.5,0,0,62.5
#32473,2026-07,Counted,108,0,0,18,108,0,90,0,0,90
#32474,2026-07,Counted,23,0,3.95,4.49,26.95,0,19.16666666666667,0,0,19.16666666666667
#32475,2026-07,Counted,44,0,3.95,7.99,47.95,0,36.66666666666667,0,0,36.66666666666667
#32476,2026-07,Counted,72,0,0,12,72,0,60,0,0,60
#32477,2026-07,Counted,109,10.9,0,16.35,98.09999999999999,0,90.83333333333334,9.083333333333334,0,81.75000000000001
#32478,2026-07,Counted,6,0.6,3.95,1.56,9.35,0,5,0.5,0,4.5
#32479,2026-07,Counted,172,0,0,28.67,172,0,143.3333333333333,0,0,143.3333333333333
#32480,2026-07,Counted,36,0,3.95,6.66,39.95,0,30,0,0,30
#32481,2026-07,Counted,14,0,3.95,2.99,17.95,0,11.66666666666667,0,0,11.66666666666667
#32482,2026-07,Counted,55.2,5.52,3.95,8.94,53.63,0,46.00000000000001,4.6,0,41.40000000000001
#32483,2026-07,Counted,22,0,3.95,4.33,25.95,0,18.33333333333334,0,0,18.33333333333334
#32484,2026-07,Counted,38,0,3.95,6.99,41.95,0,31.66666666666667,0,0,31.66666666666667
#32485,2026-07,Counted,122,12.2,0,18.3,109.8,0,101.6666666666667,10.16666666666667,0,91.5
#32486,2026-07,Counted,98,0,0,16.33,98,0,81.66666666666667,0,0,81.66666666666667
#32487,2026-07,Counted,63,0,0,10.5,63,0,52.5,0,0,52.5
#32488,2026-07,Counted,36,0,3.95,6.66,39.95,0,30,0,0,30
#32489,2026-07,Counted,32,0,3.95,5.99,35.95,0,26.66666666666667,0,0,26.66666666666667
#32490,2026-07,Counted,106,0,0,17.67,106,0,88.33333333333334,0,0,88.33333333333334
#32491,2026-07,Counted,36,0,3.95,6.66,39.95,0,30,0,0,30
#32492,2026-07,Counted,27,0,3.95,5.16,30.95,0,22.5,0,0,22.5
#32493,2026-07,Counted,25,0,3.95,4.83,28.95,0,20.83333333333334,0,0,20.83333333333334
#32494,2026-07,Counted,30,0,3.95,5.66,33.95,0,25,0,0,25
#32495,2026-07,Counted,57,0,0,9.5,57,0,47.5,0,0,47.5
#32496,2026-07,Counted,52,0,0,8.67,52,0,43.33333333333334,0,0,43.33333333333334
#32497,2026-07,Counted,36,0,3.95,6.66,39.95,0,30,0,0,30
#32498,2026-07,Counted,150,0,0,25,150,0,125,0,0,125
#32499,2026-07,Counted,43,0,3.95,7.83,46.95,0,35.83333333333334,0,0,35.83333333333334
#32500,2026-07,Counted,22,0,3.95,4.33,25.95,0,18.33333333333334,0,0,18.33333333333334
#32501,2026-07,Counted,32,0,3.95,5.99,35.95,0,26.66666666666667,0,0,26.66666666666667
#32502,2026-07,Counted,83.5,0,0,13.92,83.5,0,69.58333333333334,0,0,69.58333333333334
#32503,2026-07,Counted,90,0,0,15,90,0,75,0,0,75
#32504,2026-07,Counted,21,0,3.95,4.16,24.95,0,17.5,0,0,17.5
#32505,2026-07,Counted,42,5,3.95,6.83,40.95,0,35,4.166666666666667,0,30.83333333333333
#32506,2026-07,Counted,76,0,0,12.67,76,0,63.33333333333334,0,0,63.33333333333334
#32507,2026-07,Counted,46,0,3.95,8.33,49.95,0,38.33333333333334,0,0,38.33333333333334
#32508,2026-07,Counted,178,0,0,29.67,178,0,148.3333333333333,0,0,148.3333333333333
#32509,2026-07,Counted,90,0,0,15,90,0,75,0,0,75
#32510,2026-07,Counted,102,0,0,17,102,0,85,0,0,85
#32511,2026-07,Counted,24.6,0,3.95,4.76,28.55,0,20.5,0,0,20.5
#32512,2026-07,Counted,54,0,0,9,54,0,45,0,0,45
#32513,2026-07,Counted,75,0,0,12.5,75,0,62.5,0,0,62.5
#32514,2026-07,Counted,141,0,0,23.5,141,0,117.5,0,0,117.5
#32515,2026-07,Counted,19.5,0,3.95,3.91,23.45,0,16.25,0,0,16.25
#32516,2026-07,Counted,30,0,3.95,5.66,33.95,0,25,0,0,25
#32517,2026-07,Counted,118,0,0,19.67,118,0,98.33333333333334,0,0,98.33333333333334
#32518,2026-07,Counted,18,0,3.95,3.66,21.95,0,15,0,0,15
#32519,2026-07,Counted,245,0,0,40.83,245,0,204.1666666666667,0,0,204.1666666666667
#32520,2026-07,Counted,11,0,3.95,2.49,14.95,0,9.166666666666668,0,0,9.166666666666668
#32521,2026-07,Counted,72,0,0,12,72,0,60,0,0,60
#32522,2026-07,Counted,85,0,0,14.17,85,0,70.83333333333334,0,0,70.83333333333334
#32523,2026-07,Counted,28,0,3.95,5.33,31.95,0,23.33333333333334,0,0,23.33333333333334
#32524,2026-07,Counted,32,0,3.95,5.99,35.95,0,26.66666666666667,0,0,26.66666666666667
#32525,2026-07,Counted,51,0,0,8.5,51,0,42.5,0,0,42.5
#32526,2026-07,Counted,40,0,3.95,7.33,43.95,0,33.33333333333334,0,0,33.33333333333334
#32527,2026-07,Counted,48,0,3.95,8.66,51.95,0,40,0,0,40
#32528,2026-07,Counted,25,0,3.95,4.83,28.95,0,20.83333333333334,0,0,20.83333333333334
#32529,2026-07,Counted,9,0,3.95,2.16,12.95,0,7.5,0,0,7.5
#32530,2026-07,Counted,48,0,3.95,8.66,51.95,0,40,0,0,40
#32531,2026-07,Counted,53,0,0,8.83,53,0,44.16666666666667,0,0,44.16666666666667
#32532,2026-07,Counted,38,0,3.95,6.99,41.95,0,31.66666666666667,0,0,31.66666666666667
#32533,2026-07,Counted,126,0,0,21,126,37.8,105,0,31.5,73.5
#32534,2026-07,Counted,135,0,0,22.5,135,0,112.5,0,0,112.5
#32535,2026-07,Counted,28,0,3.95,5.33,31.95,0,23.33333333333334,0,0,23.33333333333334
#32536,2026-07,Counted,32,3.2,3.95,5.46,32.75,16.38,26.66666666666667,2.666666666666667,13.65,10.35
#32537,2026-07,Counted,139,0,0,23.17,139,0,115.8333333333333,0,0,115.8333333333333
#32538,2026-07,Counted,22,0,3.95,4.33,25.95,0,18.33333333333334,0,0,18.33333333333334
#32539,2026-07,Counted,15,0,3.95,3.16,18.95,0,12.5,0,0,12.5
#32540,2026-07,Counted,89,0,0,14.83,89,0,74.16666666666667,0,0,74.16666666666667
#32541,2026-07,Counted,81,0,0,13.5,81,0,67.5,0,0,67.5
#32542,2026-07,Counted,53,0,0,8.83,53,53,44.16666666666667,0,44.16666666666667,0
#32543,2026-07,Counted,50,5,3.95,8.16,48.95,0,41.66666666666667,4.166666666666667,0,37.50000000000001
#32544,2026-07,Counted,72,0,0,12,72,0,60,0,0,60
#32545,2026-07,Counted,17,0,3.95,3.49,20.95,0,14.16666666666667,0,0,14.16666666666667
#32546,2026-07,Counted,28,0,3.95,5.33,31.95,0,23.33333333333334,0,0,23.33333333333334
#32547,2026-07,Counted,105,0,0,17.5,105,0,87.5,0,0,87.5
#32548,2026-07,Counted,167,0,0,27.83,167,0,139.1666666666667,0,0,139.1666666666667
#32549,2026-07,Counted,57,0,0,9.5,57,0,47.5,0,0,47.5
#32550,2026-07,Counted,315,0,0,52.5,315,0,262.5,0,0,262.5
#32551,2026-07,Counted,83,0,0,13.83,83,0,69.16666666666667,0,0,69.16666666666667
#32552,2026-07,Counted,82,0,0,13.67,82,0,68.33333333333334,0,0,68.33333333333334
#32553,2026-07,Counted,33,0,3.95,6.16,36.95,0,27.5,0,0,27.5
#32554,2026-07,Counted,180,0,0,30,180,0,150,0,0,150
#32555,2026-07,Counted,31,0,3.95,5.83,34.95,0,25.83333333333334,0,0,25.83333333333334
#32556,2026-07,Counted,77,0,0,12.83,77,0,64.16666666666667,0,0,64.16666666666667
#32557,2026-07,Counted,22,0,3.95,4.33,25.95,0,18.33333333333334,0,0,18.33333333333334
#32558,2026-07,Counted,65,0,0,10.83,65,0,54.16666666666667,0,0,54.16666666666667
#32559,2026-07,Counted,88,0,0,14.67,88,88,73.33333333333334,0,73.33333333333334,0
#32560,2026-07,Counted,64,0,0,10.67,64,0,53.33333333333334,0,0,53.33333333333334
#32561,2026-07,Counted,48,0,3.95,8.66,51.95,0,40,0,0,40
#32562,2026-07,Counted,79.5,0,0,13.25,79.5,0,66.25,0,0,66.25
#32563,2026-07,Counted,120,0,0,20,120,0,100,0,0,100
#32564,2026-07,Counted,36,0,3.95,6.66,39.95,0,30,0,0,30
#32565,2026-07,Counted,36,0,3.95,6.66,39.95,0,30,0,0,30
#32566,2026-07,Counted,19.5,0,3.95,3.91,23.45,0,16.25,0,0,16.25
#32567,2026-07,Counted,126,12.6,0,18.9,113.4,0,105,10.5,0,94.5
#32568,2026-07,Counted,72,0,0,12,72,0,60,0,0,60
#32569,2026-07,Counted,35,0,3.95,6.49,38.95,0,29.16666666666667,0,0,29.16666666666667
#32570,2026-07,Counted,63,0,0,10.5,63,0,52.5,0,0,52.5
#32571,2026-07,Counted,382,0,0,63.67,382,0,318.3333333333334,0,0,318.3333333333334
#32572,2026-07,Counted,101,0,0,16.83,101,0,84.16666666666667,0,0,84.16666666666667
#32573,2026-07,Counted,17,0,3.95,3.49,20.95,0,14.16666666666667,0,0,14.16666666666667
#32574,2026-07,Counted,145,0,0,24.17,145,0,120.8333333333333,0,0,120.8333333333333
#32575,2026-07,Counted,33,0,3.95,6.16,36.95,0,27.5,0,0,27.5
#32576,2026-07,Counted,57,5.7,0,8.550000000000001,51.3,0,47.5,4.75,0,42.75
#32577,2026-07,Counted,14,0,3.95,2.99,17.95,0,11.66666666666667,0,0,11.66666666666667
#32578,2026-07,Counted,22,0,3.95,4.33,25.95,0,18.33333333333334,0,0,18.33333333333334
#32579,2026-07,Counted,149,0,0,24.83,149,0,124.1666666666667,0,0,124.1666666666667
#32580,2026-07,Counted,68,0,0,11.33,68,0,56.66666666666667,0,0,56.66666666666667
#32581,2026-07,Counted,108.5,0,0,18.08,108.5,0,90.41666666666667,0,0,90.41666666666667
#32582,2026-07,Counted,16,0,3.95,3.33,19.95,0,13.33333333333333,0,0,13.33333333333333
#32583,2026-07,Counted,19,0,3.95,3.83,22.95,0,15.83333333333333,0,0,15.83333333333333
#32584,2026-07,Counted,26,0,3.95,4.99,29.95,14.98,21.66666666666667,0,12.48333333333333,9.183333333333334
#32585,2026-07,Counted,26,0,3.95,4.99,29.95,0,21.66666666666667,0,0,21.66666666666667
#32586,2026-07,Counted,34,0,3.95,6.33,37.95,0,28.33333333333334,0,0,28.33333333333334
#32587,2026-07,Counted,34,0,3.95,6.33,37.95,0,28.33333333333334,0,0,28.33333333333334
#32588,2026-07,Counted,65,0,0,10.83,65,0,54.16666666666667,0,0,54.16666666666667
#32589,2026-07,Counted,60,0,0,10,60,0,50,0,0,50
#32590,2026-07,Counted,81,0,0,13.5,81,81,67.5,0,67.5,0
#32591,2026-07,Counted,34,0,3.95,6.33,37.95,0,28.33333333333334,0,0,28.33333333333334
#32592,2026-07,Counted,82,0,0,13.67,82,0,68.33333333333334,0,0,68.33333333333334
#32593,2026-07,Counted,88,5,0,13.83,83,0,73.33333333333334,4.166666666666667,0,69.16666666666667
#32594,2026-07,Counted,20,0,3.95,3.99,23.95,0,16.66666666666667,0,0,16.66666666666667
#32595,2026-07,Counted,99,0,0,16.5,99,0,82.5,0,0,82.5
#32596,2026-07,Counted,40,0,3.95,7.33,43.95,0,33.33333333333334,0,0,33.33333333333334
#32597,2026-07,Counted,162,0,0,27,162,0,135,0,0,135
#32598,2026-07,Counted,60,0,0,10,60,0,50,0,0,50
#32599,2026-07,Counted,69.59999999999999,0,0,11.6,69.59999999999999,0,58,0,0,58
#32600,2026-07,Counted,36,0,3.95,6.66,39.95,0,30,0,0,30
#32601,2026-07,Counted,66,0,0,11,66,0,55,0,0,55
#32602,2026-07,Counted,105,0,0,17.5,105,0,87.5,0,0,87.5
#32603,2026-07,Counted,38,0,3.95,6.99,41.95,0,31.66666666666667,0,0,31.66666666666667
#32604,2026-07,Counted,32,0,3.95,5.99,35.95,10.79,26.66666666666667,0,8.991666666666667,17.675
#32605,2026-07,Counted,113,0,0,18.83,113,0,94.16666666666667,0,0,94.16666666666667
#32606,2026-07,Counted,26,0,3.95,4.99,29.95,0,21.66666666666667,0,0,21.66666666666667
#32607,2026-07,Counted,88,0,0,14.67,88,0,73.33333333333334,0,0,73.33333333333334
#32608,2026-07,Counted,42,0,3.95,7.66,45.95,0,35,0,0,35
#32609,2026-07,Counted,48,0,3.95,8.66,51.95,0,40,0,0,40
#32610,2026-07,Counted,75,0,0,12.5,75,0,62.5,0,0,62.5
#32611,2026-07,Counted,87,0,0,14.5,87,0,72.5,0,0,72.5
#32612,2026-07,Counted,7.5,0,3.95,1.91,11.45,0,6.25,0,0,6.25
#32613,2026-07,Counted,97.5,0,0,16.25,97.5,0,81.25,0,0,81.25
#32614,2026-07,Counted,25,0,3.95,4.83,28.95,0,20.83333333333334,0,0,20.83333333333334
#32615,2026-07,Counted,126,0,0,21,126,0,105,0,0,105
#32616,2026-07,Cancelled / voided (never shipped),93,0,0,15.5,93,0,77.5,0,0,77.5
#32617,2026-07,Counted,85,0,0,14.17,85,0,70.83333333333334,0,0,70.83333333333334
#32618,2026-07,Counted,36,0,3.95,6.66,39.95,0,30,0,0,30
#32619,2026-07,Counted,78,0,0,13,78,0,65,0,0,65
#32620,2026-07,Counted,15,1.5,3.95,2.91,17.45,0,12.5,1.25,0,11.25
#32621,2026-07,Counted,47,0,3.95,8.49,50.95,0,39.16666666666667,0,0,39.16666666666667
#32622,2026-07,Counted,209,0,0,34.83,209,0,174.1666666666667,0,0,174.1666666666667
#32623,2026-07,Counted,28.8,2.88,3.95,4.98,29.87,0,24,2.4,0,21.6
#32624,2026-07,Counted,129.5,0,0,21.58,129.5,0,107.9166666666667,0,0,107.9166666666667
#32625,2026-07,Counted,32,0,3.95,5.99,35.95,0,26.66666666666667,0,0,26.66666666666667
#32626,2026-07,Counted,15,0,3.95,3.16,18.95,0,12.5,0,0,12.5
#32627,2026-07,Counted,131,0,0,21.83,131,0,109.1666666666667,0,0,109.1666666666667
#32628,2026-07,Counted,14,0,3.95,2.99,17.95,0,11.66666666666667,0,0,11.66666666666667
#32629,2026-07,Counted,9.6,0,3.95,2.26,13.55,0,8,0,0,8
#32630,2026-07,Counted,153,0,0,25.5,153,0,127.5,0,0,127.5
#32631,2026-07,Counted,90,0,0,15,90,0,75,0,0,75
#32632,2026-07,Counted,56,0,0,9.33,56,0,46.66666666666667,0,0,46.66666666666667
#32633,2026-07,Counted,44,0,3.95,7.99,47.95,47.95,36.66666666666667,0,36.66666666666667,0
#32634,2026-07,Counted,114.5,0,0,19.08,114.5,0,95.41666666666667,0,0,95.41666666666667
#32635,2026-07,Counted,94,0,0,15.67,94,0,78.33333333333334,0,0,78.33333333333334
#32636,2026-07,Counted,28,0,3.95,5.33,31.95,0,23.33333333333334,0,0,23.33333333333334
#32637,2026-07,Counted,81,0,0,13.5,81,0,67.5,0,0,67.5
#32638,2026-07,Counted,110,11,0,16.5,99,0,91.66666666666667,9.166666666666668,0,82.5
#32639,2026-07,Counted,36,0,3.95,6.66,39.95,0,30,0,0,30
#32640,2026-07,Counted,22,0,3.95,4.33,25.95,0,18.33333333333334,0,0,18.33333333333334
#32641,2026-07,Counted,48,0,3.95,8.66,51.95,0,40,0,0,40
#32642,2026-07,Counted,146,0,0,24.33,146,0,121.6666666666667,0,0,121.6666666666667
#32643,2026-07,Counted,185,18.5,0,27.75,166.5,0,154.1666666666667,15.41666666666667,0,138.75
#32644,2026-07,Counted,202,0,0,33.67,202,0,168.3333333333333,0,0,168.3333333333333
#32645,2026-07,Counted,104,0,0,17.33,104,0,86.66666666666667,0,0,86.66666666666667
#32646,2026-07,Counted,14,0,3.95,2.99,17.95,0,11.66666666666667,0,0,11.66666666666667
#32647,2026-07,Counted,68,0,0,11.33,68,0,56.66666666666667,0,0,56.66666666666667
#32648,2026-07,Counted,18,0,3.95,3.66,21.95,0,15,0,0,15
#32649,2026-07,Counted,86,0,0,14.33,86,0,71.66666666666667,0,0,71.66666666666667
#32650,2026-07,Counted,24,2.4,3.95,4.26,25.55,0,20,2,0,18
#32651,2026-07,Counted,52,0,0,8.67,52,0,43.33333333333334,0,0,43.33333333333334
#32652,2026-07,Counted,140.6,0,0,23.43,140.6,0,117.1666666666667,0,0,117.1666666666667
#32653,2026-07,Counted,39,0,3.95,7.16,42.95,0,32.5,0,0,32.5
#32654,2026-07,Counted,78,0,0,13,78,0,65,0,0,65
#32655,2026-07,Counted,15,0,3.95,3.16,18.95,0,12.5,0,0,12.5
#32656,2026-07,Counted,16,0,3.95,3.33,19.95,0,13.33333333333333,0,0,13.33333333333333
#32657,2026-07,Counted,114,0,0,19,114,0,95,0,0,95
#32658,2026-07,Counted,191,0,0,31.83,191,0,159.1666666666667,0,0,159.1666666666667
#32659,2026-07,Counted,84,0,0,14,84,0,70,0,0,70
#32660,2026-07,Counted,32,0,3.95,5.99,35.95,0,26.66666666666667,0,0,26.66666666666667
#32661,2026-07,Counted,121,0,0,20.17,121,0,100.8333333333333,0,0,100.8333333333333
#32662,2026-07,Counted,57,0,0,9.5,57,0,47.5,0,0,47.5
#32663,2026-07,Counted,38,0,3.95,6.99,41.95,0,31.66666666666667,0,0,31.66666666666667
#32664,2026-07,Counted,26,2.6,3.95,4.56,27.35,0,21.66666666666667,2.166666666666667,0,19.5
#32665,2026-07,Counted,96,0,0,16,96,0,80,0,0,80
#32666,2026-07,Counted,22.5,0,3.95,4.41,26.45,0,18.75,0,0,18.75
#32667,2026-07,Counted,30,0,3.95,5.66,33.95,0,25,0,0,25
#32668,2026-07,Counted,84,0,0,14,84,0,70,0,0,70
#32669,2026-07,Counted,42,0,3.95,7.66,45.95,0,35,0,0,35
#32670,2026-07,Counted,142,0,0,23.67,142,0,118.3333333333333,0,0,118.3333333333333
#32671,2026-07,Counted,54,0,0,9,54,0,45,0,0,45
#32672,2026-07,Counted,40,4,3.95,6.66,39.95,0,33.33333333333334,3.333333333333333,0,30
#32673,2026-07,Counted,14,1.4,3.95,2.76,16.55,0,11.66666666666667,1.166666666666667,0,10.5
#32674,2026-07,Counted,87,0,0,14.5,87,0,72.5,0,0,72.5
#32675,2026-07,Counted,24,0,3.95,4.66,27.95,0,20,0,0,20
#32676,2026-07,Counted,95,0,0,15.83,95,0,79.16666666666667,0,0,79.16666666666667
#32677,2026-07,Counted,283.5,0,0,47.25,283.5,0,236.25,0,0,236.25
#32678,2026-07,Counted,72,0,0,12,72,0,60,0,0,60
#32679,2026-07,Counted,103,10.3,0,15.45,92.7,0,85.83333333333334,8.583333333333334,0,77.25000000000001
#32680,2026-07,Counted,144,0,0,24,144,0,120,0,0,120
#32681,2026-07,Counted,86,0,0,14.33,86,0,71.66666666666667,0,0,71.66666666666667
#32682,2026-07,Counted,15,0,3.95,3.16,18.95,0,12.5,0,0,12.5
#32683,2026-07,Counted,195,19.5,0,29.25,175.5,0,162.5,16.25,0,146.25
#32684,2026-07,Counted,204,0,0,34,204,0,170,0,0,170
#32685,2026-07,Counted,38,5,3.95,6.16,36.95,0,31.66666666666667,4.166666666666667,0,27.5
#32686,2026-07,Counted,40,0,3.95,7.33,43.95,0,33.33333333333334,0,0,33.33333333333334
#32687,2026-07,Counted,18,0,3.95,3.66,21.95,0,15,0,0,15
#32688,2026-07,Counted,28,0,3.95,5.33,31.95,0,23.33333333333334,0,0,23.33333333333334
#32689,2026-07,Counted,106,0,0,17.67,106,0,88.33333333333334,0,0,88.33333333333334
#32690,2026-07,Counted,127.5,0,0,21.25,127.5,0,106.25,0,0,106.25
#32691,2026-07,Counted,42,0,3.95,7.66,45.95,0,35,0,0,35
#32692,2026-07,Counted,113,0,0,18.83,113,0,94.16666666666667,0,0,94.16666666666667
#32693,2026-07,Counted,12,0,3.95,2.66,15.95,0,10,0,0,10
#32694,2026-07,Counted,62,6.2,0,9.300000000000001,55.8,0,51.66666666666667,5.166666666666667,0,46.50000000000001
#32695,2026-07,Counted,114,11.4,0,17.1,102.6,0,95,9.5,0,85.5
#32696,2026-07,Counted,30,0,3.95,5.66,33.95,0,25,0,0,25
#32697,2026-07,Counted,134,0,0,22.33,134,0,111.6666666666667,0,0,111.6666666666667
#32698,2026-07,Counted,26,0,3.95,4.99,29.95,0,21.66666666666667,0,0,21.66666666666667
#32699,2026-07,Counted,17,0,3.95,3.49,20.95,0,14.16666666666667,0,0,14.16666666666667
#32700,2026-07,Cancelled / voided (never shipped),9,0,3.95,2.16,12.95,12.95,7.5,0,7.5,0
#32701,2026-07,Counted,33,0,3.95,6.16,36.95,0,27.5,0,0,27.5
#32702,2026-07,Counted,29.6,0,3.95,5.59,33.55,33.55,24.66666666666667,0,24.66666666666667,0
#32703,2026-07,Counted,108,0,0,18,108,0,90,0,0,90
#32704,2026-07,Counted,12,0,3.95,2.66,15.95,0,10,0,0,10
#32705,2026-07,Counted,78,0,0,13,78,0,65,0,0,65
#32706,2026-07,Counted,45,0,3.95,8.16,48.95,0,37.5,0,0,37.5
#32707,2026-07,Counted,106,0,0,17.67,106,0,88.33333333333334,0,0,88.33333333333334
#32708,2026-07,Counted,16,0,3.95,3.33,19.95,0,13.33333333333333,0,0,13.33333333333333
#32709,2026-07,Counted,35,0,3.95,6.49,38.95,0,29.16666666666667,0,0,29.16666666666667
#32710,2026-07,Counted,33,0,3.95,6.16,36.95,0,27.5,0,0,27.5
#32711,2026-07,Counted,22,0,3.95,4.33,25.95,0,18.33333333333334,0,0,18.33333333333334
#32712,2026-07,Counted,54,0,0,9,54,0,45,0,0,45
#32713,2026-07,Counted,195,0,0,32.5,195,0,162.5,0,0,162.5
#32714,2026-07,Counted,51,0,0,8.5,51,0,42.5,0,0,42.5
#32715,2026-07,Counted,46,0,3.95,8.33,49.95,49.95,38.33333333333334,0,38.33333333333334,0
#32716,2026-07,Counted,30,0,3.95,5.66,33.95,0,25,0,0,25
#32717,2026-07,Counted,103.5,0,0,17.25,103.5,0,86.25,0,0,86.25
#32718,2026-07,Counted,72,0,0,12,72,0,60,0,0,60
#32719,2026-07,Counted,79,0,0,13.17,79,0,65.83333333333334,0,0,65.83333333333334
#32720,2026-07,Counted,15,0,3.95,3.16,18.95,0,12.5,0,0,12.5
#32721,2026-07,Counted,20,0,3.95,3.99,23.95,0,16.66666666666667,0,0,16.66666666666667
#32722,2026-07,Counted,28,0,3.95,5.33,31.95,9.59,23.33333333333334,0,7.991666666666667,15.34166666666667
#32723,2026-07,Test order,57,0,0,9.5,57,0,47.5,0,0,47.5
#32724,2026-07,Counted,136.5,13.65,0,20.48,122.85,0,113.75,11.375,0,102.375
#32725,2026-07,Counted,155,0,0,25.83,155,0,129.1666666666667,0,0,129.1666666666667
#32726,2026-07,Counted,104,0,0,17.33,104,0,86.66666666666667,0,0,86.66666666666667
#32727,2026-07,Counted,79,0,0,13.17,79,0,65.83333333333334,0,0,65.83333333333334
#32728,2026-07,Counted,19,1.9,3.95,3.51,21.05,0,15.83333333333333,1.583333333333333,0,14.25
#32729,2026-07,Counted,93,0,0,15.5,93,0,77.5,0,0,77.5
#32730,2026-07,Counted,83,0,0,13.83,83,0,69.16666666666667,0,0,69.16666666666667
#32731,2026-07,Counted,78,0,0,13,78,0,65,0,0,65
#32732,2026-07,Counted,79,0,0,13.17,79,0,65.83333333333334,0,0,65.83333333333334
#32733,2026-07,Counted,28,0,3.95,5.33,31.95,0,23.33333333333334,0,0,23.33333333333334
#32734,2026-07,Counted,155.5,0,0,25.92,155.5,77.75,129.5833333333333,0,64.79166666666667,64.79166666666667
#32735,2026-07,Counted,51,0,0,8.5,51,0,42.5,0,0,42.5
#32736,2026-07,Counted,204,0,0,34,204,0,170,0,0,170
#32737,2026-07,Counted,131,13.1,0,19.65,117.9,0,109.1666666666667,10.91666666666667,0,98.25
#32738,2026-07,Counted,21,0,3.95,4.16,24.95,0,17.5,0,0,17.5
#32739,2026-07,Counted,38,0,3.95,6.99,41.95,0,31.66666666666667,0,0,31.66666666666667
#32740,2026-07,Counted,74,7.4,0,11.1,66.59999999999999,0,61.66666666666667,6.166666666666667,0,55.50000000000001
#32741,2026-07,Counted,54,0,0,9,54,0,45,0,0,45
#32742,2026-07,Counted,46,0,3.95,8.33,49.95,0,38.33333333333334,0,0,38.33333333333334
#32743,2026-07,Counted,15,0,3.95,3.16,18.95,0,12.5,0,0,12.5
#32744,2026-07,Counted,66,0,0,11,66,0,55,0,0,55
#32745,2026-07,Counted,130,0,0,21.67,130,0,108.3333333333333,0,0,108.3333333333333
#32746,2026-07,Counted,65,0,0,10.83,65,0,54.16666666666667,0,0,54.16666666666667
#32747,2026-07,Counted,28,5,3.95,4.49,26.95,0,23.33333333333334,4.166666666666667,0,19.16666666666667
#32748,2026-07,Counted,72,0,0,12,72,0,60,0,0,60
#32749,2026-07,Counted,11,0,3.95,2.49,14.95,0,9.166666666666668,0,0,9.166666666666668
#32750,2026-07,Counted,22,0,3.95,4.33,25.95,0,18.33333333333334,0,0,18.33333333333334
#32751,2026-07,Counted,26,0,3.95,4.99,29.95,0,21.66666666666667,0,0,21.66666666666667
#32752,2026-07,Counted,160,0,0,26.67,160,0,133.3333333333333,0,0,133.3333333333333
#32753,2026-07,Counted,106,0,0,17.67,106,0,88.33333333333334,0,0,88.33333333333334
#32754,2026-07,Counted,11,0,3.95,2.49,14.95,0,9.166666666666668,0,0,9.166666666666668
#32755,2026-07,Counted,54,0,0,9,54,0,45,0,0,45
#32756,2026-07,Counted,12,0,3.95,2.66,15.95,0,10,0,0,10
#32757,2026-07,Counted,84,0,0,14,84,0,70,0,0,70
#32758,2026-07,Counted,33.5,0,3.95,6.24,37.45,0,27.91666666666667,0,0,27.91666666666667
#32759,2026-07,Counted,30,0,3.95,5.66,33.95,10.19,25,0,8.491666666666667,16.50833333333333
#32760,2026-07,Counted,15,0,3.95,3.16,18.95,0,12.5,0,0,12.5
#32761,2026-07,Counted,31,0,3.95,5.83,34.95,0,25.83333333333334,0,0,25.83333333333334
#32762,2026-07,Test order,57,0,0,9.5,57,0,47.5,0,0,47.5
#32763,2026-07,Counted,17,0,3.95,3.49,20.95,0,14.16666666666667,0,0,14.16666666666667
#32764,2026-07,Counted,173,0,0,28.83,173,0,144.1666666666667,0,0,144.1666666666667
#32765,2026-07,Counted,72,0,0,12,72,0,60,0,0,60
#32766,2026-07,Counted,169,0,0,28.17,169,0,140.8333333333333,0,0,140.8333333333333
#32767,2026-07,Counted,12,0,3.95,2.66,15.95,0,10,0,0,10
#32768,2026-07,Counted,54.5,0,0,9.08,54.5,0,45.41666666666667,0,0,45.41666666666667
#32769,2026-07,Counted,78,0,0,13,78,0,65,0,0,65
#32770,2026-07,Counted,72,0,0,12,72,0,60,0,0,60
#32771,2026-07,Counted,42,0,3.95,7.66,45.95,45.95,35,0,35,0
#32772,2026-07,Counted,49,0,3.95,8.83,52.95,0,40.83333333333334,0,0,40.83333333333334
#32773,2026-07,Counted,148,0,0,24.67,148,0,123.3333333333333,0,0,123.3333333333333
#32774,2026-07,Counted,21,0,3.95,4.16,24.95,0,17.5,0,0,17.5
#32775,2026-07,Counted,64,0,0,10.67,64,19.2,53.33333333333334,0,16,37.33333333333334
#32776,2026-07,Counted,161,0,0,26.83,161,0,134.1666666666667,0,0,134.1666666666667
#32777,2026-07,Counted,15,0,3.95,3.16,18.95,0,12.5,0,0,12.5
#32778,2026-07,Counted,60,6,0,9,54,0,50,5,0,45
#32779,2026-07,Counted,118,0,0,19.67,118,0,98.33333333333334,0,0,98.33333333333334
#32780,2026-07,Counted,74,0,0,12.33,74,0,61.66666666666667,0,0,61.66666666666667
#32781,2026-07,Counted,40.5,0,3.95,7.41,44.45,13.34,33.75,0,11.11666666666667,22.63333333333333
#32782,2026-07,Counted,29,0,3.95,5.49,32.95,0,24.16666666666667,0,0,24.16666666666667
#32783,2026-07,Counted,98,0,0,16.33,98,0,81.66666666666667,0,0,81.66666666666667
#32784,2026-07,Counted,36,0,3.95,6.66,39.95,0,30,0,0,30
#32785,2026-07,Counted,80,0,0,13.33,80,0,66.66666666666667,0,0,66.66666666666667
#32786,2026-07,Counted,155,0,0,25.83,155,0,129.1666666666667,0,0,129.1666666666667
#32787,2026-07,Counted,54,0,0,9,54,0,45,0,0,45
#32788,2026-07,Counted,56,0,0,9.33,56,0,46.66666666666667,0,0,46.66666666666667
#32789,2026-07,Counted,127,0,0,21.17,127,0,105.8333333333333,0,0,105.8333333333333
#32790,2026-07,Counted,102,0,0,17,102,0,85,0,0,85
#32791,2026-07,Counted,45.5,0,3.95,8.24,49.45,0,37.91666666666667,0,0,37.91666666666667
#32792,2026-07,Counted,99,0,0,16.5,99,0,82.5,0,0,82.5
#32793,2026-07,Counted,38,0,3.95,6.99,41.95,0,31.66666666666667,0,0,31.66666666666667
#32794,2026-07,Counted,24,0,3.95,4.66,27.95,0,20,0,0,20
#32795,2026-07,Counted,153,15.3,0,22.95,137.7,0,127.5,12.75,0,114.75
#32796,2026-07,Counted,42,0,3.95,7.66,45.95,0,35,0,0,35
#32797,2026-07,Counted,20,0,3.95,3.99,23.95,0,16.66666666666667,0,0,16.66666666666667
#32798,2026-07,Counted,66,0,0,11,66,0,55,0,0,55
#32799,2026-07,Counted,22.5,0,3.95,4.41,26.45,0,18.75,0,0,18.75
#32800,2026-07,Counted,7.5,0,3.95,1.91,11.45,0,6.25,0,0,6.25
#32801,2026-07,Counted,7.5,0,3.95,1.91,11.45,0,6.25,0,0,6.25
#32802,2026-07,Counted,261,0,0,43.5,261,0,217.5,0,0,217.5
#32803,2026-07,Counted,71.5,0,0,11.92,71.5,0,59.58333333333334,0,0,59.58333333333334
#32804,2026-07,Counted,166,0,0,27.67,166,0,138.3333333333333,0,0,138.3333333333333
#32805,2026-07,Counted,128,0,0,21.33,128,0,106.6666666666667,0,0,106.6666666666667
#32806,2026-07,Counted,128,0,0,21.33,128,0,106.6666666666667,0,0,106.6666666666667
#32807,2026-07,Counted,16,0,3.95,3.33,19.95,0,13.33333333333333,0,0,13.33333333333333
#32808,2026-07,Counted,122,0,0,20.33,122,0,101.6666666666667,0,0,101.6666666666667
#32809,2026-07,Counted,63,0,0,10.5,63,0,52.5,0,0,52.5
#32810,2026-07,Counted,46,0,3.95,8.33,49.95,0,38.33333333333334,0,0,38.33333333333334
#32811,2026-07,Counted,18,0,3.95,3.66,21.95,0,15,0,0,15
#32812,2026-07,Counted,30,3,3.95,5.16,30.95,0,25,2.5,0,22.5
#32813,2026-07,Counted,105,0,0,17.5,105,0,87.5,0,0,87.5
#32814,2026-07,Counted,57,5.7,0,8.550000000000001,51.3,10.26,47.5,4.75,8.550000000000001,34.2
#32815,2026-07,Counted,46,4.6,3.95,7.56,45.35,0,38.33333333333334,3.833333333333333,0,34.5
#32816,2026-07,Counted,27,0,3.95,5.16,30.95,0,22.5,0,0,22.5
#32817,2026-07,Counted,128,0,0,21.33,128,0,106.6666666666667,0,0,106.6666666666667
#32818,2026-07,Counted,11,0,3.95,2.49,14.95,0,9.166666666666668,0,0,9.166666666666668
#32819,2026-07,Counted,22.5,0,3.95,4.41,26.45,0,18.75,0,0,18.75
#32820,2026-07,Counted,192,0,0,32,192,0,160,0,0,160
#32821,2026-07,Counted,63,6.3,0,9.449999999999999,56.7,0,52.5,5.25,0,47.25
#32822,2026-07,Counted,21,2.1,3.95,3.81,22.85,0,17.5,1.75,0,15.75
#32823,2026-07,Counted,259,0,0,43.17,259,0,215.8333333333333,0,0,215.8333333333333
#32824,2026-07,Counted,41,0,3.95,7.49,44.95,0,34.16666666666667,0,0,34.16666666666667
#32825,2026-07,Counted,101,0,0,16.83,101,0,84.16666666666667,0,0,84.16666666666667
#32826,2026-07,Counted,11,0,3.95,2.49,14.95,0,9.166666666666668,0,0,9.166666666666668
#32827,2026-07,Counted,108,0,0,18,108,0,90,0,0,90
#32828,2026-07,Counted,174,0,0,29,174,0,145,0,0,145
#32829,2026-07,Counted,52,0,0,8.67,52,0,43.33333333333334,0,0,43.33333333333334
#32830,2026-07,Counted,28,0,3.95,5.33,31.95,0,23.33333333333334,0,0,23.33333333333334
#32831,2026-08,Counted,36,0,3.95,6.66,39.95,0,30,0,0,30
#32832,2026-08,Counted,141,5,0,22.67,136,0,117.5,4.166666666666667,0,113.3333333333333
#32833,2026-08,Counted,232,0,0,38.67,232,0,193.3333333333333,0,0,193.3333333333333
#32834,2026-08,Counted,28,2.8,3.95,4.86,29.15,5.83,23.33333333333334,2.333333333333333,4.858333333333333,16.14166666666667
#32835,2026-08,Counted,26,0,3.95,4.99,29.95,0,21.66666666666667,0,0,21.66666666666667
#32836,2026-08,Counted,7.5,0,3.95,1.91,11.45,0,6.25,0,0,6.25
#32837,2026-08,Counted,100,0,0,16.67,100,0,83.33333333333334,0,0,83.33333333333334
#32838,2026-08,Counted,84,8.4,0,12.6,75.59999999999999,0,70,7.000000000000001,0,63
#32839,2026-08,Counted,27,0,3.95,5.16,30.95,0,22.5,0,0,22.5
#32840,2026-08,Counted,23.5,0,3.95,4.58,27.45,0,19.58333333333334,0,0,19.58333333333334
#32841,2026-08,Counted,44,4.4,3.95,7.26,43.55,0,36.66666666666667,3.666666666666667,0,33.00000000000001
#32842,2026-08,Counted,49,0,3.95,8.83,52.95,0,40.83333333333334,0,0,40.83333333333334
#32843,2026-08,Counted,51,0,0,8.5,51,51,42.5,0,42.5,0
#32844,2026-08,Counted,22,0,3.95,4.33,25.95,0,18.33333333333334,0,0,18.33333333333334
#32845,2026-08,Counted,78,0,0,13,78,0,65,0,0,65
#32846,2026-08,Counted,90,0,0,15,90,0,75,0,0,75
#32847,2026-08,Counted,24,0,3.95,4.66,27.95,0,20,0,0,20
#32848,2026-08,Counted,20,0,3.95,3.99,23.95,0,16.66666666666667,0,0,16.66666666666667
#32849,2026-08,Counted,140,0,0,23.33,140,70,116.6666666666667,0,58.33333333333334,58.33333333333334
#32850,2026-08,Counted,20,0,3.95,3.99,23.95,0,16.66666666666667,0,0,16.66666666666667
#32851,2026-08,Counted,90,9,0,13.5,81,0,75,7.5,0,67.5
#32852,2026-08,Counted,104,0,0,17.33,104,0,86.66666666666667,0,0,86.66666666666667
#32853,2026-08,Counted,114,0,0,19,114,0,95,0,0,95
#32854,2026-08,Cancelled / voided (never shipped),138,0,0,23,138,0,115,0,0,115
#32855,2026-08,Counted,111.5,0,0,18.58,111.5,0,92.91666666666667,0,0,92.91666666666667
#32856,2026-08,Counted,30,0,3.95,5.66,33.95,0,25,0,0,25
#32857,2026-08,Counted,145,0,0,24.17,145,0,120.8333333333333,0,0,120.8333333333333
#32858,2026-08,Counted,16,0,3.95,3.33,19.95,19.95,13.33333333333333,0,13.33333333333333,0
#32859,2026-08,Counted,21,0,3.95,4.16,24.95,0,17.5,0,0,17.5
#32860,2026-08,Counted,63,6.3,0,9.449999999999999,56.7,0,52.5,5.25,0,47.25
#32861,2026-08,Counted,7.5,0,3.95,1.91,11.45,0,6.25,0,0,6.25
#32862,2026-08,Counted,37,0,3.95,6.83,40.95,0,30.83333333333334,0,0,30.83333333333334
#32863,2026-08,Counted,72.5,0,0,12.08,72.5,0,60.41666666666667,0,0,60.41666666666667
#32864,2026-08,Counted,150.5,0,0,25.08,150.5,0,125.4166666666667,0,0,125.4166666666667
#32865,2026-08,Counted,54,0,0,9,54,0,45,0,0,45
#32866,2026-08,Counted,64,0,0,10.67,64,0,53.33333333333334,0,0,53.33333333333334
#32867,2026-08,Counted,51,0,0,8.5,51,0,42.5,0,0,42.5
#32868,2026-08,Counted,82,0,0,13.67,82,0,68.33333333333334,0,0,68.33333333333334
#32869,2026-08,Counted,44,4.4,3.95,7.26,43.55,8.710000000000001,36.66666666666667,3.666666666666667,7.258333333333335,25.74166666666667
#32870,2026-08,Counted,141,0,0,23.5,141,0,117.5,0,0,117.5
#32871,2026-08,Counted,128.5,0,0,21.42,128.5,0,107.0833333333333,0,0,107.0833333333333
#32872,2026-08,Test order,75.59999999999999,0,0,12.6,75.59999999999999,0,63,0,0,63
#32873,2026-08,Counted,115,11.5,0,17.25,103.5,51.75,95.83333333333334,9.583333333333334,43.125,43.12500000000001
#32874,2026-08,Counted,7.5,0,3.95,1.91,11.45,0,6.25,0,0,6.25
#32875,2026-08,Counted,76,0,0,12.67,76,0,63.33333333333334,0,0,63.33333333333334
#32876,2026-08,Counted,85,0,0,14.17,85,0,70.83333333333334,0,0,70.83333333333334
#32877,2026-08,Counted,115,0,0,19.17,115,0,95.83333333333334,0,0,95.83333333333334
#32878,2026-08,Counted,75.5,5,0,11.75,70.5,0,62.91666666666667,4.166666666666667,0,58.75000000000001
#32879,2026-08,Counted,108,0,0,18,108,0,90,0,0,90
#32880,2026-08,Counted,72,5,0,11.17,67,0,60,4.166666666666667,0,55.83333333333334
#32881,2026-08,Counted,60,0,0,10,60,0,50,0,0,50
#32882,2026-08,Counted,20,0,3.95,3.99,23.95,0,16.66666666666667,0,0,16.66666666666667
#32883,2026-08,Counted,72,7.2,0,10.8,64.8,0,60,6,0,54
#32884,2026-08,Counted,65,6.5,0,9.75,58.5,0,54.16666666666667,5.416666666666667,0,48.75000000000001
#32885,2026-08,Counted,137,0,0,22.83,137,0,114.1666666666667,0,0,114.1666666666667
#32886,2026-08,Counted,46,0,3.95,8.33,49.95,0,38.33333333333334,0,0,38.33333333333334
#32887,2026-08,Counted,60.5,0,0,10.08,60.5,0,50.41666666666667,0,0,50.41666666666667
#32888,2026-08,Counted,42,0,3.95,7.66,45.95,0,35,0,0,35
#32889,2026-08,Counted,37.5,3.75,3.95,6.28,37.7,0,31.25,3.125,0,28.125
#32890,2026-08,Counted,22,0,3.95,4.33,25.95,0,18.33333333333334,0,0,18.33333333333334
#32891,2026-08,Counted,19,0,3.95,3.83,22.95,0,15.83333333333333,0,0,15.83333333333333
#32892,2026-08,Counted,18,0,3.95,3.66,21.95,0,15,0,0,15
#32893,2026-08,Counted,93,0,0,15.5,93,0,77.5,0,0,77.5
#32894,2026-08,Counted,40,0,3.95,7.33,43.95,0,33.33333333333334,0,0,33.33333333333334
#32895,2026-08,Counted,50,5,3.95,8.16,48.95,0,41.66666666666667,4.166666666666667,0,37.50000000000001
#32896,2026-08,Counted,40,0,3.95,7.33,43.95,0,33.33333333333334,0,0,33.33333333333334
#32897,2026-08,Counted,12,0,3.95,2.66,15.95,0,10,0,0,10
#32898,2026-08,Counted,28,0,3.95,5.33,31.95,0,23.33333333333334,0,0,23.33333333333334
#32899,2026-08,Counted,136,0,0,22.67,136,0,113.3333333333333,0,0,113.3333333333333
#32900,2026-08,Counted,213.6,0,0,35.6,213.6,0,178,0,0,178
#32901,2026-08,Counted,109,0,0,18.17,109,0,90.83333333333334,0,0,90.83333333333334
#32902,2026-08,Counted,64,0,0,10.67,64,0,53.33333333333334,0,0,53.33333333333334
#32903,2026-08,Counted,22,0,3.95,4.33,25.95,0,18.33333333333334,0,0,18.33333333333334
#32904,2026-08,Counted,90,9,0,13.5,81,0,75,7.5,0,67.5
#32905,2026-08,Counted,70,0,0,11.67,70,0,58.33333333333334,0,0,58.33333333333334
#32906,2026-08,Counted,51.5,0,0,8.58,51.5,0,42.91666666666667,0,0,42.91666666666667
#32907,2026-08,Counted,34,5,3.95,5.49,32.95,0,28.33333333333334,4.166666666666667,0,24.16666666666667
#32908,2026-08,Counted,70,0,0,11.67,70,0,58.33333333333334,0,0,58.33333333333334
#32909,2026-08,Counted,96,0,0,16,96,0,80,0,0,80
#32910,2026-08,Counted,115,0,0,19.17,115,0,95.83333333333334,0,0,95.83333333333334
#32911,2026-08,Counted,15,0,3.95,3.16,18.95,0,12.5,0,0,12.5
#32912,2026-08,Counted,51,0,0,8.5,51,0,42.5,0,0,42.5
#32913,2026-08,Counted,111,11.1,0,16.65,99.90000000000001,0,92.5,9.25,0,83.25
#32914,2026-08,Counted,53.5,0,0,8.92,53.5,0,44.58333333333334,0,0,44.58333333333334
#32915,2026-08,Counted,129.5,0,0,21.58,129.5,0,107.9166666666667,0,0,107.9166666666667
#32916,2026-08,Counted,38,0,3.95,6.99,41.95,0,31.66666666666667,0,0,31.66666666666667
#32917,2026-08,Test order,94,0,0,15.67,94,0,78.33333333333334,0,0,78.33333333333334
#32918,2026-08,Counted,95,0,0,15.83,95,95,79.16666666666667,0,79.16666666666667,0
#32919,2026-08,Counted,101,0,0,16.83,101,0,84.16666666666667,0,0,84.16666666666667
#32920,2026-08,Counted,117,0,0,19.5,117,0,97.5,0,0,97.5
#32921,2026-08,Counted,11,0,3.95,2.49,14.95,0,9.166666666666668,0,0,9.166666666666668
#32922,2026-08,Counted,94.5,0,0,15.75,94.5,0,78.75,0,0,78.75
#32923,2026-08,Counted,132,0,0,22,132,0,110,0,0,110
#32924,2026-08,Counted,36,0,3.95,6.66,39.95,0,30,0,0,30
#32925,2026-08,Counted,72,0,0,12,72,0,60,0,0,60
#32926,2026-08,Counted,26,2.6,3.95,4.56,27.35,0,21.66666666666667,2.166666666666667,0,19.5
#32927,2026-08,Counted,32,0,3.95,5.99,35.95,0,26.66666666666667,0,0,26.66666666666667
#32928,2026-08,Counted,87,0,0,14.5,87,0,72.5,0,0,72.5
#32929,2026-08,Counted,49,0,3.95,8.83,52.95,0,40.83333333333334,0,0,40.83333333333334
#32930,2026-08,Counted,20,0,3.95,3.99,23.95,0,16.66666666666667,0,0,16.66666666666667
#32931,2026-08,Counted,97,9.699999999999999,0,14.55,87.3,0,80.83333333333334,8.083333333333334,0,72.75000000000001
#32932,2026-08,Counted,76,0,0,12.67,76,0,63.33333333333334,0,0,63.33333333333334
#32933,2026-08,Counted,69,0,0,11.5,69,0,57.5,0,0,57.5
#32934,2026-08,Counted,25,0,3.95,4.83,28.95,0,20.83333333333334,0,0,20.83333333333334
#32935,2026-08,Counted,170,17,0,25.5,153,0,141.6666666666667,14.16666666666667,0,127.5
#32936,2026-08,Counted,60,0,0,10,60,0,50,0,0,50
#32937,2026-08,Counted,98,0,0,16.33,98,0,81.66666666666667,0,0,81.66666666666667
#32938,2026-08,Counted,111,0,0,18.5,111,0,92.5,0,0,92.5
#32939,2026-08,Counted,11,0,3.95,2.49,14.95,0,9.166666666666668,0,0,9.166666666666668
#32940,2026-08,Counted,147.6,0,0,24.6,147.6,0,123,0,0,123
#32941,2026-08,Counted,204,0,0,34,204,0,170,0,0,170
#32942,2026-08,Counted,36,0,3.95,6.66,39.95,0,30,0,0,30
#32943,2026-08,Counted,30,0,3.95,5.66,33.95,0,25,0,0,25
#32944,2026-08,Counted,51,0,0,8.5,51,0,42.5,0,0,42.5
#32945,2026-08,Counted,72,0,0,12,72,0,60,0,0,60
#32946,2026-08,Counted,31,0,3.95,5.83,34.95,0,25.83333333333334,0,0,25.83333333333334
#32947,2026-08,Counted,51,0,0,8.5,51,0,42.5,0,0,42.5
#32948,2026-08,Counted,36,0,3.95,6.66,39.95,0,30,0,0,30
#32949,2026-08,Counted,95,0,0,15.83,95,0,79.16666666666667,0,0,79.16666666666667
#32950,2026-08,Counted,164,0,0,27.33,164,0,136.6666666666667,0,0,136.6666666666667
#32951,2026-08,Counted,74,0,0,12.33,74,0,61.66666666666667,0,0,61.66666666666667
#32952,2026-08,Counted,122,0,0,20.33,122,0,101.6666666666667,0,0,101.6666666666667
#32953,2026-08,Counted,58.5,5.85,0,8.779999999999999,52.65,0,48.75,4.875,0,43.875
#32954,2026-08,Counted,83,0,0,13.83,83,0,69.16666666666667,0,0,69.16666666666667
#32955,2026-08,Counted,116,0,0,19.33,116,0,96.66666666666667,0,0,96.66666666666667
#32956,2026-08,Counted,12,0,3.95,2.66,15.95,0,10,0,0,10
#32957,2026-08,Counted,15,0,3.95,3.16,18.95,0,12.5,0,0,12.5
#32958,2026-08,Counted,170,0,0,28.33,170,0,141.6666666666667,0,0,141.6666666666667
#32959,2026-08,Counted,74,0,0,12.33,74,0,61.66666666666667,0,0,61.66666666666667
#32960,2026-08,Counted,137,0,0,22.83,137,0,114.1666666666667,0,0,114.1666666666667
#32961,2026-08,Counted,120,0,0,20,120,60,100,0,50,50
#32962,2026-08,Counted,79,0,0,13.17,79,0,65.83333333333334,0,0,65.83333333333334
#32963,2026-08,Counted,31,0,3.95,5.83,34.95,10.49,25.83333333333334,0,8.741666666666667,17.09166666666667
#32964,2026-08,Counted,32,0,3.95,5.99,35.95,0,26.66666666666667,0,0,26.66666666666667
#32965,2026-08,Counted,22,0,3.95,4.33,25.95,0,18.33333333333334,0,0,18.33333333333334
#32966,2026-08,Counted,78.5,0,0,13.08,78.5,0,65.41666666666667,0,0,65.41666666666667
#32967,2026-08,Counted,54,0,0,9,54,0,45,0,0,45
#32968,2026-08,Counted,54,0,0,9,54,0,45,0,0,45
#32969,2026-08,Counted,97,0,0,16.17,97,48.5,80.83333333333334,0,40.41666666666667,40.41666666666667
#32970,2026-08,Counted,48,0,3.95,8.66,51.95,0,40,0,0,40
#32971,2026-08,Counted,14,1.4,3.95,2.76,16.55,0,11.66666666666667,1.166666666666667,0,10.5
#32972,2026-08,Counted,113,0,0,18.83,113,0,94.16666666666667,0,0,94.16666666666667
#32973,2026-08,Counted,49,0,3.95,8.83,52.95,0,40.83333333333334,0,0,40.83333333333334
#32974,2026-08,Counted,18,0,3.95,3.66,21.95,0,15,0,0,15
#32975,2026-08,Counted,32,3.2,3.95,5.46,32.75,0,26.66666666666667,2.666666666666667,0,24
#32976,2026-08,Counted,121,0,0,20.17,121,0,100.8333333333333,0,0,100.8333333333333
#32977,2026-08,Counted,28,0,3.95,5.33,31.95,0,23.33333333333334,0,0,23.33333333333334
#32978,2026-08,Counted,90,0,0,15,90,0,75,0,0,75
#32979,2026-08,Counted,36,3.6,3.95,6.06,36.35,0,30,3,0,27
#32980,2026-08,Counted,48,0,3.95,8.66,51.95,0,40,0,0,40
#32981,2026-08,Counted,37,0,3.95,6.83,40.95,0,30.83333333333334,0,0,30.83333333333334
#32982,2026-08,Counted,39,0,3.95,7.16,42.95,0,32.5,0,0,32.5
#32983,2026-08,Counted,207,0,0,34.5,207,0,172.5,0,0,172.5
#32984,2026-08,Counted,84,0,0,14,84,0,70,0,0,70
#32985,2026-08,Counted,61,0,0,10.17,61,0,50.83333333333334,0,0,50.83333333333334
#32986,2026-08,Counted,63,0,0,10.5,63,0,52.5,0,0,52.5
#32987,2026-08,Counted,11,0,3.95,2.49,14.95,0,9.166666666666668,0,0,9.166666666666668
#32988,2026-08,Counted,18,0,3.95,3.66,21.95,0,15,0,0,15
#32989,2026-08,Counted,120,0,0,20,120,0,100,0,0,100
#32990,2026-08,Counted,125,12.5,0,18.75,112.5,0,104.1666666666667,10.41666666666667,0,93.75
#32991,2026-08,Counted,96,0,0,16,96,0,80,0,0,80
#32992,2026-08,Counted,42,0,3.95,7.66,45.95,0,35,0,0,35
#32993,2026-08,Cancelled / voided (never shipped),93.5,0,0,15.58,93.5,0,77.91666666666667,0,0,77.91666666666667
#32994,2026-08,Counted,71.5,0,0,11.92,71.5,0,59.58333333333334,0,0,59.58333333333334
#32995,2026-08,Counted,9,0,3.95,2.16,12.95,0,7.5,0,0,7.5
#32996,2026-08,Counted,114,0,0,19,114,0,95,0,0,95
#32997,2026-08,Counted,81,8.1,0,12.15,72.90000000000001,0,67.5,6.75,0,60.75
#32998,2026-08,Counted,158,0,0,26.33,158,0,131.6666666666667,0,0,131.6666666666667
#32999,2026-08,Counted,44.5,4.45,3.95,7.33,44,0,37.08333333333334,3.708333333333333,0,33.375
#33000,2026-08,Counted,17,0,3.95,3.49,20.95,0,14.16666666666667,0,0,14.16666666666667
#33001,2026-08,Counted,19,0,3.95,3.83,22.95,0,15.83333333333333,0,0,15.83333333333333
#33002,2026-08,Counted,90,0,0,15,90,0,75,0,0,75
#33003,2026-08,Counted,78,0,0,13,78,0,65,0,0,65
#33004,2026-08,Counted,14,0,3.95,2.99,17.95,0,11.66666666666667,0,0,11.66666666666667
#33005,2026-08,Counted,130.6,0,0,21.77,130.6,0,108.8333333333333,0,0,108.8333333333333
#33006,2026-08,Counted,28,0,3.95,5.33,31.95,0,23.33333333333334,0,0,23.33333333333334
#33007,2026-08,Counted,14,0,3.95,2.99,17.95,0,11.66666666666667,0,0,11.66666666666667
#33008,2026-08,Counted,32,0,3.95,5.99,35.95,0,26.66666666666667,0,0,26.66666666666667
#33009,2026-08,Counted,18,0,3.95,3.66,21.95,0,15,0,0,15
#33010,2026-08,Counted,16.5,0,3.95,3.41,20.45,0,13.75,0,0,13.75
#33011,2026-08,Counted,72,0,0,12,72,0,60,0,0,60
#33012,2026-08,Counted,58,0,0,9.67,58,0,48.33333333333334,0,0,48.33333333333334
#33013,2026-08,Counted,27,0,3.95,5.16,30.95,0,22.5,0,0,22.5
#33014,2026-08,Counted,127,0,0,21.17,127,0,105.8333333333333,0,0,105.8333333333333
#33015,2026-08,Counted,21,0,3.95,4.16,24.95,0,17.5,0,0,17.5
#33016,2026-08,Counted,114,0,0,19,114,0,95,0,0,95
#33017,2026-08,Counted,126,0,0,21,126,0,105,0,0,105
#33018,2026-08,Counted,45,0,3.95,8.16,48.95,0,37.5,0,0,37.5
#33019,2026-08,Counted,38,0,3.95,6.99,41.95,0,31.66666666666667,0,0,31.66666666666667
#33020,2026-08,Counted,54,0,0,9,54,0,45,0,0,45
#33021,2026-08,Counted,366,0,0,61,366,0,305,0,0,305
#33022,2026-08,Counted,154,15.4,0,23.1,138.6,0,128.3333333333333,12.83333333333333,0,115.5
#33023,2026-08,Counted,108,0,0,18,108,21.6,90,0,18,72
#33024,2026-08,Counted,42,4.2,3.95,6.96,41.75,0,35,3.5,0,31.5
#33025,2026-08,Counted,35,0,3.95,6.49,38.95,0,29.16666666666667,0,0,29.16666666666667
#33026,2026-08,Counted,60,0,0,10,60,0,50,0,0,50
#33027,2026-08,Counted,20,0,3.95,3.99,23.95,0,16.66666666666667,0,0,16.66666666666667
#33028,2026-08,Counted,90,0,0,15,90,0,75,0,0,75
#33029,2026-08,Counted,92,0,0,15.33,92,0,76.66666666666667,0,0,76.66666666666667
#33030,2026-08,Counted,80.5,0,0,13.42,80.5,0,67.08333333333334,0,0,67.08333333333334
#33031,2026-08,Counted,66,0,0,11,66,66,55,0,55,0
#33032,2026-08,Counted,43,0,3.95,7.83,46.95,0,35.83333333333334,0,0,35.83333333333334
#33033,2026-08,Counted,60,0,0,10,60,0,50,0,0,50
#33034,2026-08,Counted,48,0,3.95,8.66,51.95,0,40,0,0,40
#33035,2026-08,Counted,45,0,3.95,8.16,48.95,0,37.5,0,0,37.5
#33036,2026-08,Counted,38,0,3.95,6.99,41.95,0,31.66666666666667,0,0,31.66666666666667
#33037,2026-08,Counted,21,0,3.95,4.16,24.95,0,17.5,0,0,17.5
#33038,2026-08,Counted,31.5,0,3.95,5.91,35.45,0,26.25,0,0,26.25
#33039,2026-08,Counted,181,0,0,30.17,181,0,150.8333333333333,0,0,150.8333333333333
#33040,2026-08,Counted,48.5,0,3.95,8.74,52.45,0,40.41666666666667,0,0,40.41666666666667
#33041,2026-08,Counted,140.5,0,0,23.42,140.5,140.5,117.0833333333333,0,117.0833333333333,0
#33042,2026-08,Counted,76,0,0,12.67,76,0,63.33333333333334,0,0,63.33333333333334
#33043,2026-08,Counted,143.5,0,0,23.92,143.5,0,119.5833333333333,0,0,119.5833333333333
#33044,2026-08,Counted,24,5,3.95,3.83,22.95,0,20,4.166666666666667,0,15.83333333333333
#33045,2026-08,Counted,99,0,0,16.5,99,0,82.5,0,0,82.5
#33046,2026-08,Counted,15,0,3.95,3.16,18.95,0,12.5,0,0,12.5
#33047,2026-08,Counted,86,8.6,0,12.9,77.40000000000001,0,71.66666666666667,7.166666666666667,0,64.5
#33048,2026-08,Counted,27,5,3.95,4.33,25.95,0,22.5,4.166666666666667,0,18.33333333333333
#33049,2026-08,Counted,91,0,0,15.17,91,91,75.83333333333334,0,75.83333333333334,0
#33050,2026-08,Counted,108,0,0,18,108,0,90,0,0,90
#33051,2026-08,Counted,66,0,0,11,66,0,55,0,0,55
#33052,2026-08,Counted,125,0,0,20.83,125,0,104.1666666666667,0,0,104.1666666666667
#33053,2026-08,Counted,79,0,0,13.17,79,0,65.83333333333334,0,0,65.83333333333334
#33054,2026-08,Counted,176,0,0,29.33,176,0,146.6666666666667,0,0,146.6666666666667
#33055,2026-08,Counted,165,0,0,27.5,165,0,137.5,0,0,137.5
#33056,2026-08,Counted,32,0,3.95,5.99,35.95,0,26.66666666666667,0,0,26.66666666666667
#33057,2026-08,Counted,54,5,3.95,8.83,52.95,0,45,4.166666666666667,0,40.83333333333334
#33058,2026-08,Counted,124,0,0,20.67,124,0,103.3333333333333,0,0,103.3333333333333
#33059,2026-08,Counted,22,0,3.95,4.33,25.95,0,18.33333333333334,0,0,18.33333333333334
#33060,2026-08,Counted,53,0,0,8.83,53,0,44.16666666666667,0,0,44.16666666666667
#33061,2026-08,Counted,20,0,3.95,3.99,23.95,0,16.66666666666667,0,0,16.66666666666667
#33062,2026-08,Counted,195,19.5,0,29.25,175.5,175.5,162.5,16.25,146.25,0
#33063,2026-08,Counted,154,0,0,25.67,154,46.2,128.3333333333333,0,38.50000000000001,89.83333333333334
#33064,2026-08,Counted,9,0,3.95,2.16,12.95,0,7.5,0,0,7.5
#33065,2026-08,Test order,267,0,0,44.5,267,0,222.5,0,0,222.5
#33066,2026-08,Counted,74,0,0,12.33,74,0,61.66666666666667,0,0,61.66666666666667
#33067,2026-08,Counted,60,0,0,10,60,0,50,0,0,50
#33068,2026-08,Counted,22,0,3.95,4.33,25.95,0,18.33333333333334,0,0,18.33333333333334
#33069,2026-08,Counted,91,0,0,15.17,91,0,75.83333333333334,0,0,75.83333333333334
#33070,2026-08,Counted,57,0,0,9.5,57,0,47.5,0,0,47.5
#33071,2026-08,Counted,145,14.5,0,21.75,130.5,65.25,120.8333333333333,12.08333333333333,54.375,54.37500000000001
#33072,2026-08,Counted,42,4.2,3.95,6.96,41.75,0,35,3.5,0,31.5
#33073,2026-08,Counted,36,0,3.95,6.66,39.95,0,30,0,0,30
#33074,2026-08,Counted,106,0,0,17.67,106,21.2,88.33333333333334,0,17.66666666666667,70.66666666666667
#33075,2026-08,Counted,56,0,0,9.33,56,0,46.66666666666667,0,0,46.66666666666667
#33076,2026-08,Counted,37,0,3.95,6.83,40.95,0,30.83333333333334,0,0,30.83333333333334
#33077,2026-08,Counted,78,5,0,12.17,73,0,65,4.166666666666667,0,60.83333333333334
#33078,2026-08,Counted,39,0,3.95,7.16,42.95,0,32.5,0,0,32.5
#33079,2026-08,Counted,23.6,0,3.95,4.59,27.55,0,19.66666666666667,0,0,19.66666666666667
#33080,2026-08,Counted,83,0,0,13.83,83,0,69.16666666666667,0,0,69.16666666666667
#33081,2026-08,Counted,90,0,0,15,90,0,75,0,0,75
#33082,2026-08,Counted,81,0,0,13.5,81,0,67.5,0,0,67.5
#33083,2026-08,Counted,114,0,0,19,114,0,95,0,0,95
#33084,2026-08,Counted,48,0,3.95,8.66,51.95,0,40,0,0,40
#33085,2026-08,Counted,22,0,3.95,4.33,25.95,0,18.33333333333334,0,0,18.33333333333334
#33086,2026-08,Counted,108.6,0,0,18.1,108.6,0,90.5,0,0,90.5
#33087,2026-08,Counted,7.5,0.75,3.95,1.78,10.7,0,6.25,0.625,0,5.625
#33088,2026-08,Counted,22,0,3.95,4.33,25.95,0,18.33333333333334,0,0,18.33333333333334
#33089,2026-08,Counted,152,0,0,25.33,152,0,126.6666666666667,0,0,126.6666666666667
#33090,2026-08,Counted,47,4.7,3.95,7.71,46.25,0,39.16666666666667,3.916666666666667,0,35.25000000000001
#33091,2026-08,Counted,160,0,0,26.67,160,0,133.3333333333333,0,0,133.3333333333333
#33092,2026-08,Counted,36,0,3.95,6.66,39.95,0,30,0,0,30
#33093,2026-08,Counted,39,0,3.95,7.16,42.95,0,32.5,0,0,32.5
#33094,2026-08,Counted,42,0,3.95,7.66,45.95,0,35,0,0,35
#33095,2026-08,Counted,68,0,0,11.33,68,0,56.66666666666667,0,0,56.66666666666667
#33096,2026-08,Counted,163.5,0,0,27.25,163.5,0,136.25,0,0,136.25
#33097,2026-08,Counted,76,0,0,12.67,76,0,63.33333333333334,0,0,63.33333333333334
#33098,2026-08,Counted,17,0,3.95,3.49,20.95,0,14.16666666666667,0,0,14.16666666666667
#33099,2026-08,Counted,48,0,3.95,8.66,51.95,0,40,0,0,40
#33100,2026-08,Counted,22,0,3.95,4.33,25.95,0,18.33333333333334,0,0,18.33333333333334
#33101,2026-08,Counted,95,0,0,15.83,95,0,79.16666666666667,0,0,79.16666666666667
#33102,2026-08,Counted,25,0,3.95,4.83,28.95,0,20.83333333333334,0,0,20.83333333333334
#33103,2026-08,Counted,16.5,0,3.95,3.41,20.45,0,13.75,0,0,13.75
#33104,2026-08,Counted,56,0,0,9.33,56,0,46.66666666666667,0,0,46.66666666666667
#33105,2026-08,Counted,75,0,0,12.5,75,0,62.5,0,0,62.5
#33106,2026-08,Counted,24,0,3.95,4.66,27.95,0,20,0,0,20
#33107,2026-08,Counted,24,0,3.95,4.66,27.95,0,20,0,0,20
#33108,2026-08,Counted,126,0,0,21,126,0,105,0,0,105
#33109,2026-08,Counted,25,0,3.95,4.83,28.95,0,20.83333333333334,0,0,20.83333333333334
#33110,2026-08,Counted,72,0,0,12,72,0,60,0,0,60
#33111,2026-08,Counted,31,3.1,3.95,5.31,31.85,0,25.83333333333334,2.583333333333333,0,23.25
#33112,2026-08,Counted,69,0,0,11.5,69,0,57.5,0,0,57.5
#33113,2026-08,Counted,77,0,0,12.83,77,0,64.16666666666667,0,0,64.16666666666667
#33114,2026-08,Counted,41,5,3.95,6.66,39.95,0,34.16666666666667,4.166666666666667,0,30
#33115,2026-08,Counted,168,0,0,28,168,0,140,0,0,140
#33116,2026-08,Counted,21,0,3.95,4.16,24.95,0,17.5,0,0,17.5
#33117,2026-08,Counted,18,0,3.95,3.66,21.95,0,15,0,0,15
#33118,2026-08,Counted,90,0,0,15,90,0,75,0,0,75
#33119,2026-08,Counted,88,0,0,14.67,88,0,73.33333333333334,0,0,73.33333333333334
#33120,2026-08,Counted,28,0,3.95,5.33,31.95,0,23.33333333333334,0,0,23.33333333333334
#33121,2026-08,Counted,15,0,3.95,3.16,18.95,0,12.5,0,0,12.5
#33122,2026-08,Counted,36,3.6,3.95,6.06,36.35,0,30,3,0,27
#33123,2026-08,Counted,28,2.8,3.95,4.86,29.15,0,23.33333333333334,2.333333333333333,0,21
#33124,2026-08,Counted,70,0,0,11.67,70,0,58.33333333333334,0,0,58.33333333333334
#33125,2026-08,Counted,15,0,3.95,3.16,18.95,0,12.5,0,0,12.5
#33126,2026-08,Counted,47,0,3.95,8.49,50.95,0,39.16666666666667,0,0,39.16666666666667
#33127,2026-08,Counted,104,0,0,17.33,104,0,86.66666666666667,0,0,86.66666666666667
#33128,2026-08,Counted,15,0,3.95,3.16,18.95,0,12.5,0,0,12.5
#33129,2026-08,Counted,9,0.9,3.95,2.01,12.05,6.03,7.5,0.75,5.025,1.725
#33130,2026-08,Counted,15,0,3.95,3.16,18.95,0,12.5,0,0,12.5
#33131,2026-08,Counted,29,0,3.95,5.49,32.95,0,24.16666666666667,0,0,24.16666666666667
#33132,2026-08,Counted,156.5,0,0,26.08,156.5,0,130.4166666666667,0,0,130.4166666666667
#33133,2026-08,Counted,186,0,0,31,186,0,155,0,0,155
#33134,2026-08,Counted,101.5,0,0,16.92,101.5,0,84.58333333333334,0,0,84.58333333333334
#33135,2026-08,Counted,57.5,0,0,9.58,57.5,0,47.91666666666667,0,0,47.91666666666667
#33136,2026-08,Counted,48,0,3.95,8.66,51.95,0,40,0,0,40
#33137,2026-08,Counted,108,0,0,18,108,0,90,0,0,90
#33138,2026-08,Counted,58,0,0,9.67,58,0,48.33333333333334,0,0,48.33333333333334
#33139,2026-08,Counted,42,0,3.95,7.66,45.95,0,35,0,0,35
#33140,2026-08,Counted,117,0,0,19.5,117,0,97.5,0,0,97.5
#33141,2026-08,Counted,70,0,0,11.67,70,0,58.33333333333334,0,0,58.33333333333334
#33142,2026-08,Counted,21,2.1,3.95,3.81,22.85,0,17.5,1.75,0,15.75
#33143,2026-08,Counted,83,0,0,13.83,83,0,69.16666666666667,0,0,69.16666666666667
#33144,2026-08,Counted,35,0,3.95,6.49,38.95,0,29.16666666666667,0,0,29.16666666666667
#33145,2026-08,Counted,15,0,3.95,3.16,18.95,0,12.5,0,0,12.5
#33146,2026-08,Counted,51,0,0,8.5,51,0,42.5,0,0,42.5
#33147,2026-08,Counted,40,0,3.95,7.33,43.95,0,33.33333333333334,0,0,33.33333333333334
#33148,2026-08,Counted,24,0,3.95,4.66,27.95,0,20,0,0,20
#33149,2026-08,Counted,19.5,0,3.95,3.91,23.45,0,16.25,0,0,16.25
#33150,2026-08,Counted,128,0,0,21.33,128,0,106.6666666666667,0,0,106.6666666666667
#33151,2026-08,Counted,146,5,0,23.5,141,0,121.6666666666667,4.166666666666667,0,117.5
#33152,2026-08,Counted,94,0,0,15.67,94,0,78.33333333333334,0,0,78.33333333333334
#33153,2026-08,Counted,130,0,0,21.67,130,0,108.3333333333333,0,0,108.3333333333333
#33154,2026-08,Counted,9,0,3.95,2.16,12.95,0,7.5,0,0,7.5
#33155,2026-08,Counted,126,0,0,21,126,0,105,0,0,105
#33156,2026-08,Counted,162,0,0,27,162,0,135,0,0,135
#33157,2026-08,Counted,87,0,0,14.5,87,0,72.5,0,0,72.5
#33158,2026-08,Counted,57,0,0,9.5,57,0,47.5,0,0,47.5
#33159,2026-08,Counted,63,0,0,10.5,63,0,52.5,0,0,52.5
#33160,2026-08,Counted,52,0,0,8.67,52,0,43.33333333333334,0,0,43.33333333333334
#33161,2026-08,Counted,12,0,3.95,2.66,15.95,0,10,0,0,10
#33162,2026-08,Counted,43.5,0,3.95,7.91,47.45,0,36.25,0,0,36.25
#33163,2026-08,Counted,123,0,0,20.5,123,0,102.5,0,0,102.5
#33164,2026-08,Counted,32,0,3.95,5.99,35.95,0,26.66666666666667,0,0,26.66666666666667
#33165,2026-08,Counted,106,0,0,17.67,106,0,88.33333333333334,0,0,88.33333333333334
#33166,2026-08,Counted,35,0,3.95,6.49,38.95,0,29.16666666666667,0,0,29.16666666666667
#33167,2026-08,Counted,26,5,3.95,4.16,24.95,0,21.66666666666667,4.166666666666667,0,17.5
#33168,2026-08,Counted,26,0,3.95,4.99,29.95,0,21.66666666666667,0,0,21.66666666666667
#33169,2026-08,Counted,69,0,0,11.5,69,13.8,57.5,0,11.5,46
#33170,2026-08,Counted,25.5,0,3.95,4.91,29.45,0,21.25,0,0,21.25
#33171,2026-08,Counted,179,0,0,29.83,179,0,149.1666666666667,0,0,149.1666666666667
#33172,2026-08,Counted,84,0,0,14,84,0,70,0,0,70
#33173,2026-08,Counted,40,0,3.95,7.33,43.95,0,33.33333333333334,0,0,33.33333333333334
#33174,2026-08,Counted,42,0,3.95,7.66,45.95,0,35,0,0,35
#33175,2026-08,Counted,47,0,3.95,8.49,50.95,0,39.16666666666667,0,0,39.16666666666667
#33176,2026-08,Counted,68,0,0,11.33,68,0,56.66666666666667,0,0,56.66666666666667
#33177,2026-08,Counted,18,0,3.95,3.66,21.95,0,15,0,0,15
#33178,2026-08,Counted,114,0,0,19,114,0,95,0,0,95
#33179,2026-08,Counted,122.5,0,0,20.42,122.5,0,102.0833333333333,0,0,102.0833333333333
#33180,2026-08,Counted,94,0,0,15.67,94,0,78.33333333333334,0,0,78.33333333333334
#33181,2026-08,Counted,42,0,3.95,7.66,45.95,0,35,0,0,35
#33182,2026-08,Counted,232,0,0,38.67,232,0,193.3333333333333,0,0,193.3333333333333
#33183,2026-08,Counted,58,0,0,9.67,58,0,48.33333333333334,0,0,48.33333333333334
#33184,2026-08,Counted,86,0,0,14.33,86,0,71.66666666666667,0,0,71.66666666666667
#33185,2026-08,Counted,62,0,0,10.33,62,0,51.66666666666667,0,0,51.66666666666667
#33186,2026-08,Counted,42.5,0,3.95,7.74,46.45,0,35.41666666666667,0,0,35.41666666666667
#33187,2026-08,Counted,45,0,3.95,8.16,48.95,9.789999999999999,37.5,0,8.158333333333333,29.34166666666667
#33188,2026-08,Counted,50,0,0,8.33,50,0,41.66666666666667,0,0,41.66666666666667
#33189,2026-08,Counted,22,2.2,3.95,3.96,23.75,0,18.33333333333334,1.833333333333333,0,16.5
#33190,2026-08,Counted,38,0,3.95,6.99,41.95,0,31.66666666666667,0,0,31.66666666666667
#33191,2026-08,Counted,14,0,3.95,2.99,17.95,0,11.66666666666667,0,0,11.66666666666667
#33192,2026-08,Counted,20,5,3.95,3.16,18.95,0,16.66666666666667,4.166666666666667,0,12.5
#33193,2026-08,Counted,75,0,0,12.5,75,0,62.5,0,0,62.5
#33194,2026-08,Counted,230,0,0,38.33,230,0,191.6666666666667,0,0,191.6666666666667
#33195,2026-08,Counted,53,0,0,8.83,53,0,44.16666666666667,0,0,44.16666666666667
#33196,2026-08,Counted,79,0,0,13.17,79,0,65.83333333333334,0,0,65.83333333333334
#33197,2026-08,Counted,147,0,0,24.5,147,0,122.5,0,0,122.5
#33198,2026-08,Counted,110,0,0,18.33,110,0,91.66666666666667,0,0,91.66666666666667
#33199,2026-08,Counted,145,0,0,24.17,145,0,120.8333333333333,0,0,120.8333333333333
#33200,2026-08,Counted,78,0,0,13,78,0,65,0,0,65
#33201,2026-08,Counted,36,0,3.95,6.66,39.95,0,30,0,0,30
#33202,2026-08,Counted,48,0,3.95,8.66,51.95,0,40,0,0,40
#33203,2026-08,Counted,9,0,3.95,2.16,12.95,0,7.5,0,0,7.5
#33204,2026-08,Counted,9,0,3.95,2.16,12.95,0,7.5,0,0,7.5
#33205,2026-08,Counted,175,0,0,29.17,175,0,145.8333333333333,0,0,145.8333333333333
#33206,2026-08,Counted,72,7.2,0,10.8,64.8,0,60,6,0,54
#33207,2026-08,Counted,61,0,0,10.17,61,0,50.83333333333334,0,0,50.83333333333334
#33208,2026-08,Counted,173,0,0,28.83,173,0,144.1666666666667,0,0,144.1666666666667
#33209,2026-08,Counted,64,0,0,10.67,64,0,53.33333333333334,0,0,53.33333333333334
#33210,2026-08,Counted,20,0,3.95,3.99,23.95,0,16.66666666666667,0,0,16.66666666666667
#33211,2026-08,Counted,28.5,0,3.95,5.41,32.45,0,23.75,0,0,23.75
#33212,2026-08,Counted,29,0,3.95,5.49,32.95,0,24.16666666666667,0,0,24.16666666666667
#33213,2026-08,Counted,79,0,0,13.17,79,0,65.83333333333334,0,0,65.83333333333334
#33214,2026-08,Counted,54,5.4,3.95,8.76,52.55,0,45,4.500000000000001,0,40.5
#33215,2026-08,Counted,60,0,0,10,60,0,50,0,0,50
#33216,2026-08,Counted,52,0,0,8.67,52,0,43.33333333333334,0,0,43.33333333333334
#33217,2026-08,Counted,90,0,0,15,90,0,75,0,0,75
#33218,2026-08,Counted,86,0,0,14.33,86,0,71.66666666666667,0,0,71.66666666666667
#33219,2026-08,Counted,33,0,3.95,6.16,36.95,0,27.5,0,0,27.5
#33220,2026-08,Counted,48,0,3.95,8.66,51.95,0,40,0,0,40
#33221,2026-08,Counted,7.5,0,3.95,1.91,11.45,0,6.25,0,0,6.25
#33222,2026-08,Counted,45,0,3.95,8.16,48.95,0,37.5,0,0,37.5
#33223,2026-08,Counted,32,3.2,3.95,5.46,32.75,0,26.66666666666667,2.666666666666667,0,24
#33224,2026-08,Counted,35,0,3.95,6.49,38.95,0,29.16666666666667,0,0,29.16666666666667
#33225,2026-08,Counted,77,0,0,12.83,77,0,64.16666666666667,0,0,64.16666666666667
#33226,2026-08,Counted,18,1.8,3.95,3.36,20.15,0,15,1.5,0,13.5
#33227,2026-08,Counted,90,9,0,13.5,81,0,75,7.5,0,67.5
#33228,2026-08,Counted,141,0,0,23.5,141,0,117.5,0,0,117.5
#33229,2026-08,Counted,51,0,0,8.5,51,0,42.5,0,0,42.5
#33230,2026-08,Counted,57,0,0,9.5,57,0,47.5,0,0,47.5
#33231,2026-08,Counted,12,0,3.95,2.66,15.95,0,10,0,0,10
#33232,2026-08,Counted,58,0,0,9.67,58,0,48.33333333333334,0,0,48.33333333333334
#33233,2026-08,Counted,131,0,0,21.83,131,0,109.1666666666667,0,0,109.1666666666667
#33234,2026-08,Counted,101,0,0,16.83,101,0,84.16666666666667,0,0,84.16666666666667
#33235,2026-08,Counted,42,0,3.95,7.66,45.95,0,35,0,0,35
#33236,2026-08,Counted,72,0,0,12,72,0,60,0,0,60
#33237,2026-08,Counted,14,0,3.95,2.99,17.95,5.39,11.66666666666667,0,4.491666666666666,7.175000000000002
#33238,2026-08,Counted,58,5.8,0,8.699999999999999,52.2,0,48.33333333333334,4.833333333333333,0,43.5
#33239,2026-08,Counted,34,3.4,3.95,5.76,34.55,34.55,28.33333333333334,2.833333333333333,25.5,0
#33240,2026-08,Counted,33,0,3.95,6.16,36.95,0,27.5,0,0,27.5
#33241,2026-08,Counted,98,0,0,16.33,98,0,81.66666666666667,0,0,81.66666666666667
#33242,2026-08,Counted,7.5,0,3.95,1.91,11.45,0,6.25,0,0,6.25
#33243,2026-08,Counted,28,0,3.95,5.33,31.95,0,23.33333333333334,0,0,23.33333333333334
#33244,2026-08,Counted,36,0,3.95,6.66,39.95,0,30,0,0,30
#33245,2026-08,Counted,106,0,0,17.67,106,0,88.33333333333334,0,0,88.33333333333334
#33246,2026-08,Counted,167,0,0,27.83,167,0,139.1666666666667,0,0,139.1666666666667
#33247,2026-08,Counted,16,0,3.95,3.33,19.95,0,13.33333333333333,0,0,13.33333333333333
#33248,2026-08,Counted,6,0,3.95,1.66,9.949999999999999,0,5,0,0,5
#33249,2026-08,Counted,84,0,0,14,84,0,70,0,0,70
#33250,2026-08,Counted,64,0,0,10.67,64,0,53.33333333333334,0,0,53.33333333333334
#33251,2026-08,Counted,28,0,3.95,5.33,31.95,0,23.33333333333334,0,0,23.33333333333334
#33252,2026-08,Counted,52,0,0,8.67,52,0,43.33333333333334,0,0,43.33333333333334
#33253,2026-08,Counted,79,0,0,13.17,79,0,65.83333333333334,0,0,65.83333333333334
#33254,2026-08,Counted,52,0,0,8.67,52,0,43.33333333333334,0,0,43.33333333333334
#33255,2026-08,Counted,84,0,0,14,84,0,70,0,0,70
#33256,2026-08,Counted,125.5,0,0,20.92,125.5,0,104.5833333333333,0,0,104.5833333333333
#33257,2026-08,Counted,20,2,3.95,3.66,21.95,0,16.66666666666667,1.666666666666667,0,15
#33258,2026-08,Counted,91,0,0,15.17,91,0,75.83333333333334,0,0,75.83333333333334
#33259,2026-08,Counted,89,0,0,14.83,89,0,74.16666666666667,0,0,74.16666666666667
#33260,2026-08,Counted,74,0,0,12.33,74,0,61.66666666666667,0,0,61.66666666666667
#33261,2026-08,Counted,54,0,0,9,54,0,45,0,0,45
#33262,2026-08,Counted,247,0,0,41.17,247,0,205.8333333333333,0,0,205.8333333333333
#33263,2026-08,Counted,61,6.1,0,9.15,54.9,0,50.83333333333334,5.083333333333333,0,45.75
#33264,2026-08,Counted,122,0,0,20.33,122,0,101.6666666666667,0,0,101.6666666666667
#33265,2026-08,Counted,47,4.7,3.95,7.71,46.25,0,39.16666666666667,3.916666666666667,0,35.25000000000001
#33266,2026-08,Counted,90,0,0,15,90,0,75,0,0,75
#33267,2026-08,Counted,78,0,0,13,78,0,65,0,0,65
#33268,2026-08,Counted,87,5,0,13.67,82,0,72.5,4.166666666666667,0,68.33333333333333
#33269,2026-08,Counted,15,1.5,3.95,2.91,17.45,0,12.5,1.25,0,11.25
#33270,2026-08,Counted,255,0,0,42.5,255,0,212.5,0,0,212.5
#33271,2026-08,Counted,316,0,0,52.67,316,0,263.3333333333334,0,0,263.3333333333334
#33272,2026-08,Counted,135,0,0,22.5,135,0,112.5,0,0,112.5
#33273,2026-08,Counted,50,0,0,8.33,50,0,41.66666666666667,0,0,41.66666666666667
#33274,2026-08,Counted,112,0,0,18.67,112,0,93.33333333333334,0,0,93.33333333333334
#33275,2026-08,Counted,99,0,0,16.5,99,0,82.5,0,0,82.5
#33276,2026-08,Cancelled / voided (never shipped),87,0,0,14.5,87,0,72.5,0,0,72.5
#33277,2026-08,Counted,30,0,3.95,5.66,33.95,0,25,0,0,25
#33278,2026-08,Counted,16,1.6,3.95,3.06,18.35,0,13.33333333333333,1.333333333333333,0,12
#33279,2026-08,Counted,11,0,3.95,2.49,14.95,0,9.166666666666668,0,0,9.166666666666668
#33280,2026-08,Counted,47,0,3.95,8.49,50.95,0,39.16666666666667,0,0,39.16666666666667
#33281,2026-08,Counted,14,0,3.95,2.99,17.95,0,11.66666666666667,0,0,11.66666666666667
#33282,2026-08,Counted,25,0,3.95,4.83,28.95,0,20.83333333333334,0,0,20.83333333333334
#33283,2026-08,Counted,14,0,3.95,2.99,17.95,0,11.66666666666667,0,0,11.66666666666667
#33284,2026-08,Counted,60,0,0,10,60,0,50,0,0,50
#33285,2026-08,Counted,84,0,0,14,84,0,70,0,0,70
#33286,2026-08,Counted,113,0,0,18.83,113,0,94.16666666666667,0,0,94.16666666666667
#33287,2026-08,Counted,42,0,3.95,7.66,45.95,0,35,0,0,35
#33288,2026-08,Counted,22,0,3.95,4.33,25.95,0,18.33333333333334,0,0,18.33333333333334
#33289,2026-08,Counted,91,0,0,15.17,91,0,75.83333333333334,0,0,75.83333333333334
#33290,2026-08,"Pre-order, paid but not shipped",28,0,3.95,5.33,31.95,0,23.33333333333334,0,0,23.33333333333334
#33291,2026-08,Counted,79,0,0,13.17,79,0,65.83333333333334,0,0,65.83333333333334
#33292,2026-08,Counted,79,7.9,0,11.85,71.09999999999999,0,65.83333333333334,6.583333333333334,0,59.25000000000001
#33293,2026-08,Counted,85,0,0,14.17,85,0,70.83333333333334,0,0,70.83333333333334
#33294,2026-08,Counted,38,0,3.95,6.99,41.95,0,31.66666666666667,0,0,31.66666666666667
#33295,2026-08,Counted,37,0,3.95,6.83,40.95,0,30.83333333333334,0,0,30.83333333333334
#33296,2026-08,Counted,32,5,3.95,5.16,30.95,0,26.66666666666667,4.166666666666667,0,22.5
#33297,2026-08,Counted,99,0,0,16.5,99,0,82.5,0,0,82.5
#33298,2026-08,Counted,11,0,3.95,2.49,14.95,14.95,9.166666666666668,0,9.166666666666668,0
#33299,2026-08,Counted,60,0,0,10,60,0,50,0,0,50
#33300,2026-08,Counted,25,0,3.95,4.83,28.95,0,20.83333333333334,0,0,20.83333333333334
#33301,2026-08,Counted,82,0,0,13.67,82,0,68.33333333333334,0,0,68.33333333333334
#33302,2026-08,Counted,84,0,0,14,84,0,70,0,0,70
#33303,2026-08,Counted,44,0,3.95,7.99,47.95,0,36.66666666666667,0,0,36.66666666666667
#33304,2026-08,Counted,72,0,0,12,72,0,60,0,0,60
#33305,2026-08,Counted,21,0,3.95,4.16,24.95,0,17.5,0,0,17.5
#33306,2026-08,Counted,38,0,3.95,6.99,41.95,0,31.66666666666667,0,0,31.66666666666667
#33307,2026-08,Counted,48,0,3.95,8.66,51.95,0,40,0,0,40
#33308,2026-08,Counted,128,0,0,21.33,128,0,106.6666666666667,0,0,106.6666666666667
#33309,2026-08,Counted,68,0,0,11.33,68,0,56.66666666666667,0,0,56.66666666666667
#33310,2026-08,Counted,64,6.4,0,9.6,57.6,0,53.33333333333334,5.333333333333334,0,48
#33311,2026-08,Counted,9,0,3.95,2.16,12.95,0,7.5,0,0,7.5
#33312,2026-08,Counted,14,0,3.95,2.99,17.95,17.95,11.66666666666667,0,11.66666666666667,0
#33313,2026-08,Counted,133,0,0,22.17,133,0,110.8333333333333,0,0,110.8333333333333
#33314,2026-08,Counted,173,0,0,28.83,173,0,144.1666666666667,0,0,144.1666666666667
#33315,2026-08,Counted,94.8,0,0,15.8,94.8,0,79,0,0,79
#33316,2026-08,Counted,20,0,3.95,3.99,23.95,0,16.66666666666667,0,0,16.66666666666667
#33317,2026-08,Counted,45,0,3.95,8.16,48.95,0,37.5,0,0,37.5
#33318,2026-08,"Pre-order, paid but not shipped",97,0,0,16.17,97,0,80.83333333333334,0,0,80.83333333333334
#33319,2026-08,Counted,51,0,0,8.5,51,0,42.5,0,0,42.5
#33320,2026-08,Counted,43,0,3.95,7.83,46.95,23.48,35.83333333333334,0,19.56666666666667,16.26666666666667
#33321,2026-08,Counted,45.5,4.55,3.95,7.48,44.9,0,37.91666666666667,3.791666666666667,0,34.12500000000001
#33322,2026-08,"Pre-order, paid but not shipped",51,0,0,8.5,51,0,42.5,0,0,42.5
#33323,2026-08,Counted,212,0,0,35.33,212,0,176.6666666666667,0,0,176.6666666666667
#33324,2026-08,Counted,320,0,0,53.33,320,0,266.6666666666667,0,0,266.6666666666667
#33325,2026-08,Counted,11,0,3.95,2.49,14.95,0,9.166666666666668,0,0,9.166666666666668
#33326,2026-08,Counted,17,0,3.95,3.49,20.95,0,14.16666666666667,0,0,14.16666666666667
#33327,2026-08,Counted,96.5,0,0,16.08,96.5,0,80.41666666666667,0,0,80.41666666666667
#33328,2026-08,Counted,42,0,3.95,7.66,45.95,0,35,0,0,35
#33329,2026-08,Counted,30,0,3.95,5.66,33.95,0,25,0,0,25
#33330,2026-08,Counted,98,0,0,16.33,98,0,81.66666666666667,0,0,81.66666666666667
#33331,2026-08,"Pre-order, paid but not shipped",224,0,0,37.33,224,0,186.6666666666667,0,0,186.6666666666667
#33332,2026-08,Counted,149,14.9,0,22.35,134.1,0,124.1666666666667,12.41666666666667,0,111.75
#33333,2026-08,Counted,42,0,3.95,7.66,45.95,0,35,0,0,35
#33334,2026-08,Counted,161.5,0,0,26.92,161.5,0,134.5833333333333,0,0,134.5833333333333
#33335,2026-08,Counted,82,0,0,13.67,82,0,68.33333333333334,0,0,68.33333333333334
#33336,2026-08,Counted,7.5,0,3.95,1.91,11.45,0,6.25,0,0,6.25
#33337,2026-08,"Pre-order, paid but not shipped",18,0,3.95,3.66,21.95,0,15,0,0,15
#33338,2026-08,Counted,28,0,3.95,5.33,31.95,0,23.33333333333334,0,0,23.33333333333334
#33339,2026-08,Counted,24,0,3.95,4.66,27.95,0,20,0,0,20
#33340,2026-08,Counted,90,0,0,15,90,0,75,0,0,75
#33341,2026-08,Counted,36,0,3.95,6.66,39.95,0,30,0,0,30
#33342,2026-08,Counted,22,0,3.95,4.33,25.95,0,18.33333333333334,0,0,18.33333333333334
#33343,2026-08,Counted,66,0,0,11,66,0,55,0,0,55
#33344,2026-08,Counted,48,0,3.95,8.66,51.95,0,40,0,0,40
#33345,2026-08,Counted,132,0,0,22,132,0,110,0,0,110
#33346,2026-08,Counted,15,0,3.95,3.16,18.95,0,12.5,0,0,12.5
#33347,2026-08,Counted,28,2.8,3.95,4.86,29.15,0,23.33333333333334,2.333333333333333,0,21
#33348,2026-08,"Pre-order, paid but not shipped",36,3.6,3.95,6.06,36.35,0,30,3,0,27
#33349,2026-08,Counted,137,0,0,22.83,137,0,114.1666666666667,0,0,114.1666666666667
#33350,2026-08,Counted,107,0,0,17.83,107,0,89.16666666666667,0,0,89.16666666666667
#33351,2026-08,Counted,164,0,0,27.33,164,0,136.6666666666667,0,0,136.6666666666667
#33352,2026-08,Counted,63,0,0,10.5,63,0,52.5,0,0,52.5
#33353,2026-08,Counted,45,0,3.95,8.16,48.95,0,37.5,0,0,37.5
#33354,2026-08,Counted,47,0,3.95,8.49,50.95,0,39.16666666666667,0,0,39.16666666666667
#33355,2026-08,Counted,53,0,0,8.83,53,0,44.16666666666667,0,0,44.16666666666667
#33356,2026-08,Cancelled / voided (never shipped),153,0,0,25.5,153,0,127.5,0,0,127.5
#33357,2026-08,Counted,22,0,3.95,4.33,25.95,0,18.33333333333334,0,0,18.33333333333334
#33358,2026-08,Counted,125,0,0,20.83,125,0,104.1666666666667,0,0,104.1666666666667
#33359,2026-08,Counted,18,0,3.95,3.66,21.95,0,15,0,0,15
#33360,2026-08,Counted,51,0,0,8.5,51,0,42.5,0,0,42.5
#33361,2026-08,Counted,30,0,3.95,5.66,33.95,0,25,0,0,25
#33362,2026-08,Counted,36,0,3.95,6.66,39.95,0,30,0,0,30
#33363,2026-08,Counted,121,0,0,20.17,121,0,100.8333333333333,0,0,100.8333333333333
#33364,2026-08,"Pre-order, paid but not shipped",28,0,3.95,5.33,31.95,0,23.33333333333334,0,0,23.33333333333334
#33365,2026-08,Counted,54,0,0,9,54,0,45,0,0,45
#33366,2026-08,Counted,110,0,0,18.33,110,0,91.66666666666667,0,0,91.66666666666667
#33367,2026-08,Counted,57,0,0,9.5,57,0,47.5,0,0,47.5
#33368,2026-08,Counted,114,0,0,19,114,0,95,0,0,95
#33369,2026-08,Counted,146,0,0,24.33,146,0,121.6666666666667,0,0,121.6666666666667
#33370,2026-08,Counted,60,0,0,10,60,0,50,0,0,50
#33371,2026-08,Counted,32,0,3.95,5.99,35.95,0,26.66666666666667,0,0,26.66666666666667
#33372,2026-08,Counted,90,0,0,15,90,0,75,0,0,75
#33373,2026-08,Counted,9,0,3.95,2.16,12.95,0,7.5,0,0,7.5
#33374,2026-08,Counted,81,0,0,13.5,81,0,67.5,0,0,67.5
#33375,2026-08,Counted,11,0,3.95,2.49,14.95,0,9.166666666666668,0,0,9.166666666666668
#33376,2026-08,Counted,45,5,3.95,7.33,43.95,0,37.5,4.166666666666667,0,33.33333333333334
#33377,2026-08,Counted,164,0,0,27.33,164,0,136.6666666666667,0,0,136.6666666666667
#33378,2026-08,Counted,63,6.3,0,9.449999999999999,56.7,0,52.5,5.25,0,47.25
#33379,2026-08,Counted,67.5,0,0,11.25,67.5,0,56.25,0,0,56.25
#33380,2026-08,Counted,58,0,0,9.67,58,0,48.33333333333334,0,0,48.33333333333334
#33381,2026-08,Counted,7.5,0,3.95,1.91,11.45,0,6.25,0,0,6.25
#33382,2026-08,"Pre-order, paid but not shipped",66,0,0,11,66,0,55,0,0,55
#33383,2026-08,Counted,92.5,0,0,15.42,92.5,0,77.08333333333334,0,0,77.08333333333334
#33384,2026-08,Counted,72,0,0,12,72,0,60,0,0,60
#33385,2026-08,Counted,30,0,3.95,5.66,33.95,6.79,25,0,5.658333333333333,19.34166666666667
#33386,2026-08,Counted,38,0,3.95,6.99,41.95,0,31.66666666666667,0,0,31.66666666666667
#33387,2026-08,Counted,44,0,3.95,7.99,47.95,0,36.66666666666667,0,0,36.66666666666667
#33388,2026-08,Counted,37,0,3.95,6.83,40.95,0,30.83333333333334,0,0,30.83333333333334
#33389,2026-08,Counted,67,0,0,11.17,67,0,55.83333333333334,0,0,55.83333333333334
#33390,2026-08,Counted,25,0,3.95,4.83,28.95,0,20.83333333333334,0,0,20.83333333333334
#33391,2026-08,Counted,62,0,0,10.33,62,0,51.66666666666667,0,0,51.66666666666667
#33392,2026-08,Counted,55,0,0,9.17,55,0,45.83333333333334,0,0,45.83333333333334
#33393,2026-08,Counted,164,0,0,27.33,164,0,136.6666666666667,0,0,136.6666666666667
#33394,2026-08,Counted,79,0,0,13.17,79,0,65.83333333333334,0,0,65.83333333333334
#33395,2026-08,Counted,41,0,3.95,7.49,44.95,0,34.16666666666667,0,0,34.16666666666667
#33396,2026-08,Counted,30,0,3.95,5.66,33.95,0,25,0,0,25
#33397,2026-08,Counted,173,0,0,28.83,173,0,144.1666666666667,0,0,144.1666666666667
#33398,2026-08,Counted,138.5,0,0,23.08,138.5,0,115.4166666666667,0,0,115.4166666666667
#33399,2026-08,Counted,40,0,3.95,7.33,43.95,0,33.33333333333334,0,0,33.33333333333334
#33400,2026-08,Counted,45,0,3.95,8.16,48.95,0,37.5,0,0,37.5
#33401,2026-08,Counted,60,0,0,10,60,0,50,0,0,50
#33402,2026-08,Counted,12,0,3.95,2.66,15.95,0,10,0,0,10
#33403,2026-08,Counted,52,0,0,8.67,52,0,43.33333333333334,0,0,43.33333333333334
#33404,2026-08,Counted,132,0,0,22,132,0,110,0,0,110
#33405,2026-08,Counted,102,10.2,0,15.3,91.8,0,85,8.5,0,76.5
#33406,2026-08,Counted,71,0,0,11.83,71,0,59.16666666666667,0,0,59.16666666666667
#33407,2026-08,Counted,32.5,0,3.95,6.08,36.45,0,27.08333333333334,0,0,27.08333333333334
#33408,2026-08,Counted,54,0,0,9,54,0,45,0,0,45
#33409,2026-08,Counted,35,3.5,3.95,5.91,35.45,0,29.16666666666667,2.916666666666667,0,26.25
#33410,2026-08,Counted,20,0,3.95,3.99,23.95,0,16.66666666666667,0,0,16.66666666666667
#33411,2026-08,Counted,7.5,0.75,3.95,1.78,10.7,5.35,6.25,0.625,4.458333333333333,1.166666666666667
#33412,2026-08,Counted,22.5,0,3.95,4.41,26.45,0,18.75,0,0,18.75
#33413,2026-08,Counted,7.5,0,3.95,1.91,11.45,0,6.25,0,0,6.25
#33414,2026-08,Counted,42,5,3.95,6.83,40.95,40.95,35,4.166666666666667,30.83333333333334,-3.552713678800501e-15
#33415,2026-08,Test order,177,17.7,0,26.55,159.3,0,147.5,14.75,0,132.75
#33416,2026-08,Counted,25,0,3.95,4.83,28.95,0,20.83333333333334,0,0,20.83333333333334
#33417,2026-08,Counted,11,0,3.95,2.49,14.95,0,9.166666666666668,0,0,9.166666666666668
#33418,2026-08,"Pre-order, paid but not shipped",104,10.4,0,15.6,93.59999999999999,0,86.66666666666667,8.666666666666668,0,78
#33419,2026-08,Counted,102,0,0,17,102,0,85,0,0,85
#33420,2026-08,Test order,17,0,3.95,3.49,20.95,0,14.16666666666667,0,0,14.16666666666667
#33421,2026-08,Counted,37.5,3.75,3.95,6.28,37.7,0,31.25,3.125,0,28.125
#33422,2026-08,Counted,70,0,0,11.67,70,0,58.33333333333334,0,0,58.33333333333334
#33423,2026-08,Counted,51,0,0,8.5,51,0,42.5,0,0,42.5
#33424,2026-08,Counted,12,1.2,3.95,2.46,14.75,0,10,1,0,9
#33425,2026-08,Counted,264,26.4,0,39.6,237.6,0,220,22,0,198
#33426,2026-08,Counted,15,0,3.95,3.16,18.95,0,12.5,0,0,12.5
#33427,2026-08,Counted,45,0,3.95,8.16,48.95,14.69,37.5,0,12.24166666666667,25.25833333333333
#33428,2026-08,Counted,34,0,3.95,6.33,37.95,0,28.33333333333334,0,0,28.33333333333334
#33429,2026-08,Counted,60,0,0,10,60,30,50,0,25,25
#33430,2026-08,Counted,131,0,0,21.83,131,0,109.1666666666667,0,0,109.1666666666667
#33431,2026-08,Cancelled / voided (never shipped),9,0,3.95,2.16,12.95,12.95,7.5,0,7.5,0
#33432,2026-08,Counted,29,0,3.95,5.49,32.95,0,24.16666666666667,0,0,24.16666666666667
#33433,2026-08,Counted,120,0,0,20,120,0,100,0,0,100
#33434,2026-08,Counted,36,0,3.95,6.66,39.95,0,30,0,0,30
#33435,2026-08,Counted,65,0,0,10.83,65,0,54.16666666666667,0,0,54.16666666666667
#33436,2026-08,Counted,38.5,0,3.95,7.08,42.45,0,32.08333333333334,0,0,32.08333333333334
#33437,2026-08,Counted,127,0,0,21.17,127,0,105.8333333333333,0,0,105.8333333333333
#33438,2026-08,Counted,33,0,3.95,6.16,36.95,0,27.5,0,0,27.5
#33439,2026-08,Counted,32,0,3.95,5.99,35.95,0,26.66666666666667,0,0,26.66666666666667
#33440,2026-08,Counted,17,0,3.95,3.49,20.95,0,14.16666666666667,0,0,14.16666666666667
#33441,2026-08,Counted,57,0,0,9.5,57,0,47.5,0,0,47.5
#33442,2026-08,"Pre-order, paid but not shipped",9,0,3.95,2.16,12.95,0,7.5,0,0,7.5
#33443,2026-08,Cancelled / voided (never shipped),34,0,3.95,6.33,37.95,0,28.33333333333334,0,0,28.33333333333334
#33444,2026-08,Counted,15,0,3.95,3.16,18.95,0,12.5,0,0,12.5
#33445,2026-08,Counted,48,4.8,3.95,7.86,47.15,0,40,4,0,36
#33446,2026-08,Counted,18,0,3.95,3.66,21.95,0,15,0,0,15
#33447,2026-08,Counted,71,0,0,11.83,71,0,59.16666666666667,0,0,59.16666666666667
#33448,2026-08,Counted,142.5,0,0,23.75,142.5,0,118.75,0,0,118.75
#33449,2026-08,Counted,75,0,0,12.5,75,0,62.5,0,0,62.5
#33450,2026-08,"Pre-order, paid but not shipped",121,5,0,19.33,116,0,100.8333333333333,4.166666666666667,0,96.66666666666667
#33451,2026-08,"Pre-order, paid but not shipped",15,0,3.95,3.16,18.95,0,12.5,0,0,12.5
#33452,2026-08,Counted,45,0,3.95,8.16,48.95,0,37.5,0,0,37.5
#33453,2026-08,Counted,304,0,0,50.67,304,0,253.3333333333333,0,0,253.3333333333333
#33454,2026-08,Counted,30,0,3.95,5.66,33.95,33.95,25,0,25,0
#33455,2026-08,Counted,109,0,0,18.17,109,0,90.83333333333334,0,0,90.83333333333334
#33456,2026-08,Test order,107,5,0,17,102,0,89.16666666666667,4.166666666666667,0,85
#33457,2026-08,Counted,49,0,3.95,8.83,52.95,0,40.83333333333334,0,0,40.83333333333334
#33458,2026-08,Counted,237,0,0,39.5,237,0,197.5,0,0,197.5
#33459,2026-08,"Pre-order, paid but not shipped",22,0,3.95,4.33,25.95,0,18.33333333333334,0,0,18.33333333333334
#33460,2026-08,Counted,128,0,0,21.33,128,0,106.6666666666667,0,0,106.6666666666667
#33461,2026-08,Counted,86,0,0,14.33,86,0,71.66666666666667,0,0,71.66666666666667
#33462,2026-08,Counted,143,0,0,23.83,143,0,119.1666666666667,0,0,119.1666666666667
#33463,2026-08,Counted,51,0,0,8.5,51,0,42.5,0,0,42.5
#33464,2026-08,Counted,168,0,0,28,168,0,140,0,0,140
#33465,2026-08,Counted,56,0,0,9.33,56,0,46.66666666666667,0,0,46.66666666666667
#33466,2026-08,Counted,47,0,3.95,8.49,50.95,0,39.16666666666667,0,0,39.16666666666667
#33467,2026-08,Counted,30,0,3.95,5.66,33.95,0,25,0,0,25
#33468,2026-08,Counted,30,0,3.95,5.66,33.95,0,25,0,0,25
#33469,2026-08,Counted,41.5,5,3.95,6.74,40.45,0,34.58333333333334,4.166666666666667,0,30.41666666666667
#33470,2026-08,Counted,15,0,3.95,3.16,18.95,0,12.5,0,0,12.5
#33471,2026-08,Counted,48,0,3.95,8.66,51.95,0,40,0,0,40
#33472,2026-08,"Pre-order, paid but not shipped",40,0,3.95,7.33,43.95,0,33.33333333333334,0,0,33.33333333333334
#33473,2026-08,Counted,173,5,0,28,168,0,144.1666666666667,4.166666666666667,0,140
#33474,2026-08,Counted,73,0,0,12.17,73,0,60.83333333333334,0,0,60.83333333333334
#33475,2026-08,Counted,61.2,5,0,9.369999999999999,56.2,0,51.00000000000001,4.166666666666667,0,46.83333333333334
#33476,2026-08,Counted,36,3.6,3.95,6.06,36.35,36.35,30,3,27,0
#33477,2026-08,Counted,63,0,0,10.5,63,0,52.5,0,0,52.5
#33478,2026-08,Counted,44,0,3.95,7.99,47.95,0,36.66666666666667,0,0,36.66666666666667
#33479,2026-08,Counted,110.5,0,0,18.42,110.5,0,92.08333333333334,0,0,92.08333333333334
#33480,2026-08,Counted,103,0,0,17.17,103,0,85.83333333333334,0,0,85.83333333333334
#33481,2026-08,Counted,83,0,0,13.83,83,0,69.16666666666667,0,0,69.16666666666667
#33482,2026-08,Counted,60,0,0,10,60,0,50,0,0,50
#33483,2026-08,Counted,7.5,0,3.95,1.91,11.45,0,6.25,0,0,6.25
#33484,2026-08,Counted,36,0,3.95,6.66,39.95,0,30,0,0,30
#33485,2026-08,Counted,28,0,3.95,5.33,31.95,0,23.33333333333334,0,0,23.33333333333334
#33486,2026-08,Counted,123,0,0,20.5,123,0,102.5,0,0,102.5
#33487,2026-08,Counted,50,0,0,8.33,50,50,41.66666666666667,0,41.66666666666667,0
#33488,2026-08,Counted,71.8,0,0,11.97,71.8,0,59.83333333333334,0,0,59.83333333333334
#33489,2026-08,Counted,46,0,3.95,8.33,49.95,0,38.33333333333334,0,0,38.33333333333334
#33490,2026-08,Counted,35,0,3.95,6.49,38.95,0,29.16666666666667,0,0,29.16666666666667
#33491,2026-08,Counted,11,0,3.95,2.49,14.95,0,9.166666666666668,0,0,9.166666666666668
#33492,2026-08,Counted,118,0,0,19.67,118,0,98.33333333333334,0,0,98.33333333333334
#33493,2026-08,Counted,26,0,3.95,4.99,29.95,0,21.66666666666667,0,0,21.66666666666667
#33494,2026-08,Counted,28,2.8,3.95,4.86,29.15,0,23.33333333333334,2.333333333333333,0,21
#33495,2026-08,Counted,17,0,3.95,3.49,20.95,0,14.16666666666667,0,0,14.16666666666667
#33496,2026-08,Counted,77,5,0,12,72,0,64.16666666666667,4.166666666666667,0,60.00000000000001
#33497,2026-08,Counted,16,1.6,3.95,3.06,18.35,0,13.33333333333333,1.333333333333333,0,12
#33498,2026-08,Counted,174,0,0,29,174,0,145,0,0,145
#33499,2026-08,Counted,28.5,0,3.95,5.41,32.45,0,23.75,0,0,23.75
#33500,2026-08,Counted,25,0,3.95,4.83,28.95,0,20.83333333333334,0,0,20.83333333333334
#33501,2026-08,"Pre-order, paid but not shipped",24,0,3.95,4.66,27.95,0,20,0,0,20
#33502,2026-08,Counted,80.5,0,0,13.42,80.5,0,67.08333333333334,0,0,67.08333333333334
#33503,2026-08,Counted,51.5,5.15,3.95,8.380000000000001,50.3,0,42.91666666666667,4.291666666666667,0,38.62500000000001
#33504,2026-08,"Pre-order, paid but not shipped",140,0,0,23.33,140,0,116.6666666666667,0,0,116.6666666666667
#33505,2026-08,Counted,43,0,3.95,7.83,46.95,0,35.83333333333334,0,0,35.83333333333334
#33506,2026-08,Counted,56,5.6,0,8.4,50.4,15.12,46.66666666666667,4.666666666666667,12.6,29.40000000000001
#33507,2026-08,Counted,34,0,3.95,6.33,37.95,0,28.33333333333334,0,0,28.33333333333334
#33508,2026-08,Counted,16.5,0,3.95,3.41,20.45,0,13.75,0,0,13.75
#33509,2026-08,Counted,96,0,0,16,96,0,80,0,0,80
#33510,2026-08,Counted,41,0,3.95,7.49,44.95,0,34.16666666666667,0,0,34.16666666666667
#33511,2026-08,Counted,25,0,3.95,4.83,28.95,0,20.83333333333334,0,0,20.83333333333334
#33512,2026-08,Counted,105,10.5,0,15.75,94.5,0,87.5,8.75,0,78.75
#33513,2026-08,Counted,74,0,0,12.33,74,0,61.66666666666667,0,0,61.66666666666667
#33514,2026-08,Counted,60,0,0,10,60,0,50,0,0,50
#33515,2026-08,Counted,45,0,3.95,8.16,48.95,0,37.5,0,0,37.5
#33516,2026-08,Counted,36,0,3.95,6.66,39.95,0,30,0,0,30
#33517,2026-08,Counted,17,0,3.95,3.49,20.95,0,14.16666666666667,0,0,14.16666666666667
#33518,2026-08,Counted,86,0,0,14.33,86,0,71.66666666666667,0,0,71.66666666666667
#33519,2026-08,"Pre-order, paid but not shipped",82,0,0,13.67,82,0,68.33333333333334,0,0,68.33333333333334
#33520,2026-08,Counted,72,0,0,12,72,0,60,0,0,60
#33521,2026-08,Counted,48,0,3.95,8.66,51.95,0,40,0,0,40
#33522,2026-08,Counted,27,0,3.95,5.16,30.95,0,22.5,0,0,22.5
#33523,2026-08,Counted,211,0,0,35.17,211,0,175.8333333333333,0,0,175.8333333333333
#33524,2026-08,Counted,66,0,0,11,66,0,55,0,0,55
#33525,2026-08,Counted,97,9.699999999999999,0,14.55,87.3,0,80.83333333333334,8.083333333333334,0,72.75000000000001
#33526,2026-08,Counted,58,0,0,9.67,58,0,48.33333333333334,0,0,48.33333333333334
#33527,2026-08,Counted,107.6,0,0,17.93,107.6,0,89.66666666666667,0,0,89.66666666666667
#33528,2026-08,Counted,63,0,0,10.5,63,0,52.5,0,0,52.5
#33529,2026-08,Counted,40,0,3.95,7.33,43.95,0,33.33333333333334,0,0,33.33333333333334
#33530,2026-08,Counted,146,0,0,24.33,146,0,121.6666666666667,0,0,121.6666666666667
#33531,2026-08,Counted,66,0,0,11,66,0,55,0,0,55
#33532,2026-08,Counted,132,0,0,22,132,0,110,0,0,110
#33533,2026-08,"Pre-order, paid but not shipped",59,0,0,9.83,59,17.7,49.16666666666667,0,14.75,34.41666666666667
#33534,2026-08,Counted,78,0,0,13,78,0,65,0,0,65
#33535,2026-08,Counted,52,0,0,8.67,52,0,43.33333333333334,0,0,43.33333333333334
#33536,2026-08,"Pre-order, paid but not shipped",25,0,3.95,4.83,28.95,0,20.83333333333334,0,0,20.83333333333334
#33537,2026-08,Counted,34,0,3.95,6.33,37.95,0,28.33333333333334,0,0,28.33333333333334
#33538,2026-08,Counted,95,0,0,15.83,95,0,79.16666666666667,0,0,79.16666666666667
#33539,2026-08,Counted,38,0,3.95,6.99,41.95,8.390000000000001,31.66666666666667,0,6.991666666666667,24.675
#33540,2026-08,Counted,17,0,3.95,3.49,20.95,20.95,14.16666666666667,0,14.16666666666667,0
#33541,2026-08,Counted,56,5.6,0,8.4,50.4,0,46.66666666666667,4.666666666666667,0,42.00000000000001
#33542,2026-08,Counted,43,0,3.95,7.83,46.95,0,35.83333333333334,0,0,35.83333333333334
#33543,2026-08,Counted,30,0,3.95,5.66,33.95,0,25,0,0,25
#33544,2026-08,Counted,20,5,3.95,3.16,18.95,0,16.66666666666667,4.166666666666667,0,12.5
#33545,2026-08,Counted,41,0,3.95,7.49,44.95,0,34.16666666666667,0,0,34.16666666666667
#33546,2026-08,Counted,28,2.8,3.95,4.86,29.15,0,23.33333333333334,2.333333333333333,0,21
#33547,2026-08,Counted,25,0,3.95,4.83,28.95,0,20.83333333333334,0,0,20.83333333333334
#33548,2026-08,Counted,57.5,0,0,9.58,57.5,0,47.91666666666667,0,0,47.91666666666667
#33549,2026-08,Counted,172,5,0,27.83,167,0,143.3333333333333,4.166666666666667,0,139.1666666666667
#33550,2026-08,Counted,88,0,0,14.67,88,0,73.33333333333334,0,0,73.33333333333334
#33551,2026-08,Counted,57,0,0,9.5,57,0,47.5,0,0,47.5
#33552,2026-08,Counted,115,0,0,19.17,115,0,95.83333333333334,0,0,95.83333333333334
#33553,2026-08,Counted,45,0,3.95,8.16,48.95,0,37.5,0,0,37.5
#33554,2026-08,Counted,21,0,3.95,4.16,24.95,0,17.5,0,0,17.5
#33555,2026-08,Counted,11,0,3.95,2.49,14.95,0,9.166666666666668,0,0,9.166666666666668
#33556,2026-08,Counted,60,0,0,10,60,0,50,0,0,50
#33557,2026-08,Counted,92,0,0,15.33,92,0,76.66666666666667,0,0,76.66666666666667
#33558,2026-08,Counted,19,0,3.95,3.83,22.95,0,15.83333333333333,0,0,15.83333333333333
#33559,2026-08,Counted,67,0,0,11.17,67,0,55.83333333333334,0,0,55.83333333333334
#33560,2026-08,Counted,97,0,0,16.17,97,0,80.83333333333334,0,0,80.83333333333334
#33561,2026-08,Counted,58,0,0,9.67,58,0,48.33333333333334,0,0,48.33333333333334
#33562,2026-08,Counted,21,0,3.95,4.16,24.95,0,17.5,0,0,17.5
#33563,2026-08,Counted,114,5,0,18.17,109,0,95,4.166666666666667,0,90.83333333333333
#33564,2026-08,Counted,86,0,0,14.33,86,0,71.66666666666667,0,0,71.66666666666667
#33565,2026-08,Counted,205.5,0,0,34.25,205.5,0,171.25,0,0,171.25
#33566,2026-08,Counted,120,0,0,20,120,0,100,0,0,100
#33567,2026-08,Counted,36,0,3.95,6.66,39.95,0,30,0,0,30
#33568,2026-08,Counted,14,0,3.95,2.99,17.95,5.39,11.66666666666667,0,4.491666666666666,7.175000000000002
#33569,2026-08,Counted,99,0,0,16.5,99,0,82.5,0,0,82.5
#33570,2026-08,Counted,7.5,0,3.95,1.91,11.45,0,6.25,0,0,6.25
#33571,2026-08,Counted,66,0,0,11,66,0,55,0,0,55
#33572,2026-08,Counted,142,0,0,23.67,142,0,118.3333333333333,0,0,118.3333333333333
#33573,2026-08,Counted,138,0,0,23,138,0,115,0,0,115
#33574,2026-08,Counted,26,0,3.95,4.99,29.95,0,21.66666666666667,0,0,21.66666666666667
#33575,2026-08,Counted,129,0,0,21.5,129,0,107.5,0,0,107.5
#33576,2026-08,Counted,30,0,3.95,5.66,33.95,33.95,25,0,25,0
#33577,2026-08,Counted,30,0,3.95,5.66,33.95,0,25,0,0,25
#33578,2026-08,Counted,28,0,3.95,5.33,31.95,0,23.33333333333334,0,0,23.33333333333334
#33579,2026-08,Counted,12,0,3.95,2.66,15.95,3.19,10,0,2.658333333333333,7.341666666666667
#33580,2026-08,Counted,21,0,3.95,4.16,24.95,0,17.5,0,0,17.5
#33581,2026-08,Counted,78,0,0,13,78,0,65,0,0,65
#33582,2026-08,Counted,88,0,0,14.67,88,0,73.33333333333334,0,0,73.33333333333334
#33583,2026-08,Counted,105.5,0,0,17.58,105.5,0,87.91666666666667,0,0,87.91666666666667
#33584,2026-08,Counted,95,0,0,15.83,95,0,79.16666666666667,0,0,79.16666666666667
#33585,2026-08,Counted,19,0,3.95,3.83,22.95,0,15.83333333333333,0,0,15.83333333333333
#33586,2026-08,Counted,42,0,3.95,7.66,45.95,0,35,0,0,35
#33587,2026-08,Counted,24,0,3.95,4.66,27.95,0,20,0,0,20
#33588,2026-08,Counted,28,0,3.95,5.33,31.95,0,23.33333333333334,0,0,23.33333333333334
#33589,2026-08,Counted,136.5,0,0,22.75,136.5,0,113.75,0,0,113.75
#33590,2026-08,"Pre-order, paid but not shipped",69,0,0,11.5,69,0,57.5,0,0,57.5
#33591,2026-08,Counted,49.5,0,3.95,8.91,53.45,0,41.25,0,0,41.25
#33592,2026-08,Counted,17,0,3.95,3.49,20.95,0,14.16666666666667,0,0,14.16666666666667
#33593,2026-08,Counted,64,0,0,10.67,64,0,53.33333333333334,0,0,53.33333333333334
#33594,2026-08,Counted,26,2.6,3.95,4.56,27.35,0,21.66666666666667,2.166666666666667,0,19.5
#33595,2026-08,Counted,74,0,0,12.33,74,0,61.66666666666667,0,0,61.66666666666667
#33596,2026-08,Counted,36,0,3.95,6.66,39.95,0,30,0,0,30
#33597,2026-08,Counted,21,0,3.95,4.16,24.95,0,17.5,0,0,17.5
#33598,2026-08,Counted,51,0,0,8.5,51,0,42.5,0,0,42.5
#33599,2026-08,Counted,77,5,0,12,72,0,64.16666666666667,4.166666666666667,0,60.00000000000001
#33600,2026-08,Counted,79,0,0,13.17,79,0,65.83333333333334,0,0,65.83333333333334
#33601,2026-08,Counted,42,0,3.95,7.66,45.95,0,35,0,0,35
#33602,2026-08,Counted,48,0,3.95,8.66,51.95,0,40,0,0,40
#33603,2026-08,Counted,60,0,0,10,60,0,50,0,0,50
#33604,2026-08,"Pre-order, paid but not shipped",14,1.4,3.95,2.76,16.55,0,11.66666666666667,1.166666666666667,0,10.5
#33605,2026-08,Counted,24,0,3.95,4.66,27.95,0,20,0,0,20
#33606,2026-08,Counted,38,0,3.95,6.99,41.95,0,31.66666666666667,0,0,31.66666666666667
#33607,2026-08,Counted,80,0,0,13.33,80,0,66.66666666666667,0,0,66.66666666666667
#33608,2026-08,Counted,52,5.2,3.95,8.460000000000001,50.75,0,43.33333333333334,4.333333333333334,0,39
#33609,2026-08,Counted,38,0,3.95,6.99,41.95,0,31.66666666666667,0,0,31.66666666666667
#33610,2026-08,Counted,133,13.3,0,19.95,119.7,0,110.8333333333333,11.08333333333333,0,99.75000000000001
#33611,2026-08,Counted,107.5,10.75,0,16.13,96.75,0,89.58333333333334,8.958333333333334,0,80.62500000000001
#33612,2026-08,Counted,315,0,0,52.5,315,0,262.5,0,0,262.5
#33613,2026-08,Counted,87,0,0,14.5,87,0,72.5,0,0,72.5
#33614,2026-08,Counted,12,0,3.95,2.66,15.95,0,10,0,0,10
#33615,2026-08,Counted,15,0,3.95,3.16,18.95,0,12.5,0,0,12.5
#33616,2026-08,Counted,102,0,0,17,102,0,85,0,0,85
#33617,2026-08,Counted,15,0,3.95,3.16,18.95,0,12.5,0,0,12.5
#33618,2026-08,Counted,42,5,3.95,6.83,40.95,0,35,4.166666666666667,0,30.83333333333333
#33619,2026-08,Counted,30,0,3.95,5.66,33.95,0,25,0,0,25
#33620,2026-08,Counted,77,0,0,12.83,77,0,64.16666666666667,0,0,64.16666666666667
#33621,2026-08,Counted,78,0,0,13,78,0,65,0,0,65
#33622,2026-08,Counted,28,0,3.95,5.33,31.95,0,23.33333333333334,0,0,23.33333333333334
#33623,2026-08,Counted,111,0,0,18.5,111,0,92.5,0,0,92.5
#33624,2026-08,Counted,36,0,3.95,6.66,39.95,0,30,0,0,30
#33625,2026-08,Counted,12,0,3.95,2.66,15.95,0,10,0,0,10
#33626,2026-08,Counted,48,0,3.95,8.66,51.95,0,40,0,0,40
#33627,2026-08,Counted,47.5,0,3.95,8.58,51.45,0,39.58333333333334,0,0,39.58333333333334
#33628,2026-08,Counted,28,0,3.95,5.33,31.95,0,23.33333333333334,0,0,23.33333333333334
#33629,2026-08,Counted,40,0,3.95,7.33,43.95,0,33.33333333333334,0,0,33.33333333333334
#33630,2026-08,Counted,20,0,3.95,3.99,23.95,0,16.66666666666667,0,0,16.66666666666667
#33631,2026-08,Cancelled / voided (never shipped),378,0,0,63,378,0,315,0,0,315
#33632,2026-08,Counted,45,0,3.95,8.16,48.95,0,37.5,0,0,37.5
#33633,2026-08,Counted,7.5,0,3.95,1.91,11.45,0,6.25,0,0,6.25
#33634,2026-08,Test order,94,0,0,15.67,94,0,78.33333333333334,0,0,78.33333333333334
#33635,2026-08,Counted,116,0,0,19.33,116,0,96.66666666666667,0,0,96.66666666666667
#33636,2026-08,Counted,64,0,0,10.67,64,0,53.33333333333334,0,0,53.33333333333334
#33637,2026-08,Counted,7.5,0,3.95,1.91,11.45,0,6.25,0,0,6.25
#33638,2026-08,Counted,64,0,0,10.67,64,0,53.33333333333334,0,0,53.33333333333334
#33639,2026-08,Counted,53,0,0,8.83,53,0,44.16666666666667,0,0,44.16666666666667
#33640,2026-08,Counted,17,0,3.95,3.49,20.95,0,14.16666666666667,0,0,14.16666666666667
#33641,2026-08,Counted,116,0,0,19.33,116,0,96.66666666666667,0,0,96.66666666666667
#33642,2026-08,Counted,114,0,0,19,114,0,95,0,0,95
#33643,2026-08,Counted,83,0,0,13.83,83,0,69.16666666666667,0,0,69.16666666666667
#33644,2026-08,Counted,110,5,0,17.5,105,0,91.66666666666667,4.166666666666667,0,87.5
#33645,2026-08,Counted,22.5,0,3.95,4.41,26.45,0,18.75,0,0,18.75
#33646,2026-08,Counted,108,10.8,0,16.2,97.2,0,90,9.000000000000002,0,81
#33647,2026-08,Counted,38,0,3.95,6.99,41.95,0,31.66666666666667,0,0,31.66666666666667
#33648,2026-08,Counted,54,0,0,9,54,0,45,0,0,45
#33649,2026-08,Counted,96,0,0,16,96,0,80,0,0,80
#33650,2026-08,Counted,27,0,3.95,5.16,30.95,0,22.5,0,0,22.5
#33651,2026-08,Counted,79,0,0,13.17,79,0,65.83333333333334,0,0,65.83333333333334
#33652,2026-08,Counted,52,0,0,8.67,52,0,43.33333333333334,0,0,43.33333333333334
#33653,2026-08,"Pre-order, paid but not shipped",72,0,0,12,72,0,60,0,0,60
#33654,2026-08,Counted,11,0,3.95,2.49,14.95,0,9.166666666666668,0,0,9.166666666666668
#33655,2026-08,Counted,65,0,0,10.83,65,0,54.16666666666667,0,0,54.16666666666667
#33656,2026-08,Counted,94,0,0,15.67,94,0,78.33333333333334,0,0,78.33333333333334
#33657,2026-08,Counted,64,0,0,10.67,64,19.2,53.33333333333334,0,16,37.33333333333334
#33658,2026-08,Counted,32.5,0,3.95,6.08,36.45,0,27.08333333333334,0,0,27.08333333333334
#33659,2026-08,Counted,94,0,0,15.67,94,0,78.33333333333334,0,0,78.33333333333334
#33660,2026-08,Counted,16,0,3.95,3.33,19.95,0,13.33333333333333,0,0,13.33333333333333
#33661,2026-08,Counted,22.5,0,3.95,4.41,26.45,0,18.75,0,0,18.75
#33662,2026-08,Counted,11,0,3.95,2.49,14.95,0,9.166666666666668,0,0,9.166666666666668
#33663,2026-08,Counted,76,5,0,11.83,71,0,63.33333333333334,4.166666666666667,0,59.16666666666667
#33664,2026-08,Counted,47,5,3.95,7.66,45.95,0,39.16666666666667,4.166666666666667,0,35.00000000000001
#33665,2026-08,Counted,25,0,3.95,4.83,28.95,0,20.83333333333334,0,0,20.83333333333334
#33666,2026-08,Counted,111,0,0,18.5,111,0,92.5,0,0,92.5
#33667,2026-08,Counted,96,0,0,16,96,0,80,0,0,80
#33668,2026-08,Counted,87,0,0,14.5,87,0,72.5,0,0,72.5
#33669,2026-08,Counted,30,0,3.95,5.66,33.95,0,25,0,0,25
#33670,2026-08,Counted,6,0,3.95,1.66,9.949999999999999,0,5,0,0,5
#33671,2026-08,Counted,19,0,3.95,3.83,22.95,0,15.83333333333333,0,0,15.83333333333333
#33672,2026-08,Counted,37.5,0,3.95,6.91,41.45,0,31.25,0,0,31.25
#33673,2026-08,Counted,40,0,3.95,7.33,43.95,0,33.33333333333334,0,0,33.33333333333334
#33674,2026-08,Counted,25,0,3.95,4.83,28.95,0,20.83333333333334,0,0,20.83333333333334
#33675,2026-08,Counted,62,0,0,10.33,62,0,51.66666666666667,0,0,51.66666666666667
#33676,2026-08,Counted,219,0,0,36.5,219,0,182.5,0,0,182.5
#33677,2026-08,Counted,30,0,3.95,5.66,33.95,0,25,0,0,25
#33678,2026-08,Counted,15,0,3.95,3.16,18.95,0,12.5,0,0,12.5
#33679,2026-08,Counted,32,0,3.95,5.99,35.95,0,26.66666666666667,0,0,26.66666666666667
#33680,2026-08,Counted,54.5,0,0,9.08,54.5,0,45.41666666666667,0,0,45.41666666666667
#33681,2026-08,Counted,174,0,0,29,174,0,145,0,0,145
#33682,2026-08,Counted,83,0,0,13.83,83,0,69.16666666666667,0,0,69.16666666666667
#33683,2026-08,Counted,42,0,3.95,7.66,45.95,0,35,0,0,35
#33684,2026-08,Counted,244.5,0,0,40.75,244.5,0,203.75,0,0,203.75
#33685,2026-08,Counted,28,0,3.95,5.33,31.95,0,23.33333333333334,0,0,23.33333333333334
#33686,2026-08,Counted,353,0,0,58.83,353,0,294.1666666666667,0,0,294.1666666666667
#33687,2026-08,Counted,140,0,0,23.33,140,0,116.6666666666667,0,0,116.6666666666667
#33688,2026-08,Counted,90,0,0,15,90,0,75,0,0,75
#33689,2026-08,Counted,44,0,3.95,7.99,47.95,0,36.66666666666667,0,0,36.66666666666667
#33690,2026-08,Counted,47,0,3.95,8.49,50.95,0,39.16666666666667,0,0,39.16666666666667
#33691,2026-08,Counted,33,0,3.95,6.16,36.95,0,27.5,0,0,27.5
#33692,2026-08,Counted,57,0,0,9.5,57,0,47.5,0,0,47.5
#33693,2026-08,"Pre-order, paid but not shipped",160,0,0,26.67,160,0,133.3333333333333,0,0,133.3333333333333
#33694,2026-08,Counted,78,0,0,13,78,0,65,0,0,65
#33695,2026-08,Counted,66,0,0,11,66,0,55,0,0,55
#33696,2026-08,Counted,180,0,0,30,180,0,150,0,0,150
#33697,2026-08,Counted,114,0,0,19,114,0,95,0,0,95
#33698,2026-08,Counted,25,0,3.95,4.83,28.95,0,20.83333333333334,0,0,20.83333333333334
#33699,2026-08,Counted,60,0,0,10,60,0,50,0,0,50
#33700,2026-08,"Pre-order, paid but not shipped",138,5,0,22.17,133,0,115,4.166666666666667,0,110.8333333333333
#33701,2026-08,Counted,91,0,0,15.17,91,0,75.83333333333334,0,0,75.83333333333334
#33702,2026-08,Counted,11,0,3.95,2.49,14.95,0,9.166666666666668,0,0,9.166666666666668
#33703,2026-08,Counted,233,0,0,38.83,233,0,194.1666666666667,0,0,194.1666666666667
#33704,2026-08,Counted,57,0,0,9.5,57,0,47.5,0,0,47.5
#33705,2026-08,Counted,106,0,0,17.67,106,0,88.33333333333334,0,0,88.33333333333334
#33706,2026-08,Counted,66,0,0,11,66,0,55,0,0,55
#33707,2026-08,Counted,51,0,0,8.5,51,0,42.5,0,0,42.5
#33708,2026-08,Counted,18,0,3.95,3.66,21.95,0,15,0,0,15
#33709,2026-08,Counted,27.5,0,3.95,5.24,31.45,0,22.91666666666667,0,0,22.91666666666667
#33710,2026-08,Counted,17,0,3.95,3.49,20.95,0,14.16666666666667,0,0,14.16666666666667
#33711,2026-08,Counted,72,0,0,12,72,0,60,0,0,60
#33712,2026-08,Counted,110,0,0,18.33,110,0,91.66666666666667,0,0,91.66666666666667
#33713,2026-08,Counted,15,0,3.95,3.16,18.95,0,12.5,0,0,12.5
#33714,2026-08,Counted,22.5,0,3.95,4.41,26.45,0,18.75,0,0,18.75
#33715,2026-08,Counted,69.5,0,0,11.58,69.5,0,57.91666666666667,0,0,57.91666666666667
#33716,2026-08,Counted,18,0,3.95,3.66,21.95,0,15,0,0,15
#33717,2026-08,Counted,17,1.7,3.95,3.21,19.25,0,14.16666666666667,1.416666666666667,0,12.75
#33718,2026-08,Counted,51,0,0,8.5,51,0,42.5,0,0,42.5
#33719,2026-08,Counted,181,0,0,30.17,181,0,150.8333333333333,0,0,150.8333333333333
#33720,2026-08,Counted,11,0,3.95,2.49,14.95,0,9.166666666666668,0,0,9.166666666666668
#33721,2026-08,Counted,257,0,0,42.83,257,0,214.1666666666667,0,0,214.1666666666667
#33722,2026-08,Counted,114,5,0,18.17,109,0,95,4.166666666666667,0,90.83333333333333
#33723,2026-08,Counted,54,5.4,3.95,8.76,52.55,0,45,4.500000000000001,0,40.5
#33724,2026-08,Counted,66,5,0,10.17,61,0,55,4.166666666666667,0,50.83333333333334
#33725,2026-08,Counted,117,0,0,19.5,117,0,97.5,0,0,97.5
#33726,2026-08,Counted,11,0,3.95,2.49,14.95,0,9.166666666666668,0,0,9.166666666666668
#33727,2026-08,Counted,90,0,0,15,90,90,75,0,75,0
#33728,2026-08,Counted,26,2.6,3.95,4.56,27.35,0,21.66666666666667,2.166666666666667,0,19.5
#33729,2026-08,Counted,68,6.8,0,10.2,61.2,0,56.66666666666667,5.666666666666667,0,51.00000000000001
#33730,2026-08,Counted,130,0,0,21.67,130,26,108.3333333333333,0,21.66666666666667,86.66666666666667
#33731,2026-08,Counted,42,0,3.95,7.66,45.95,0,35,0,0,35
#33732,2026-08,Counted,159,15.9,0,23.85,143.1,0,132.5,13.25,0,119.25
#33733,2026-08,Counted,18,0,3.95,3.66,21.95,0,15,0,0,15
#33734,2026-08,Counted,16,0,3.95,3.33,19.95,0,13.33333333333333,0,0,13.33333333333333
#33735,2026-08,Counted,44,0,3.95,7.99,47.95,0,36.66666666666667,0,0,36.66666666666667
#33736,2026-08,Counted,32,0,3.95,5.99,35.95,0,26.66666666666667,0,0,26.66666666666667
#33737,2026-08,Counted,272,0,0,45.33,272,0,226.6666666666667,0,0,226.6666666666667
#33738,2026-08,Counted,65,0,0,10.83,65,0,54.16666666666667,0,0,54.16666666666667
#33739,2026-08,Counted,50,0,0,8.33,50,0,41.66666666666667,0,0,41.66666666666667
#33740,2026-08,Counted,112,0,0,18.67,112,0,93.33333333333334,0,0,93.33333333333334
#33741,2026-08,Counted,108,0,0,18,108,0,90,0,0,90
#33742,2026-08,Counted,83,0,0,13.83,83,0,69.16666666666667,0,0,69.16666666666667
#33743,2026-08,Counted,202,0,0,33.67,202,0,168.3333333333333,0,0,168.3333333333333
#33744,2026-08,Counted,24,0,3.95,4.66,27.95,0,20,0,0,20
#33745,2026-08,Counted,32,3.2,3.95,5.46,32.75,0,26.66666666666667,2.666666666666667,0,24
#33746,2026-08,Counted,115,0,0,19.17,115,0,95.83333333333334,0,0,95.83333333333334
#33747,2026-08,Counted,15,0,3.95,3.16,18.95,0,12.5,0,0,12.5
#33748,2026-08,Counted,30,0,3.95,5.66,33.95,0,25,0,0,25
#33749,2026-08,Counted,9,0,3.95,2.16,12.95,0,7.5,0,0,7.5
#33750,2026-08,Counted,82,8.199999999999999,0,12.3,73.8,0,68.33333333333334,6.833333333333333,0,61.50000000000001
#33751,2026-08,Counted,139,0,0,23.17,139,0,115.8333333333333,0,0,115.8333333333333
#33752,2026-08,Counted,21,0,3.95,4.16,24.95,0,17.5,0,0,17.5
#33753,2026-08,Counted,56,0,0,9.33,56,0,46.66666666666667,0,0,46.66666666666667
#33754,2026-08,Counted,112,0,0,18.67,112,0,93.33333333333334,0,0,93.33333333333334
#33755,2026-08,"Pre-order, paid but not shipped",16,0,3.95,3.33,19.95,0,13.33333333333333,0,0,13.33333333333333
#33756,2026-08,Counted,150,0,0,25,150,0,125,0,0,125
#33757,2026-08,Counted,22,0,3.95,4.33,25.95,0,18.33333333333334,0,0,18.33333333333334
#33758,2026-08,Counted,24,5,3.95,3.83,22.95,0,20,4.166666666666667,0,15.83333333333333
#33759,2026-08,Counted,70,0,0,11.67,70,0,58.33333333333334,0,0,58.33333333333334
#33760,2026-08,Counted,167,0,0,27.83,167,0,139.1666666666667,0,0,139.1666666666667
#33761,2026-08,Counted,68,0,0,11.33,68,0,56.66666666666667,0,0,56.66666666666667
#33762,2026-08,Counted,117,0,0,19.5,117,0,97.5,0,0,97.5
#33763,2026-08,Counted,68,0,0,11.33,68,0,56.66666666666667,0,0,56.66666666666667
#33764,2026-08,Counted,46.8,0,3.95,8.460000000000001,50.75,0,39,0,0,39
#33765,2026-08,Counted,19,0,3.95,3.83,22.95,0,15.83333333333333,0,0,15.83333333333333
#33766,2026-08,Counted,22,2.2,3.95,3.96,23.75,0,18.33333333333334,1.833333333333333,0,16.5
#33767,2026-08,Counted,28,0,3.95,5.33,31.95,0,23.33333333333334,0,0,23.33333333333334
#33768,2026-08,Counted,146,14.6,0,21.9,131.4,0,121.6666666666667,12.16666666666667,0,109.5
#33769,2026-08,Counted,32,0,3.95,5.99,35.95,0,26.66666666666667,0,0,26.66666666666667
#33770,2026-08,Counted,48,0,3.95,8.66,51.95,0,40,0,0,40
#33771,2026-08,Counted,123,0,0,20.5,123,0,102.5,0,0,102.5
#33772,2026-08,"Pre-order, paid but not shipped",28,2.8,3.95,4.86,29.15,0,23.33333333333334,2.333333333333333,0,21
#33773,2026-08,Counted,71,0,0,11.83,71,0,59.16666666666667,0,0,59.16666666666667
#33774,2026-08,Counted,86,0,0,14.33,86,0,71.66666666666667,0,0,71.66666666666667
#33775,2026-08,Counted,54,0,0,9,54,0,45,0,0,45
#33776,2026-08,Counted,122,0,0,20.33,122,0,101.6666666666667,0,0,101.6666666666667
#33777,2026-08,Counted,110,0,0,18.33,110,0,91.66666666666667,0,0,91.66666666666667
#33778,2026-08,Counted,45,0,3.95,8.16,48.95,0,37.5,0,0,37.5
#33779,2026-08,Counted,60,0,0,10,60,0,50,0,0,50
#33780,2026-08,Counted,125,0,0,20.83,125,0,104.1666666666667,0,0,104.1666666666667
#33781,2026-08,Counted,42,0,3.95,7.66,45.95,0,35,0,0,35
#33782,2026-08,Counted,16,0,3.95,3.33,19.95,0,13.33333333333333,0,0,13.33333333333333
#33783,2026-08,"Pre-order, paid but not shipped",107,0,0,17.83,107,0,89.16666666666667,0,0,89.16666666666667
#33784,2026-08,Counted,60.5,6.05,0,9.08,54.45,0,50.41666666666667,5.041666666666667,0,45.37500000000001
#33785,2026-08,Counted,9.6,0.96,3.95,2.1,12.59,0,8,0.8,0,7.2
#33786,2026-08,Counted,124,0,0,20.67,124,0,103.3333333333333,0,0,103.3333333333333
#33787,2026-08,Counted,109,0,0,18.17,109,0,90.83333333333334,0,0,90.83333333333334
#33788,2026-08,"Pre-order, paid but not shipped",24,2.4,3.95,4.26,25.55,0,20,2,0,18
#33789,2026-08,Counted,95,0,0,15.83,95,0,79.16666666666667,0,0,79.16666666666667
#33790,2026-08,Counted,70,0,0,11.67,70,0,58.33333333333334,0,0,58.33333333333334
#33791,2026-08,Counted,327,0,0,54.5,327,0,272.5,0,0,272.5
#33792,2026-08,Counted,7.5,0,3.95,1.91,11.45,0,6.25,0,0,6.25
#33793,2026-08,Counted,250,0,0,41.67,250,75,208.3333333333333,0,62.5,145.8333333333333
#33794,2026-08,Counted,76,0,0,12.67,76,0,63.33333333333334,0,0,63.33333333333334
#33795,2026-08,Counted,121,0,0,20.17,121,0,100.8333333333333,0,0,100.8333333333333
#33796,2026-08,Counted,101,0,0,16.83,101,0,84.16666666666667,0,0,84.16666666666667
#33797,2026-08,Counted,26,0,3.95,4.99,29.95,0,21.66666666666667,0,0,21.66666666666667
#33798,2026-08,Counted,255,0,0,42.5,255,0,212.5,0,0,212.5
#33799,2026-08,Counted,12,0,3.95,2.66,15.95,0,10,0,0,10
#33800,2026-08,Counted,108,0,0,18,108,0,90,0,0,90
#33801,2026-08,Counted,98,0,0,16.33,98,0,81.66666666666667,0,0,81.66666666666667
#33802,2026-08,Counted,114,0,0,19,114,0,95,0,0,95
#33803,2026-08,Counted,42,0,3.95,7.66,45.95,0,35,0,0,35
#33804,2026-08,Counted,103,0,0,17.17,103,0,85.83333333333334,0,0,85.83333333333334
#33805,2026-08,Counted,51,0,0,8.5,51,0,42.5,0,0,42.5
#33806,2026-08,Counted,40,0,3.95,7.33,43.95,0,33.33333333333334,0,0,33.33333333333334
#33807,2026-08,Counted,98.5,0,0,16.42,98.5,0,82.08333333333334,0,0,82.08333333333334
#33808,2026-08,Counted,84,8.4,0,12.6,75.59999999999999,0,70,7.000000000000001,0,63
#33809,2026-08,Counted,95,0,0,15.83,95,0,79.16666666666667,0,0,79.16666666666667
#33810,2026-08,Counted,14,0,3.95,2.99,17.95,0,11.66666666666667,0,0,11.66666666666667
#33811,2026-08,Counted,74,0,0,12.33,74,0,61.66666666666667,0,0,61.66666666666667
#33812,2026-08,Counted,21,0,3.95,4.16,24.95,0,17.5,0,0,17.5
#33813,2026-08,Counted,59.5,5,0,9.08,54.5,0,49.58333333333334,4.166666666666667,0,45.41666666666667
#33814,2026-08,Counted,44.5,0,3.95,8.08,48.45,0,37.08333333333334,0,0,37.08333333333334
#33815,2026-08,Counted,12,0,3.95,2.66,15.95,0,10,0,0,10
#33816,2026-08,Counted,127,0,0,21.17,127,0,105.8333333333333,0,0,105.8333333333333
#33817,2026-08,Counted,199,0,0,33.17,199,0,165.8333333333333,0,0,165.8333333333333
#33818,2026-08,Counted,26,0,3.95,4.99,29.95,0,21.66666666666667,0,0,21.66666666666667
#33819,2026-08,Counted,24,2.4,3.95,4.26,25.55,0,20,2,0,18
#33820,2026-08,Counted,52,0,0,8.67,52,0,43.33333333333334,0,0,43.33333333333334
#33821,2026-08,Counted,9,0,3.95,2.16,12.95,0,7.5,0,0,7.5
#33822,2026-08,Counted,34,0,3.95,6.33,37.95,0,28.33333333333334,0,0,28.33333333333334
#33823,2026-08,Counted,27,0,3.95,5.16,30.95,0,22.5,0,0,22.5
#33824,2026-08,Counted,99,0,0,16.5,99,0,82.5,0,0,82.5
#33825,2026-08,Counted,19,0,3.95,3.83,22.95,0,15.83333333333333,0,0,15.83333333333333
#33826,2026-08,"Pre-order, paid but not shipped",82,0,0,13.67,82,0,68.33333333333334,0,0,68.33333333333334
#33827,2026-08,Counted,94,0,0,15.67,94,0,78.33333333333334,0,0,78.33333333333334
#33828,2026-08,Counted,171,0,0,28.5,171,0,142.5,0,0,142.5
#33829,2026-08,Counted,44,0,3.95,7.99,47.95,0,36.66666666666667,0,0,36.66666666666667
#33830,2026-08,Counted,61,0,0,10.17,61,0,50.83333333333334,0,0,50.83333333333334
#33831,2026-08,Counted,22,0,3.95,4.33,25.95,0,18.33333333333334,0,0,18.33333333333334
#33832,2026-08,Counted,129,5,0,20.67,124,0,107.5,4.166666666666667,0,103.3333333333333
#33833,2026-08,Counted,114,0,0,19,114,0,95,0,0,95
#33834,2026-08,Counted,41,4.1,3.95,6.81,40.85,0,34.16666666666667,3.416666666666667,0,30.75
#33835,2026-08,Counted,152,0,0,25.33,152,0,126.6666666666667,0,0,126.6666666666667
#33836,2026-08,Counted,9.6,0,3.95,2.26,13.55,0,8,0,0,8
#33837,2026-08,Counted,45,0,3.95,8.16,48.95,0,37.5,0,0,37.5
#33838,2026-08,Counted,38,3.8,3.95,6.36,38.15,0,31.66666666666667,3.166666666666667,0,28.5
#33839,2026-08,Counted,90,0,0,15,90,0,75,0,0,75
#33840,2026-08,Counted,26,5,3.95,4.16,24.95,0,21.66666666666667,4.166666666666667,0,17.5
#33841,2026-08,Counted,72,0,0,12,72,0,60,0,0,60
#33842,2026-08,"Pre-order, paid but not shipped",38,0,3.95,6.99,41.95,0,31.66666666666667,0,0,31.66666666666667
#33843,2026-08,"Pre-order, paid but not shipped",52,0,0,8.67,52,0,43.33333333333334,0,0,43.33333333333334
#33844,2026-08,Counted,115.5,0,0,19.25,115.5,0,96.25,0,0,96.25
#33845,2026-08,Counted,28,0,3.95,5.33,31.95,0,23.33333333333334,0,0,23.33333333333334
#33846,2026-08,Counted,78,7.8,0,11.7,70.2,0,65,6.5,0,58.5
#33847,2026-08,Counted,9,0,3.95,2.16,12.95,0,7.5,0,0,7.5
#33848,2026-08,Counted,16,0,3.95,3.33,19.95,0,13.33333333333333,0,0,13.33333333333333
#33849,2026-08,Counted,113,0,0,18.83,113,0,94.16666666666667,0,0,94.16666666666667
#33850,2026-08,Counted,112,5,0,17.83,107,0,93.33333333333334,4.166666666666667,0,89.16666666666667
#33851,2026-08,Counted,22.5,0,3.95,4.41,26.45,0,18.75,0,0,18.75
#33852,2026-08,Counted,116,0,0,19.33,116,0,96.66666666666667,0,0,96.66666666666667
#33853,2026-08,Counted,89,0,0,14.83,89,0,74.16666666666667,0,0,74.16666666666667
#33854,2026-08,Counted,9,0,3.95,2.16,12.95,0,7.5,0,0,7.5
#33855,2026-08,Counted,46,0,3.95,8.33,49.95,0,38.33333333333334,0,0,38.33333333333334
#33856,2026-08,Counted,22,0,3.95,4.33,25.95,0,18.33333333333334,0,0,18.33333333333334
#33857,2026-08,Counted,85.5,0,0,14.25,85.5,0,71.25,0,0,71.25
#33858,2026-08,Counted,142,14.2,0,21.3,127.8,0,118.3333333333333,11.83333333333333,0,106.5
#33859,2026-08,Counted,62,0,0,10.33,62,0,51.66666666666667,0,0,51.66666666666667
#33860,2026-08,Counted,30,0,3.95,5.66,33.95,0,25,0,0,25
#33861,2026-08,Counted,20,0,3.95,3.99,23.95,0,16.66666666666667,0,0,16.66666666666667
#33862,2026-08,Counted,128,0,0,21.33,128,0,106.6666666666667,0,0,106.6666666666667
#33863,2026-08,Counted,64,0,0,10.67,64,0,53.33333333333334,0,0,53.33333333333334
#33864,2026-08,Counted,54,0,0,9,54,0,45,0,0,45
#33865,2026-08,"Pre-order, paid but not shipped",14,0,3.95,2.99,17.95,0,11.66666666666667,0,0,11.66666666666667
#33866,2026-08,Counted,94,0,0,15.67,94,0,78.33333333333334,0,0,78.33333333333334
#33867,2026-08,Counted,18,0,3.95,3.66,21.95,0,15,0,0,15
#33868,2026-08,Counted,38,0,3.95,6.99,41.95,0,31.66666666666667,0,0,31.66666666666667
#33869,2026-08,"Pre-order, paid but not shipped",183,0,0,30.5,183,0,152.5,0,0,152.5
#33870,2026-08,Counted,7.5,0,3.95,1.91,11.45,0,6.25,0,0,6.25
#33871,2026-08,"Pre-order, paid but not shipped",85.2,0,0,14.2,85.2,0,71,0,0,71
#33872,2026-08,Counted,75,0,0,12.5,75,0,62.5,0,0,62.5
#33873,2026-08,Counted,139,0,0,23.17,139,0,115.8333333333333,0,0,115.8333333333333
#33874,2026-08,Counted,34.5,0,3.95,6.41,38.45,0,28.75,0,0,28.75
#33875,2026-08,Counted,12,0,3.95,2.66,15.95,0,10,0,0,10
#33876,2026-08,Counted,376,0,0,62.67,376,0,313.3333333333334,0,0,313.3333333333334
#33877,2026-08,Counted,96,0,0,16,96,0,80,0,0,80
#33878,2026-08,Counted,195,5,0,31.67,190,0,162.5,4.166666666666667,0,158.3333333333333
#33879,2026-08,Counted,22.5,2.25,3.95,4.03,24.2,0,18.75,1.875,0,16.875
#33880,2026-08,Counted,22.5,0,3.95,4.41,26.45,0,18.75,0,0,18.75
#33881,2026-08,Counted,30,0,3.95,5.66,33.95,0,25,0,0,25
#33882,2026-08,Counted,53,0,0,8.83,53,0,44.16666666666667,0,0,44.16666666666667
#33883,2026-08,Counted,101,0,0,16.83,101,0,84.16666666666667,0,0,84.16666666666667
#33884,2026-08,Counted,15,0,3.95,3.16,18.95,0,12.5,0,0,12.5
#33885,2026-08,Counted,38,0,3.95,6.99,41.95,0,31.66666666666667,0,0,31.66666666666667
#33886,2026-08,Counted,36,0,3.95,6.66,39.95,0,30,0,0,30
#33887,2026-08,Counted,7.5,0,3.95,1.91,11.45,0,6.25,0,0,6.25
#33888,2026-08,Counted,19,0,3.95,3.83,22.95,0,15.83333333333333,0,0,15.83333333333333
#33889,2026-08,Counted,17,0,3.95,3.49,20.95,0,14.16666666666667,0,0,14.16666666666667
#33890,2026-08,Counted,70,0,0,11.67,70,0,58.33333333333334,0,0,58.33333333333334
#33891,2026-08,Counted,305,0,0,50.83,305,0,254.1666666666667,0,0,254.1666666666667
#33892,2026-08,Counted,15,0,3.95,3.16,18.95,0,12.5,0,0,12.5
#33893,2026-08,Counted,16,0,3.95,3.33,19.95,0,13.33333333333333,0,0,13.33333333333333
#33894,2026-08,Counted,32,0,3.95,5.99,35.95,0,26.66666666666667,0,0,26.66666666666667
#33895,2026-08,Counted,144,0,0,24,144,0,120,0,0,120
#33896,2026-08,Counted,17,0,3.95,3.49,20.95,0,14.16666666666667,0,0,14.16666666666667
#33897,2026-08,Counted,56,0,0,9.33,56,0,46.66666666666667,0,0,46.66666666666667
#33898,2026-08,Counted,79,0,0,13.17,79,0,65.83333333333334,0,0,65.83333333333334
#33899,2026-08,Counted,24,0,3.95,4.66,27.95,0,20,0,0,20
#33900,2026-08,Counted,106,10.6,0,15.9,95.40000000000001,0,88.33333333333334,8.833333333333334,0,79.50000000000001
#33901,2026-08,Counted,237,0,0,39.5,237,0,197.5,0,0,197.5
#33902,2026-08,Counted,45,0,3.95,8.16,48.95,0,37.5,0,0,37.5
#33903,2026-08,Counted,25,0,3.95,4.83,28.95,0,20.83333333333334,0,0,20.83333333333334
#33904,2026-08,Counted,30,0,3.95,5.66,33.95,0,25,0,0,25
#33905,2026-08,Counted,63.5,0,0,10.58,63.5,0,52.91666666666667,0,0,52.91666666666667
#33906,2026-08,Counted,72,7.2,0,10.8,64.8,0,60,6,0,54
#33907,2026-08,Counted,96,0,0,16,96,0,80,0,0,80
#33908,2026-08,Counted,30,0,3.95,5.66,33.95,0,25,0,0,25
#33909,2026-08,Counted,11,0,3.95,2.49,14.95,0,9.166666666666668,0,0,9.166666666666668
#33910,2026-08,Counted,28,0,3.95,5.33,31.95,0,23.33333333333334,0,0,23.33333333333334
#33911,2026-08,Counted,22,0,3.95,4.33,25.95,0,18.33333333333334,0,0,18.33333333333334
#33912,2026-08,Counted,96,9.6,0,14.4,86.40000000000001,0,80,8,0,72
#33913,2026-08,Counted,54,0,0,9,54,0,45,0,0,45
#33914,2026-08,Counted,102,10.2,0,15.3,91.8,0,85,8.5,0,76.5
#33915,2026-08,Counted,9.6,0,3.95,2.26,13.55,0,8,0,0,8
#33916,2026-08,"Pre-order, paid but not shipped",161,0,0,26.83,161,0,134.1666666666667,0,0,134.1666666666667
#33917,2026-08,Counted,36,3.6,3.95,6.06,36.35,0,30,3,0,27
#33918,2026-08,Counted,115,0,0,19.17,115,0,95.83333333333334,0,0,95.83333333333334
#33919,2026-08,Counted,140,0,0,23.33,140,0,116.6666666666667,0,0,116.6666666666667
#33920,2026-08,Counted,83,0,0,13.83,83,0,69.16666666666667,0,0,69.16666666666667
#33921,2026-08,Counted,198,0,0,33,198,0,165,0,0,165
#33922,2026-08,Counted,91,9.1,0,13.65,81.90000000000001,0,75.83333333333334,7.583333333333333,0,68.25000000000001
#33923,2026-08,Counted,103,0,0,17.17,103,0,85.83333333333334,0,0,85.83333333333334
#33924,2026-08,Counted,17,1.7,3.95,3.21,19.25,0,14.16666666666667,1.416666666666667,0,12.75
#33925,2026-08,Counted,98,0,0,16.33,98,0,81.66666666666667,0,0,81.66666666666667
#33926,2026-08,Counted,7.5,0,3.95,1.91,11.45,0,6.25,0,0,6.25
#33927,2026-08,Counted,99,0,0,16.5,99,0,82.5,0,0,82.5
#33928,2026-08,Counted,22,0,3.95,4.33,25.95,0,18.33333333333334,0,0,18.33333333333334
#33929,2026-08,Counted,149,0,0,24.83,149,0,124.1666666666667,0,0,124.1666666666667
#33930,2026-08,Counted,68,0,0,11.33,68,0,56.66666666666667,0,0,56.66666666666667
#33931,2026-08,Counted,32,0,3.95,5.99,35.95,0,26.66666666666667,0,0,26.66666666666667
#33932,2026-08,Counted,58,0,0,9.67,58,0,48.33333333333334,0,0,48.33333333333334
#33933,2026-08,Counted,114,11.4,0,17.1,102.6,0,95,9.5,0,85.5
#33934,2026-08,Counted,47,0,3.95,8.49,50.95,0,39.16666666666667,0,0,39.16666666666667
#33935,2026-08,Counted,39.5,0,3.95,7.24,43.45,0,32.91666666666667,0,0,32.91666666666667
#33936,2026-08,Counted,108,0,0,18,108,0,90,0,0,90
#33937,2026-08,Counted,24,0,3.95,4.66,27.95,0,20,0,0,20
#33938,2026-08,Counted,46,0,3.95,8.33,49.95,0,38.33333333333334,0,0,38.33333333333334
#33939,2026-08,Counted,170,0,0,28.33,170,0,141.6666666666667,0,0,141.6666666666667
#33940,2026-08,Counted,24,0,3.95,4.66,27.95,0,20,0,0,20
#33941,2026-08,Counted,14,0,3.95,2.99,17.95,0,11.66666666666667,0,0,11.66666666666667
#33942,2026-08,Counted,11,0,3.95,2.49,14.95,0,9.166666666666668,0,0,9.166666666666668
#33943,2026-08,Counted,32,0,3.95,5.99,35.95,0,26.66666666666667,0,0,26.66666666666667
#33944,2026-08,Counted,127,0,0,21.17,127,0,105.8333333333333,0,0,105.8333333333333
#33945,2026-08,Counted,7.5,0,3.95,1.91,11.45,0,6.25,0,0,6.25
#33946,2026-08,Counted,108,0,0,18,108,0,90,0,0,90
#33947,2026-08,Counted,144,0,0,24,144,0,120,0,0,120
#33948,2026-08,Counted,11,0,3.95,2.49,14.95,0,9.166666666666668,0,0,9.166666666666668
#33949,2026-08,Counted,25,0,3.95,4.83,28.95,0,20.83333333333334,0,0,20.83333333333334
#33950,2026-08,Counted,36,0,3.95,6.66,39.95,0,30,0,0,30
#33951,2026-08,Counted,27,0,3.95,5.16,30.95,0,22.5,0,0,22.5
#33952,2026-08,Counted,60,0,0,10,60,0,50,0,0,50
#33953,2026-08,Counted,19,0,3.95,3.83,22.95,0,15.83333333333333,0,0,15.83333333333333
#33954,2026-08,Counted,28.8,0,3.95,5.46,32.75,0,24,0,0,24
#33955,2026-08,Counted,15,0,3.95,3.16,18.95,0,12.5,0,0,12.5
#33956,2026-08,Counted,19,0,3.95,3.83,22.95,0,15.83333333333333,0,0,15.83333333333333
#33957,2026-08,Counted,46,0,3.95,8.33,49.95,0,38.33333333333334,0,0,38.33333333333334
#33958,2026-08,Counted,18,0,3.95,3.66,21.95,0,15,0,0,15
#33959,2026-08,Counted,14,1.4,3.95,2.76,16.55,0,11.66666666666667,1.166666666666667,0,10.5
#33960,2026-08,Counted,21,0,3.95,4.16,24.95,0,17.5,0,0,17.5
#33961,2026-08,Counted,35,0,3.95,6.49,38.95,0,29.16666666666667,0,0,29.16666666666667
#33962,2026-08,Counted,138,0,0,23,138,0,115,0,0,115
#33963,2026-08,Counted,56,0,0,9.33,56,0,46.66666666666667,0,0,46.66666666666667
#33964,2026-08,Counted,41,0,3.95,7.49,44.95,0,34.16666666666667,0,0,34.16666666666667
#33965,2026-08,"Pre-order, paid but not shipped",45,0,3.95,8.16,48.95,0,37.5,0,0,37.5
#33966,2026-08,Counted,32,0,3.95,5.99,35.95,0,26.66666666666667,0,0,26.66666666666667
#33967,2026-08,Counted,50,0,0,8.33,50,0,41.66666666666667,0,0,41.66666666666667
#33968,2026-08,Counted,63,0,0,10.5,63,0,52.5,0,0,52.5
#33969,2026-08,Counted,76,0,0,12.67,76,0,63.33333333333334,0,0,63.33333333333334
#33970,2026-08,Counted,30,0,3.95,5.66,33.95,0,25,0,0,25
#33971,2026-08,Counted,22,0,3.95,4.33,25.95,0,18.33333333333334,0,0,18.33333333333334
#33972,2026-08,Counted,20,0,3.95,3.99,23.95,0,16.66666666666667,0,0,16.66666666666667
#33973,2026-08,Counted,35,0,3.95,6.49,38.95,0,29.16666666666667,0,0,29.16666666666667
#33974,2026-08,Counted,146,0,0,24.33,146,0,121.6666666666667,0,0,121.6666666666667
#33975,2026-08,Counted,64,0,0,10.67,64,0,53.33333333333334,0,0,53.33333333333334
#33976,2026-08,Counted,36,0,3.95,6.66,39.95,0,30,0,0,30
#33977,2026-08,Counted,59,0,0,9.83,59,0,49.16666666666667,0,0,49.16666666666667
#33978,2026-08,Counted,80,0,0,13.33,80,0,66.66666666666667,0,0,66.66666666666667
#33979,2026-08,Counted,29,0,3.95,5.49,32.95,0,24.16666666666667,0,0,24.16666666666667
#33980,2026-08,Counted,36,3.6,3.95,6.06,36.35,0,30,3,0,27
#33981,2026-08,Counted,66,0,0,11,66,0,55,0,0,55
#33982,2026-08,Counted,36,3.6,3.95,6.06,36.35,0,30,3,0,27
#33983,2026-08,Counted,38,0,3.95,6.99,41.95,0,31.66666666666667,0,0,31.66666666666667
#33984,2026-08,Counted,177,0,0,29.5,177,0,147.5,0,0,147.5
#33985,2026-08,"Pre-order, paid but not shipped",30,3,3.95,5.16,30.95,0,25,2.5,0,22.5
#33986,2026-08,Counted,22,0,3.95,4.33,25.95,0,18.33333333333334,0,0,18.33333333333334
#33987,2026-08,Counted,18,0,3.95,3.66,21.95,0,15,0,0,15
#33988,2026-08,Counted,237,0,0,39.5,237,0,197.5,0,0,197.5
#33989,2026-08,Counted,54,0,0,9,54,0,45,0,0,45
#33990,2026-08,Counted,26.5,0,3.95,5.08,30.45,0,22.08333333333334,0,0,22.08333333333334
#33991,2026-08,Counted,72,0,0,12,72,0,60,0,0,60
#33992,2026-08,Counted,108,0,0,18,108,0,90,0,0,90
#33993,2026-08,Counted,12,0,3.95,2.66,15.95,0,10,0,0,10
#33994,2026-08,Counted,36,0,3.95,6.66,39.95,0,30,0,0,30
#33995,2026-08,Counted,66,5,0,10.17,61,0,55,4.166666666666667,0,50.83333333333334
#33996,2026-08,Counted,165,0,0,27.5,165,0,137.5,0,0,137.5
#33997,2026-08,Counted,87,0,0,14.5,87,0,72.5,0,0,72.5
#33998,2026-08,Counted,44,0,3.95,7.99,47.95,0,36.66666666666667,0,0,36.66666666666667
#33999,2026-08,Counted,49,0,3.95,8.83,52.95,0,40.83333333333334,0,0,40.83333333333334
#34000,2026-08,Counted,100,0,0,16.67,100,0,83.33333333333334,0,0,83.33333333333334
#34001,2026-08,Counted,56,0,0,9.33,56,0,46.66666666666667,0,0,46.66666666666667
#34002,2026-08,Counted,46,5,3.95,7.49,44.95,0,38.33333333333334,4.166666666666667,0,34.16666666666667
#34003,2026-08,Counted,25,0,3.95,4.83,28.95,0,20.83333333333334,0,0,20.83333333333334
#34004,2026-08,Counted,45,0,3.95,8.16,48.95,0,37.5,0,0,37.5
#34005,2026-08,Counted,79.5,0,0,13.25,79.5,0,66.25,0,0,66.25
#34006,2026-08,Counted,84,0,0,14,84,0,70,0,0,70
#34007,2026-08,Counted,15,0,3.95,3.16,18.95,0,12.5,0,0,12.5
#34008,2026-08,Counted,102,0,0,17,102,0,85,0,0,85
#34009,2026-08,Counted,71,0,0,11.83,71,0,59.16666666666667,0,0,59.16666666666667
#34010,2026-08,Counted,12,0,3.95,2.66,15.95,0,10,0,0,10
#34011,2026-08,Counted,72,0,0,12,72,0,60,0,0,60
#34012,2026-08,Counted,19,1.9,3.95,3.51,21.05,0,15.83333333333333,1.583333333333333,0,14.25
#34013,2026-08,Counted,51,0,0,8.5,51,0,42.5,0,0,42.5
#34014,2026-08,Counted,76,0,0,12.67,76,0,63.33333333333334,0,0,63.33333333333334
#34015,2026-08,Counted,19,0,3.95,3.83,22.95,0,15.83333333333333,0,0,15.83333333333333
#34016,2026-08,Counted,21,0,3.95,4.16,24.95,0,17.5,0,0,17.5
#34017,2026-08,Counted,15,0,3.95,3.16,18.95,0,12.5,0,0,12.5
#34018,2026-08,Counted,12,0,3.95,2.66,15.95,0,10,0,0,10
#34019,2026-08,Counted,50,0,0,8.33,50,0,41.66666666666667,0,0,41.66666666666667
#34020,2026-08,Counted,157.5,0,0,26.25,157.5,0,131.25,0,0,131.25
#34021,2026-08,"Pre-order, paid but not shipped",36,0,3.95,6.66,39.95,0,30,0,0,30
#34022,2026-08,Counted,82,0,0,13.67,82,0,68.33333333333334,0,0,68.33333333333334
#34023,2026-08,"Pre-order, paid but not shipped",36,0,3.95,6.66,39.95,0,30,0,0,30
#34024,2026-08,Counted,92,0,0,15.33,92,0,76.66666666666667,0,0,76.66666666666667
#34025,2026-08,Counted,31,3.1,3.95,5.31,31.85,0,25.83333333333334,2.583333333333333,0,23.25
#34026,2026-08,Counted,30,5,3.95,4.83,28.95,0,25,4.166666666666667,0,20.83333333333333
#34027,2026-08,Counted,51,0,0,8.5,51,0,42.5,0,0,42.5
#34028,2026-08,Counted,12,0,3.95,2.66,15.95,0,10,0,0,10
#34029,2026-08,Counted,73,0,0,12.17,73,0,60.83333333333334,0,0,60.83333333333334
#34030,2026-08,Counted,26,0,3.95,4.99,29.95,0,21.66666666666667,0,0,21.66666666666667
#34031,2026-08,Counted,9,0,3.95,2.16,12.95,0,7.5,0,0,7.5
#34032,2026-08,Counted,74.5,0,0,12.42,74.5,0,62.08333333333334,0,0,62.08333333333334
#34033,2026-08,Counted,59.5,0,0,9.92,59.5,0,49.58333333333334,0,0,49.58333333333334
#34034,2026-08,Counted,139,0,0,23.17,139,0,115.8333333333333,0,0,115.8333333333333
#34035,2026-08,"Pre-order, paid but not shipped",85,0,0,14.17,85,0,70.83333333333334,0,0,70.83333333333334
#34036,2026-08,Counted,28,0,3.95,5.33,31.95,0,23.33333333333334,0,0,23.33333333333334
#34037,2026-08,Counted,268,0,0,44.67,268,0,223.3333333333333,0,0,223.3333333333333
#34038,2026-08,Counted,20,0,3.95,3.99,23.95,0,16.66666666666667,0,0,16.66666666666667
#34039,2026-08,Counted,56,0,0,9.33,56,0,46.66666666666667,0,0,46.66666666666667
#34040,2026-08,Counted,248,24.8,0,37.2,223.2,0,206.6666666666667,20.66666666666667,0,186
#34041,2026-08,Counted,56,0,0,9.33,56,0,46.66666666666667,0,0,46.66666666666667
#34042,2026-08,"Pre-order, paid but not shipped",65,0,0,10.83,65,0,54.16666666666667,0,0,54.16666666666667
#34043,2026-08,Counted,7.5,0,3.95,1.91,11.45,0,6.25,0,0,6.25
#34044,2026-08,Counted,49,0,3.95,8.83,52.95,0,40.83333333333334,0,0,40.83333333333334
#34045,2026-08,"Pre-order, paid but not shipped",66,5,0,10.17,61,0,55,4.166666666666667,0,50.83333333333334
#34046,2026-08,Counted,28,0,3.95,5.33,31.95,0,23.33333333333334,0,0,23.33333333333334
#34047,2026-08,Counted,7.5,0,3.95,1.91,11.45,0,6.25,0,0,6.25
#34048,2026-08,Counted,18,0,3.95,3.66,21.95,0,15,0,0,15
#34049,2026-08,Counted,63,0,0,10.5,63,0,52.5,0,0,52.5
#34050,2026-08,Counted,14,0,3.95,2.99,17.95,0,11.66666666666667,0,0,11.66666666666667
#34051,2026-08,Counted,41,0,3.95,7.49,44.95,0,34.16666666666667,0,0,34.16666666666667
#34052,2026-08,"Pre-order, paid but not shipped",194.5,0,0,32.42,194.5,0,162.0833333333333,0,0,162.0833333333333
#34053,2026-08,Counted,17,0,3.95,3.49,20.95,0,14.16666666666667,0,0,14.16666666666667
#34054,2026-08,Counted,30,0,3.95,5.66,33.95,0,25,0,0,25
#34055,2026-08,Counted,20,0,3.95,3.99,23.95,0,16.66666666666667,0,0,16.66666666666667
#34056,2026-08,Counted,79,0,0,13.17,79,0,65.83333333333334,0,0,65.83333333333334
#34057,2026-08,Counted,55.5,0,0,9.25,55.5,0,46.25,0,0,46.25
#34058,2026-08,Counted,123,0,0,20.5,123,0,102.5,0,0,102.5
#34059,2026-08,Counted,57,0,0,9.5,57,0,47.5,0,0,47.5
#34060,2026-08,Counted,49.5,0,3.95,8.91,53.45,0,41.25,0,0,41.25
#34061,2026-08,Counted,44,0,3.95,7.99,47.95,0,36.66666666666667,0,0,36.66666666666667
#34062,2026-08,Counted,34,0,3.95,6.33,37.95,0,28.33333333333334,0,0,28.33333333333334
#34063,2026-08,"Pre-order, paid but not shipped",32,0,3.95,5.99,35.95,0,26.66666666666667,0,0,26.66666666666667
#34064,2026-08,Counted,159,0,0,26.5,159,0,132.5,0,0,132.5
#34065,2026-08,Counted,28,0,3.95,5.33,31.95,0,23.33333333333334,0,0,23.33333333333334
#34066,2026-08,Counted,47,4.7,3.95,7.71,46.25,0,39.16666666666667,3.916666666666667,0,35.25000000000001
#34067,2026-08,Counted,72,0,0,12,72,0,60,0,0,60
#34068,2026-08,Counted,89,0,0,14.83,89,0,74.16666666666667,0,0,74.16666666666667
#34069,2026-08,Counted,286,28.6,0,42.9,257.4,0,238.3333333333333,23.83333333333334,0,214.5
#34070,2026-08,Counted,36,0,3.95,6.66,39.95,0,30,0,0,30
#34071,2026-08,Counted,40,0,3.95,7.33,43.95,0,33.33333333333334,0,0,33.33333333333334
#34072,2026-08,Counted,22,0,3.95,4.33,25.95,0,18.33333333333334,0,0,18.33333333333334
#34073,2026-08,Counted,36,0,3.95,6.66,39.95,0,30,0,0,30
#34074,2026-08,Counted,79,0,0,13.17,79,0,65.83333333333334,0,0,65.83333333333334
#34075,2026-08,Counted,138,0,0,23,138,0,115,0,0,115
#34076,2026-08,Counted,60,0,0,10,60,0,50,0,0,50
#34077,2026-08,Counted,6,0.6,3.95,1.56,9.35,0,5,0.5,0,4.5
#34078,2026-08,Counted,105,0,0,17.5,105,0,87.5,0,0,87.5
#34079,2026-08,Counted,94,0,0,15.67,94,0,78.33333333333334,0,0,78.33333333333334
#34080,2026-08,Counted,52,0,0,8.67,52,0,43.33333333333334,0,0,43.33333333333334
#34081,2026-08,Counted,58,0,0,9.67,58,0,48.33333333333334,0,0,48.33333333333334
#34082,2026-08,Counted,28,0,3.95,5.33,31.95,0,23.33333333333334,0,0,23.33333333333334
#34083,2026-08,Counted,166,0,0,27.67,166,0,138.3333333333333,0,0,138.3333333333333
#34084,2026-08,Counted,20,0,3.95,3.99,23.95,0,16.66666666666667,0,0,16.66666666666667
#34085,2026-08,Counted,22,0,3.95,4.33,25.95,0,18.33333333333334,0,0,18.33333333333334
#34086,2026-08,Counted,92,0,0,15.33,92,0,76.66666666666667,0,0,76.66666666666667
#34087,2026-08,Counted,35,0,3.95,6.49,38.95,0,29.16666666666667,0,0,29.16666666666667
#34088,2026-08,Counted,78,0,0,13,78,0,65,0,0,65
#34089,2026-08,Counted,56,0,0,9.33,56,0,46.66666666666667,0,0,46.66666666666667
#34090,2026-08,Counted,106,0,0,17.67,106,0,88.33333333333334,0,0,88.33333333333334
#34091,2026-08,Counted,42,0,3.95,7.66,45.95,0,35,0,0,35
#34092,2026-08,Counted,33,0,3.95,6.16,36.95,0,27.5,0,0,27.5
#34093,2026-08,Counted,11,0,3.95,2.49,14.95,0,9.166666666666668,0,0,9.166666666666668
#34094,2026-08,"Pre-order, paid but not shipped",36,0,3.95,6.66,39.95,0,30,0,0,30
#34095,2026-08,Counted,78,0,0,13,78,0,65,0,0,65
#34096,2026-08,Counted,66,0,0,11,66,0,55,0,0,55
#34097,2026-08,Counted,40,0,3.95,7.33,43.95,0,33.33333333333334,0,0,33.33333333333334
#34098,2026-08,Counted,140,0,0,23.33,140,0,116.6666666666667,0,0,116.6666666666667
#34099,2026-08,Counted,51,5.1,3.95,8.31,49.85,0,42.5,4.25,0,38.25
#34100,2026-08,Counted,58,5,0,8.83,53,0,48.33333333333334,4.166666666666667,0,44.16666666666667
#34101,2026-08,Counted,48,4.8,3.95,7.86,47.15,0,40,4,0,36
#34102,2026-08,Counted,44,0,3.95,7.99,47.95,0,36.66666666666667,0,0,36.66666666666667
#34103,2026-08,Counted,32.5,0,3.95,6.08,36.45,0,27.08333333333334,0,0,27.08333333333334
#34104,2026-08,"Pre-order, paid but not shipped",12,0,3.95,2.66,15.95,0,10,0,0,10
#34105,2026-08,Counted,22,0,3.95,4.33,25.95,0,18.33333333333334,0,0,18.33333333333334
#34106,2026-08,Counted,42,0,3.95,7.66,45.95,0,35,0,0,35
#34107,2026-08,Counted,40,0,3.95,7.33,43.95,0,33.33333333333334,0,0,33.33333333333334
#34108,2026-08,Counted,43,0,3.95,7.83,46.95,0,35.83333333333334,0,0,35.83333333333334
#34109,2026-08,Counted,16,0,3.95,3.33,19.95,0,13.33333333333333,0,0,13.33333333333333
#34110,2026-08,Counted,7.5,0,3.95,1.91,11.45,0,6.25,0,0,6.25
#34111,2026-08,Counted,20,0,3.95,3.99,23.95,0,16.66666666666667,0,0,16.66666666666667
#34112,2026-08,Counted,116,0,0,19.33,116,0,96.66666666666667,0,0,96.66666666666667
#34113,2026-08,Counted,32,5,3.95,5.16,30.95,0,26.66666666666667,4.166666666666667,0,22.5
#34114,2026-08,Counted,58,0,0,9.67,58,0,48.33333333333334,0,0,48.33333333333334
#34115,2026-08,Counted,55,0,0,9.17,55,0,45.83333333333334,0,0,45.83333333333334
#34116,2026-08,Counted,89,0,0,14.83,89,0,74.16666666666667,0,0,74.16666666666667
#34117,2026-08,Counted,31.5,0,3.95,5.91,35.45,0,26.25,0,0,26.25
#34118,2026-08,Counted,117,0,0,19.5,117,0,97.5,0,0,97.5
#34119,2026-08,Counted,22,0,3.95,4.33,25.95,0,18.33333333333334,0,0,18.33333333333334
#34120,2026-08,Counted,101,0,0,16.83,101,0,84.16666666666667,0,0,84.16666666666667
#34121,2026-08,Counted,21,0,3.95,4.16,24.95,0,17.5,0,0,17.5
#34122,2026-08,Counted,12,0,3.95,2.66,15.95,0,10,0,0,10
#34123,2026-08,Counted,28,0,3.95,5.33,31.95,0,23.33333333333334,0,0,23.33333333333334
#34124,2026-08,Counted,106,0,0,17.67,106,0,88.33333333333334,0,0,88.33333333333334
#34125,2026-08,Counted,73,0,0,12.17,73,0,60.83333333333334,0,0,60.83333333333334
#34126,2026-08,Counted,237,0,0,39.5,237,0,197.5,0,0,197.5
#34127,2026-08,Counted,12,1.2,3.95,2.46,14.75,0,10,1,0,9
#34128,2026-08,"Pre-order, paid but not shipped",45,0,3.95,8.16,48.95,0,37.5,0,0,37.5
#34129,2026-08,Counted,35,0,3.95,6.49,38.95,0,29.16666666666667,0,0,29.16666666666667
#34130,2026-08,Counted,28,0,3.95,5.33,31.95,0,23.33333333333334,0,0,23.33333333333334
#34131,2026-08,Counted,45,0,3.95,8.16,48.95,0,37.5,0,0,37.5
#34132,2026-08,Counted,48,4.8,3.95,7.86,47.15,0,40,4,0,36
#34133,2026-08,"Pre-order, paid but not shipped",117,0,0,19.5,117,0,97.5,0,0,97.5
#34134,2026-08,Counted,34,0,3.95,6.33,37.95,0,28.33333333333334,0,0,28.33333333333334
#34135,2026-08,Counted,38,0,3.95,6.99,41.95,0,31.66666666666667,0,0,31.66666666666667
#34136,2026-08,Counted,66,0,0,11,66,0,55,0,0,55
#34137,2026-08,Counted,75,7.5,0,11.25,67.5,13.5,62.5,6.25,11.25,45
#34138,2026-08,"Pre-order, paid but not shipped",70,0,0,11.67,70,0,58.33333333333334,0,0,58.33333333333334
#34139,2026-08,Counted,7.5,0.75,3.95,1.78,10.7,0,6.25,0.625,0,5.625
#34140,2026-08,Counted,64,0,0,10.67,64,0,53.33333333333334,0,0,53.33333333333334
#34141,2026-08,Counted,60,0,0,10,60,0,50,0,0,50
#34142,2026-08,Counted,45,0,3.95,8.16,48.95,0,37.5,0,0,37.5
#34143,2026-08,Counted,24,0,3.95,4.66,27.95,0,20,0,0,20
#34144,2026-08,Counted,112,0,0,18.67,112,0,93.33333333333334,0,0,93.33333333333334
#34145,2026-08,Counted,103,0,0,17.17,103,0,85.83333333333334,0,0,85.83333333333334
#34146,2026-08,Counted,12,1.2,3.95,2.46,14.75,0,10,1,0,9
#34147,2026-08,Counted,16,1.6,3.95,3.06,18.35,0,13.33333333333333,1.333333333333333,0,12
#34148,2026-08,Counted,24,2.4,3.95,4.26,25.55,0,20,2,0,18
#34149,2026-08,Counted,72,0,0,12,72,0,60,0,0,60
#34150,2026-08,Counted,62,0,0,10.33,62,0,51.66666666666667,0,0,51.66666666666667
#34151,2026-08,Counted,120,0,0,20,120,0,100,0,0,100
#34152,2026-08,Counted,108,0,0,18,108,0,90,0,0,90
#34153,2026-08,Counted,72,0,0,12,72,0,60,0,0,60
#34154,2026-08,Counted,185,0,0,30.83,185,0,154.1666666666667,0,0,154.1666666666667
#34155,2026-08,Counted,115.5,0,0,19.25,115.5,0,96.25,0,0,96.25
#34156,2026-08,Counted,110.5,0,0,18.42,110.5,0,92.08333333333334,0,0,92.08333333333334
#34157,2026-08,Counted,18,0,3.95,3.66,21.95,0,15,0,0,15
#34158,2026-08,Counted,30,0,3.95,5.66,33.95,0,25,0,0,25
#34159,2026-08,Counted,75,0,0,12.5,75,0,62.5,0,0,62.5
#34160,2026-08,Counted,78.5,0,0,13.08,78.5,0,65.41666666666667,0,0,65.41666666666667
#34161,2026-08,"Pre-order, paid but not shipped",141,0,0,23.5,141,0,117.5,0,0,117.5
#34162,2026-08,Counted,21,0,3.95,4.16,24.95,0,17.5,0,0,17.5
#34163,2026-08,Counted,64.5,0,0,10.75,64.5,0,53.75,0,0,53.75
#34164,2026-08,Counted,48,0,3.95,8.66,51.95,0,40,0,0,40
#34165,2026-08,Counted,36,0,3.95,6.66,39.95,0,30,0,0,30
#34166,2026-08,Counted,11,0,3.95,2.49,14.95,0,9.166666666666668,0,0,9.166666666666668
#34167,2026-08,Counted,16,0,3.95,3.33,19.95,0,13.33333333333333,0,0,13.33333333333333
#34168,2026-08,Counted,113.2,0,0,18.87,113.2,0,94.33333333333334,0,0,94.33333333333334
#34169,2026-08,Counted,44,0,3.95,7.99,47.95,0,36.66666666666667,0,0,36.66666666666667
#34170,2026-08,Counted,26,0,3.95,4.99,29.95,0,21.66666666666667,0,0,21.66666666666667
#34171,2026-08,Counted,14,0,3.95,2.99,17.95,0,11.66666666666667,0,0,11.66666666666667
#34172,2026-08,Counted,83,0,0,13.83,83,0,69.16666666666667,0,0,69.16666666666667
#34173,2026-08,Counted,169,0,0,28.17,169,0,140.8333333333333,0,0,140.8333333333333
#34174,2026-08,Counted,52,0,0,8.67,52,0,43.33333333333334,0,0,43.33333333333334
#34175,2026-08,Counted,70,0,0,11.67,70,0,58.33333333333334,0,0,58.33333333333334
#34176,2026-08,Counted,60,0,0,10,60,0,50,0,0,50
#34177,2026-08,Counted,26,0,3.95,4.99,29.95,0,21.66666666666667,0,0,21.66666666666667
#34178,2026-08,Counted,15,0,3.95,3.16,18.95,0,12.5,0,0,12.5
#34179,2026-08,Counted,61,0,0,10.17,61,0,50.83333333333334,0,0,50.83333333333334
#34180,2026-08,Counted,132,5,0,21.17,127,0,110,4.166666666666667,0,105.8333333333333
#34181,2026-08,Counted,137,0,0,22.83,137,0,114.1666666666667,0,0,114.1666666666667
#34182,2026-08,Counted,71,0,0,11.83,71,0,59.16666666666667,0,0,59.16666666666667
#34183,2026-08,"Pre-order, paid but not shipped",25,0,3.95,4.83,28.95,0,20.83333333333334,0,0,20.83333333333334
#34184,2026-08,"Pre-order, paid but not shipped",56,0,0,9.33,56,0,46.66666666666667,0,0,46.66666666666667
#34185,2026-08,Counted,25,2.5,3.95,4.41,26.45,0,20.83333333333334,2.083333333333333,0,18.75
#34186,2026-08,Counted,132,0,0,22,132,0,110,0,0,110
#34187,2026-08,Counted,63,0,0,10.5,63,0,52.5,0,0,52.5
#34188,2026-08,Counted,79.5,0,0,13.25,79.5,0,66.25,0,0,66.25
#34189,2026-08,Counted,130,0,0,21.67,130,0,108.3333333333333,0,0,108.3333333333333
#34190,2026-08,"Pre-order, paid but not shipped",69,0,0,11.5,69,0,57.5,0,0,57.5
#34191,2026-08,Counted,175,0,0,29.17,175,0,145.8333333333333,0,0,145.8333333333333
#34192,2026-08,Counted,14,0,3.95,2.99,17.95,0,11.66666666666667,0,0,11.66666666666667
#34193,2026-08,Counted,119,0,0,19.83,119,0,99.16666666666667,0,0,99.16666666666667
#34194,2026-08,Counted,159,0,0,26.5,159,0,132.5,0,0,132.5
#34195,2026-08,"Pre-order, paid but not shipped",150,0,0,25,150,0,125,0,0,125
#34196,2026-08,Counted,45,0,3.95,8.16,48.95,0,37.5,0,0,37.5
#34197,2026-08,Counted,84,0,0,14,84,0,70,0,0,70
#34198,2026-08,Counted,126,0,0,21,126,0,105,0,0,105
#34199,2026-08,Counted,26,2.6,3.95,4.56,27.35,0,21.66666666666667,2.166666666666667,0,19.5
#34200,2026-08,Counted,269,0,0,44.83,269,0,224.1666666666667,0,0,224.1666666666667
#34201,2026-08,Counted,122,0,0,20.33,122,0,101.6666666666667,0,0,101.6666666666667
#34202,2026-08,Counted,30,0,3.95,5.66,33.95,0,25,0,0,25
#34203,2026-08,Counted,151,0,0,25.17,151,0,125.8333333333333,0,0,125.8333333333333
#34204,2026-08,Counted,90,0,0,15,90,0,75,0,0,75
#34205,2026-08,Counted,84,0,0,14,84,0,70,0,0,70
#34206,2026-08,Counted,36,0,3.95,6.66,39.95,0,30,0,0,30
#34207,2026-08,Counted,25,0,3.95,4.83,28.95,0,20.83333333333334,0,0,20.83333333333334
#34208,2026-08,Counted,19,0,3.95,3.83,22.95,0,15.83333333333333,0,0,15.83333333333333
#34209,2026-08,Counted,51,0,0,8.5,51,0,42.5,0,0,42.5
#34210,2026-08,Counted,65.5,0,0,10.92,65.5,0,54.58333333333334,0,0,54.58333333333334
#34211,2026-08,Counted,21,0,3.95,4.16,24.95,0,17.5,0,0,17.5
#34212,2026-08,Counted,37,0,3.95,6.83,40.95,0,30.83333333333334,0,0,30.83333333333334
#34213,2026-08,Counted,24,5,3.95,3.83,22.95,0,20,4.166666666666667,0,15.83333333333333
#34214,2026-08,Counted,78,0,0,13,78,0,65,0,0,65
#34215,2026-08,Counted,135,13.5,0,20.25,121.5,0,112.5,11.25,0,101.25
#34216,2026-08,Counted,16,0,3.95,3.33,19.95,0,13.33333333333333,0,0,13.33333333333333
#34217,2026-08,Counted,155,0,0,25.83,155,0,129.1666666666667,0,0,129.1666666666667
#34218,2026-08,"Pre-order, paid but not shipped",206,0,0,34.33,206,0,171.6666666666667,0,0,171.6666666666667
#34219,2026-08,Counted,53,0,0,8.83,53,0,44.16666666666667,0,0,44.16666666666667
#34220,2026-08,Counted,18,0,3.95,3.66,21.95,0,15,0,0,15
#34221,2026-08,Counted,18,0,3.95,3.66,21.95,0,15,0,0,15
#34222,2026-08,Counted,99,0,0,16.5,99,0,82.5,0,0,82.5
#34223,2026-08,Counted,59,0,0,9.83,59,0,49.16666666666667,0,0,49.16666666666667
#34224,2026-08,Counted,80,0,0,13.33,80,0,66.66666666666667,0,0,66.66666666666667
#34225,2026-08,Counted,9.6,0,3.95,2.26,13.55,0,8,0,0,8
#34226,2026-08,Counted,158,0,0,26.33,158,0,131.6666666666667,0,0,131.6666666666667
#34227,2026-08,Counted,20,2,3.95,3.66,21.95,0,16.66666666666667,1.666666666666667,0,15
#34228,2026-08,"Pre-order, paid but not shipped",25,0,3.95,4.83,28.95,0,20.83333333333334,0,0,20.83333333333334
#34229,2026-08,Counted,47,0,3.95,8.49,50.95,0,39.16666666666667,0,0,39.16666666666667
#34230,2026-08,Counted,111,0,0,18.5,111,0,92.5,0,0,92.5
#34231,2026-08,Counted,97,0,0,16.17,97,0,80.83333333333334,0,0,80.83333333333334
#34232,2026-08,Counted,79,0,0,13.17,79,0,65.83333333333334,0,0,65.83333333333334
#34233,2026-08,Counted,51,0,0,8.5,51,0,42.5,0,0,42.5
#34234,2026-08,Counted,83,0,0,13.83,83,0,69.16666666666667,0,0,69.16666666666667
#34235,2026-08,Counted,121,0,0,20.17,121,0,100.8333333333333,0,0,100.8333333333333
#34236,2026-08,Counted,60,5,0,9.17,55,0,50,4.166666666666667,0,45.83333333333334
#34237,2026-08,Counted,36,0,3.95,6.66,39.95,0,30,0,0,30
#34238,2026-08,Counted,27,0,3.95,5.16,30.95,0,22.5,0,0,22.5
#34239,2026-08,Counted,120,0,0,20,120,0,100,0,0,100
#34240,2026-08,Counted,45,0,3.95,8.16,48.95,0,37.5,0,0,37.5
#34241,2026-08,Counted,118.2,0,0,19.7,118.2,0,98.5,0,0,98.5
#34242,2026-08,Counted,39,0,3.95,7.16,42.95,0,32.5,0,0,32.5
#34243,2026-08,Counted,63,0,0,10.5,63,0,52.5,0,0,52.5
#34244,2026-08,Counted,30,0,3.95,5.66,33.95,0,25,0,0,25
#34245,2026-08,Counted,52,0,0,8.67,52,0,43.33333333333334,0,0,43.33333333333334
#34246,2026-08,Counted,160.5,0,0,26.75,160.5,0,133.75,0,0,133.75
#34247,2026-08,Counted,32,0,3.95,5.99,35.95,0,26.66666666666667,0,0,26.66666666666667
#34248,2026-08,Counted,71.5,0,0,11.92,71.5,0,59.58333333333334,0,0,59.58333333333334
#34249,2026-08,Counted,16,0,3.95,3.33,19.95,0,13.33333333333333,0,0,13.33333333333333
#34250,2026-08,Counted,36,0,3.95,6.66,39.95,0,30,0,0,30
#34251,2026-08,Counted,90,0,0,15,90,0,75,0,0,75
#34252,2026-08,Counted,9,0,3.95,2.16,12.95,0,7.5,0,0,7.5
#34253,2026-08,Counted,15,0,3.95,3.16,18.95,0,12.5,0,0,12.5
#34254,2026-08,Counted,93,0,0,15.5,93,0,77.5,0,0,77.5
#34255,2026-08,Counted,86,0,0,14.33,86,0,71.66666666666667,0,0,71.66666666666667
#34256,2026-08,Counted,38,0,3.95,6.99,41.95,0,31.66666666666667,0,0,31.66666666666667
#34257,2026-08,Counted,56,0,0,9.33,56,0,46.66666666666667,0,0,46.66666666666667
#34258,2026-08,Counted,44,0,3.95,7.99,47.95,0,36.66666666666667,0,0,36.66666666666667
#34259,2026-08,Counted,33,0,3.95,6.16,36.95,0,27.5,0,0,27.5
#34260,2026-08,Counted,14,0,3.95,2.99,17.95,0,11.66666666666667,0,0,11.66666666666667
#34261,2026-08,Counted,33,0,3.95,6.16,36.95,0,27.5,0,0,27.5
#34262,2026-08,Counted,131,0,0,21.83,131,0,109.1666666666667,0,0,109.1666666666667
#34263,2026-08,Counted,24,2.4,3.95,4.26,25.55,0,20,2,0,18
#34264,2026-08,Counted,70,7,0,10.5,63,0,58.33333333333334,5.833333333333334,0,52.5
#34265,2026-08,Counted,26,0,3.95,4.99,29.95,0,21.66666666666667,0,0,21.66666666666667
#34266,2026-08,Counted,30,0,3.95,5.66,33.95,0,25,0,0,25
#34267,2026-08,Counted,28,0,3.95,5.33,31.95,0,23.33333333333334,0,0,23.33333333333334
#34268,2026-08,"Pre-order, paid but not shipped",48,0,3.95,8.66,51.95,0,40,0,0,40
#34269,2026-08,Counted,78,7.8,0,11.7,70.2,0,65,6.5,0,58.5
#34270,2026-08,Counted,7.5,0,3.95,1.91,11.45,0,6.25,0,0,6.25
#34271,2026-08,Counted,21,0,3.95,4.16,24.95,0,17.5,0,0,17.5
#34272,2026-08,Counted,25,0,3.95,4.83,28.95,0,20.83333333333334,0,0,20.83333333333334
#34273,2026-08,Counted,212,0,0,35.33,212,0,176.6666666666667,0,0,176.6666666666667
#34274,2026-08,Counted,45,0,3.95,8.16,48.95,0,37.5,0,0,37.5
#34275,2026-08,Counted,84,0,0,14,84,0,70,0,0,70
#34276,2026-08,Counted,24.5,0,3.95,4.74,28.45,0,20.41666666666667,0,0,20.41666666666667
#34277,2026-08,Counted,51,0,0,8.5,51,0,42.5,0,0,42.5
#34278,2026-08,Counted,9,0,3.95,2.16,12.95,0,7.5,0,0,7.5
#34279,2026-08,Counted,79,0,0,13.17,79,0,65.83333333333334,0,0,65.83333333333334
#34280,2026-08,Counted,66,0,0,11,66,0,55,0,0,55
#34281,2026-08,"Pre-order, paid but not shipped",14,0,3.95,2.99,17.95,0,11.66666666666667,0,0,11.66666666666667
#34282,2026-08,Counted,19,0,3.95,3.83,22.95,0,15.83333333333333,0,0,15.83333333333333
#34283,2026-08,Counted,76,0,0,12.67,76,0,63.33333333333334,0,0,63.33333333333334
#34284,2026-08,Counted,285,0,0,47.5,285,0,237.5,0,0,237.5
#34285,2026-08,Counted,241,24.1,0,36.15,216.9,0,200.8333333333333,20.08333333333334,0,180.75
#34286,2026-08,Counted,30,0,3.95,5.66,33.95,0,25,0,0,25
#34287,2026-08,"Pre-order, paid but not shipped",33,3.3,3.95,5.61,33.65,0,27.5,2.75,0,24.75
#34288,2026-08,Counted,7.5,0,3.95,1.91,11.45,0,6.25,0,0,6.25
#34289,2026-08,Counted,60,0,0,10,60,0,50,0,0,50
#34290,2026-08,Counted,21,5,3.95,3.33,19.95,0,17.5,4.166666666666667,0,13.33333333333333
#34291,2026-08,Counted,110,0,0,18.33,110,0,91.66666666666667,0,0,91.66666666666667
#34292,2026-08,Counted,21,0,3.95,4.16,24.95,0,17.5,0,0,17.5
#34293,2026-08,Counted,33,0,3.95,6.16,36.95,0,27.5,0,0,27.5
#34294,2026-08,Counted,48,0,3.95,8.66,51.95,0,40,0,0,40
#34295,2026-08,Counted,50,0,0,8.33,50,0,41.66666666666667,0,0,41.66666666666667
#34296,2026-08,Counted,130,0,0,21.67,130,0,108.3333333333333,0,0,108.3333333333333
#34297,2026-08,Counted,16,0,3.95,3.33,19.95,0,13.33333333333333,0,0,13.33333333333333
#34298,2026-08,Counted,26,0,3.95,4.99,29.95,0,21.66666666666667,0,0,21.66666666666667
#34299,2026-08,Counted,57,0,0,9.5,57,0,47.5,0,0,47.5
#34300,2026-08,Counted,32,0,3.95,5.99,35.95,0,26.66666666666667,0,0,26.66666666666667
#34301,2026-08,Counted,71,0,0,11.83,71,0,59.16666666666667,0,0,59.16666666666667
#34302,2026-08,"Pre-order, paid but not shipped",50,5,3.95,8.16,48.95,0,41.66666666666667,4.166666666666667,0,37.50000000000001
#34303,2026-08,Counted,51,0,0,8.5,51,0,42.5,0,0,42.5
#34304,2026-08,Counted,72,0,0,12,72,0,60,0,0,60
#34305,2026-08,Counted,82,0,0,13.67,82,0,68.33333333333334,0,0,68.33333333333334
#34306,2026-08,Counted,19,0,3.95,3.83,22.95,0,15.83333333333333,0,0,15.83333333333333
#34307,2026-08,Counted,32,0,3.95,5.99,35.95,0,26.66666666666667,0,0,26.66666666666667
#34308,2026-08,Counted,28.8,0,3.95,5.46,32.75,0,24,0,0,24
#34309,2026-08,Counted,100,0,0,16.67,100,0,83.33333333333334,0,0,83.33333333333334
#34310,2026-08,Counted,120,0,0,20,120,0,100,0,0,100
#34311,2026-08,Counted,18.5,0,3.95,3.74,22.45,0,15.41666666666667,0,0,15.41666666666667
#34312,2026-08,"Pre-order, paid but not shipped",9,0,3.95,2.16,12.95,0,7.5,0,0,7.5
#34313,2026-08,Counted,53,0,0,8.83,53,0,44.16666666666667,0,0,44.16666666666667
#34314,2026-08,Counted,95,5,0,15,90,0,79.16666666666667,4.166666666666667,0,75
#34315,2026-08,Counted,60,5,0,9.17,55,0,50,4.166666666666667,0,45.83333333333334
#34316,2026-08,"Pre-order, paid but not shipped",120,0,0,20,120,0,100,0,0,100
#34317,2026-08,Counted,61,0,0,10.17,61,0,50.83333333333334,0,0,50.83333333333334
#34318,2026-08,Counted,54,0,0,9,54,0,45,0,0,45
#34319,2026-08,Counted,20,0,3.95,3.99,23.95,0,16.66666666666667,0,0,16.66666666666667
#34320,2026-08,Counted,82,0,0,13.67,82,0,68.33333333333334,0,0,68.33333333333334
#34321,2026-08,Counted,32,0,3.95,5.99,35.95,0,26.66666666666667,0,0,26.66666666666667
#34322,2026-08,Counted,19,0,3.95,3.83,22.95,0,15.83333333333333,0,0,15.83333333333333
#34323,2026-08,Counted,71,0,0,11.83,71,0,59.16666666666667,0,0,59.16666666666667
#34324,2026-08,Counted,45,0,3.95,8.16,48.95,0,37.5,0,0,37.5
#34325,2026-08,Counted,76,0,0,12.67,76,0,63.33333333333334,0,0,63.33333333333334
#34326,2026-08,Counted,45,0,3.95,8.16,48.95,0,37.5,0,0,37.5
#34327,2026-08,Counted,143,5,0,23,138,0,119.1666666666667,4.166666666666667,0,115
#34328,2026-08,Counted,89,0,0,14.83,89,0,74.16666666666667,0,0,74.16666666666667
#34329,2026-08,Counted,19.2,1.92,3.95,3.54,21.23,0,16,1.6,0,14.4
#34330,2026-08,Counted,34,3.4,3.95,5.76,34.55,0,28.33333333333334,2.833333333333333,0,25.5
#34331,2026-08,Counted,34,3.4,3.95,5.76,34.55,0,28.33333333333334,2.833333333333333,0,25.5
#34332,2026-08,Counted,25,0,3.95,4.83,28.95,0,20.83333333333334,0,0,20.83333333333334
#34333,2026-08,Counted,64,6.4,0,9.6,57.6,0,53.33333333333334,5.333333333333334,0,48
#34334,2026-08,Counted,11,0,3.95,2.49,14.95,0,9.166666666666668,0,0,9.166666666666668
#34335,2026-08,Counted,136,0,0,22.67,136,0,113.3333333333333,0,0,113.3333333333333
#34336,2026-08,Counted,106,10.6,0,15.9,95.40000000000001,0,88.33333333333334,8.833333333333334,0,79.50000000000001
#34337,2026-08,Counted,18,0,3.95,3.66,21.95,0,15,0,0,15
#34338,2026-08,Counted,198,0,0,33,198,0,165,0,0,165
#34339,2026-08,Counted,54,5.4,3.95,8.76,52.55,0,45,4.500000000000001,0,40.5
#34340,2026-08,Counted,123,0,0,20.5,123,0,102.5,0,0,102.5
#34341,2026-08,"Pre-order, paid but not shipped",134,0,0,22.33,134,0,111.6666666666667,0,0,111.6666666666667
#34342,2026-08,Counted,61.5,0,0,10.25,61.5,0,51.25,0,0,51.25
#34343,2026-08,Counted,60,0,0,10,60,0,50,0,0,50
#34344,2026-08,Counted,52,5,3.95,8.49,50.95,0,43.33333333333334,4.166666666666667,0,39.16666666666667
#34345,2026-08,Counted,12,0,3.95,2.66,15.95,0,10,0,0,10
#34346,2026-08,Counted,80,0,0,13.33,80,0,66.66666666666667,0,0,66.66666666666667
#34347,2026-08,Counted,90,0,0,15,90,0,75,0,0,75
#34348,2026-08,Counted,36,0,3.95,6.66,39.95,0,30,0,0,30
#34349,2026-08,Counted,51,5.1,3.95,8.31,49.85,0,42.5,4.25,0,38.25
#34350,2026-08,Counted,48,0,3.95,8.66,51.95,0,40,0,0,40
#34351,2026-08,Counted,45.5,0,3.95,8.24,49.45,0,37.91666666666667,0,0,37.91666666666667
#34352,2026-08,Counted,24,0,3.95,4.66,27.95,0,20,0,0,20
#34353,2026-08,Counted,58,0,0,9.67,58,0,48.33333333333334,0,0,48.33333333333334
#34354,2026-08,Counted,127,0,0,21.17,127,0,105.8333333333333,0,0,105.8333333333333
#34355,2026-08,Counted,122,0,0,20.33,122,0,101.6666666666667,0,0,101.6666666666667
#34356,2026-08,Counted,234,0,0,39,234,0,195,0,0,195
#34357,2026-08,Counted,79,7.9,0,11.85,71.09999999999999,0,65.83333333333334,6.583333333333334,0,59.25000000000001
#34358,2026-08,Counted,42,0,3.95,7.66,45.95,0,35,0,0,35
#34359,2026-08,Counted,44,0,3.95,7.99,47.95,0,36.66666666666667,0,0,36.66666666666667
#34360,2026-08,Counted,21,2.1,3.95,3.81,22.85,0,17.5,1.75,0,15.75
#34361,2026-08,Counted,48,0,3.95,8.66,51.95,0,40,0,0,40
#34362,2026-08,Counted,54,0,0,9,54,0,45,0,0,45
#34363,2026-08,Counted,54,0,0,9,54,0,45,0,0,45
#34364,2026-08,Counted,12,0,3.95,2.66,15.95,0,10,0,0,10
#34365,2026-08,Counted,12,1.2,3.95,2.46,14.75,0,10,1,0,9
#34366,2026-08,Counted,72,0,0,12,72,0,60,0,0,60
#34367,2026-08,Counted,47,0,3.95,8.49,50.95,0,39.16666666666667,0,0,39.16666666666667
#34368,2026-08,Counted,50,5,3.95,8.16,48.95,0,41.66666666666667,4.166666666666667,0,37.50000000000001
#34369,2026-08,Counted,48,4.8,3.95,7.86,47.15,0,40,4,0,36
#34370,2026-08,Counted,12,0,3.95,2.66,15.95,0,10,0,0,10
#34371,2026-08,Counted,52,0,0,8.67,52,0,43.33333333333334,0,0,43.33333333333334
#34372,2026-08,Counted,17,0,3.95,3.49,20.95,0,14.16666666666667,0,0,14.16666666666667
#34373,2026-08,Counted,107,0,0,17.83,107,0,89.16666666666667,0,0,89.16666666666667
#34374,2026-08,"Pre-order, paid but not shipped",73.5,0,0,12.25,73.5,0,61.25,0,0,61.25
#34375,2026-08,Counted,173.5,0,0,28.92,173.5,0,144.5833333333333,0,0,144.5833333333333
#34376,2026-08,Counted,42,0,3.95,7.66,45.95,0,35,0,0,35
#34377,2026-08,Counted,130,0,0,21.67,130,0,108.3333333333333,0,0,108.3333333333333
#34378,2026-08,Counted,163,0,0,27.17,163,0,135.8333333333333,0,0,135.8333333333333
#34379,2026-08,Counted,9,0,3.95,2.16,12.95,0,7.5,0,0,7.5
#34380,2026-08,Counted,201,20.1,0,30.15,180.9,0,167.5,16.75,0,150.75
#34381,2026-08,Counted,7.5,0,3.95,1.91,11.45,0,6.25,0,0,6.25
#34382,2026-08,Counted,116,11.6,0,17.4,104.4,0,96.66666666666667,9.666666666666666,0,87
#34383,2026-08,Counted,28,0,3.95,5.33,31.95,0,23.33333333333334,0,0,23.33333333333334
#34384,2026-08,Counted,32,0,3.95,5.99,35.95,0,26.66666666666667,0,0,26.66666666666667
#34385,2026-08,Counted,15,0,3.95,3.16,18.95,0,12.5,0,0,12.5
#34386,2026-08,Counted,148,0,0,24.67,148,0,123.3333333333333,0,0,123.3333333333333
#34387,2026-08,"Pre-order, paid but not shipped",14,0,3.95,2.99,17.95,0,11.66666666666667,0,0,11.66666666666667
#34388,2026-08,Counted,157,0,0,26.17,157,0,130.8333333333333,0,0,130.8333333333333
#34389,2026-08,Counted,22,0,3.95,4.33,25.95,0,18.33333333333334,0,0,18.33333333333334
#34390,2026-08,Counted,60,0,0,10,60,0,50,0,0,50
#34391,2026-08,Counted,35,3.5,3.95,5.91,35.45,0,29.16666666666667,2.916666666666667,0,26.25
#34392,2026-08,Counted,176,0,0,29.33,176,0,146.6666666666667,0,0,146.6666666666667
#34393,2026-08,Counted,98,0,0,16.33,98,0,81.66666666666667,0,0,81.66666666666667
#34394,2026-08,Counted,9,0,3.95,2.16,12.95,0,7.5,0,0,7.5
#34395,2026-08,Counted,51,0,0,8.5,51,0,42.5,0,0,42.5
#34396,2026-08,Counted,68,0,0,11.33,68,0,56.66666666666667,0,0,56.66666666666667
#34397,2026-08,Counted,33,0,3.95,6.16,36.95,0,27.5,0,0,27.5
#34398,2026-08,Counted,11,1.1,3.95,2.31,13.85,0,9.166666666666668,0.9166666666666667,0,8.250000000000002
#34399,2026-08,Counted,54,0,0,9,54,0,45,0,0,45
#34400,2026-08,Counted,21,0,3.95,4.16,24.95,0,17.5,0,0,17.5
#34401,2026-08,Counted,71,0,0,11.83,71,0,59.16666666666667,0,0,59.16666666666667
#34402,2026-08,Counted,44,0,3.95,7.99,47.95,0,36.66666666666667,0,0,36.66666666666667
#34403,2026-08,"Pre-order, paid but not shipped",96,0,0,16,96,0,80,0,0,80
#34404,2026-08,Counted,36,0,3.95,6.66,39.95,0,30,0,0,30
#34405,2026-08,Counted,22,0,3.95,4.33,25.95,0,18.33333333333334,0,0,18.33333333333334
#34406,2026-08,Test order,100,0,0,16.67,100,0,83.33333333333334,0,0,83.33333333333334
#34407,2026-08,Counted,36,0,3.95,6.66,39.95,0,30,0,0,30
#34408,2026-08,Counted,164.5,0,0,27.42,164.5,0,137.0833333333333,0,0,137.0833333333333
#34409,2026-08,Counted,74,0,0,12.33,74,0,61.66666666666667,0,0,61.66666666666667
#34410,2026-08,Counted,95,0,0,15.83,95,0,79.16666666666667,0,0,79.16666666666667
#34411,2026-08,"Pre-order, paid but not shipped",26,0,3.95,4.99,29.95,0,21.66666666666667,0,0,21.66666666666667
#34412,2026-08,Counted,38,0,3.95,6.99,41.95,0,31.66666666666667,0,0,31.66666666666667
#34413,2026-08,Counted,114,0,0,19,114,0,95,0,0,95
#34414,2026-08,Counted,48,0,3.95,8.66,51.95,0,40,0,0,40
#34415,2026-08,Counted,52,0,0,8.67,52,0,43.33333333333334,0,0,43.33333333333334
#34416,2026-08,Counted,55.5,0,0,9.25,55.5,0,46.25,0,0,46.25
#34417,2026-08,Counted,52,5,3.95,8.49,50.95,0,43.33333333333334,4.166666666666667,0,39.16666666666667
#34418,2026-08,Counted,41,0,3.95,7.49,44.95,0,34.16666666666667,0,0,34.16666666666667
#34419,2026-08,Counted,173,0,0,28.83,173,0,144.1666666666667,0,0,144.1666666666667
#34420,2026-08,Counted,30,0,3.95,5.66,33.95,0,25,0,0,25
#34421,2026-08,Counted,30,0,3.95,5.66,33.95,0,25,0,0,25
#34422,2026-08,Counted,191,0,0,31.83,191,0,159.1666666666667,0,0,159.1666666666667
#34423,2026-08,Counted,80,8,0,12,72,0,66.66666666666667,6.666666666666667,0,60.00000000000001
#34424,2026-08,Counted,36,0,3.95,6.66,39.95,0,30,0,0,30
#34425,2026-08,Counted,27,0,3.95,5.16,30.95,0,22.5,0,0,22.5
#34426,2026-08,"Pre-order, paid but not shipped",36,0,3.95,6.66,39.95,0,30,0,0,30
#34427,2026-08,Counted,94,0,0,15.67,94,0,78.33333333333334,0,0,78.33333333333334
#34428,2026-08,Counted,128,0,0,21.33,128,0,106.6666666666667,0,0,106.6666666666667
#34429,2026-08,Counted,20,0,3.95,3.99,23.95,0,16.66666666666667,0,0,16.66666666666667
#34430,2026-08,Counted,9.6,0,3.95,2.26,13.55,0,8,0,0,8
#34431,2026-08,Counted,101,0,0,16.83,101,0,84.16666666666667,0,0,84.16666666666667
#34432,2026-08,Counted,82,0,0,13.67,82,0,68.33333333333334,0,0,68.33333333333334
#34433,2026-08,Counted,32.5,0,3.95,6.08,36.45,0,27.08333333333334,0,0,27.08333333333334
#34434,2026-08,Counted,79,0,0,13.17,79,0,65.83333333333334,0,0,65.83333333333334
#34435,2026-08,Counted,36,5,3.95,5.83,34.95,0,30,4.166666666666667,0,25.83333333333333
#34436,2026-08,Counted,138,0,0,23,138,0,115,0,0,115
#34437,2026-08,Counted,36,5,3.95,5.83,34.95,0,30,4.166666666666667,0,25.83333333333333
#34438,2026-08,Counted,64,0,0,10.67,64,0,53.33333333333334,0,0,53.33333333333334
#34439,2026-08,Counted,79,0,0,13.17,79,0,65.83333333333334,0,0,65.83333333333334
#34440,2026-08,"Pre-order, paid but not shipped",27,0,3.95,5.16,30.95,0,22.5,0,0,22.5
#34441,2026-08,Counted,20,0,3.95,3.99,23.95,0,16.66666666666667,0,0,16.66666666666667
#34442,2026-08,Counted,29,0,3.95,5.49,32.95,0,24.16666666666667,0,0,24.16666666666667
#34443,2026-08,Counted,48,0,3.95,8.66,51.95,0,40,0,0,40
#34444,2026-08,Counted,23,0,3.95,4.49,26.95,0,19.16666666666667,0,0,19.16666666666667
#34445,2026-08,Counted,62,0,0,10.33,62,0,51.66666666666667,0,0,51.66666666666667
#34446,2026-08,Counted,108,10.8,0,16.2,97.2,0,90,9.000000000000002,0,81
#34447,2026-08,Counted,199,0,0,33.17,199,0,165.8333333333333,0,0,165.8333333333333
#34448,2026-08,Counted,51,5,3.95,8.33,49.95,0,42.5,4.166666666666667,0,38.33333333333334
#34449,2026-08,"Pre-order, paid but not shipped",32,3.2,3.95,5.46,32.75,0,26.66666666666667,2.666666666666667,0,24
#34450,2026-08,Counted,90,0,0,15,90,0,75,0,0,75
#34451,2026-08,Counted,144,0,0,24,144,0,120,0,0,120
#34452,2026-08,Counted,56.5,0,0,9.42,56.5,0,47.08333333333334,0,0,47.08333333333334
#34453,2026-08,Counted,102.5,0,0,17.08,102.5,0,85.41666666666667,0,0,85.41666666666667
#34454,2026-08,Counted,102,0,0,17,102,0,85,0,0,85
#34455,2026-08,Counted,168,0,0,28,168,0,140,0,0,140
#34456,2026-08,Counted,32,0,3.95,5.99,35.95,0,26.66666666666667,0,0,26.66666666666667
#34457,2026-08,Counted,79,0,0,13.17,79,0,65.83333333333334,0,0,65.83333333333334
#34458,2026-08,Counted,68,0,0,11.33,68,0,56.66666666666667,0,0,56.66666666666667
#34459,2026-08,Counted,36,0,3.95,6.66,39.95,0,30,0,0,30
#34460,2026-08,Counted,28,0,3.95,5.33,31.95,0,23.33333333333334,0,0,23.33333333333334
#34461,2026-08,Counted,25,0,3.95,4.83,28.95,0,20.83333333333334,0,0,20.83333333333334
#34462,2026-08,Counted,83,0,0,13.83,83,0,69.16666666666667,0,0,69.16666666666667
#34463,2026-08,Counted,48,0,3.95,8.66,51.95,0,40,0,0,40
#34464,2026-08,Counted,28,2.8,3.95,4.86,29.15,0,23.33333333333334,2.333333333333333,0,21
#34465,2026-08,Counted,102,0,0,17,102,0,85,0,0,85
#34466,2026-08,Counted,65.5,0,0,10.92,65.5,0,54.58333333333334,0,0,54.58333333333334
#34467,2026-08,Counted,31.6,0,3.95,5.93,35.55,0,26.33333333333334,0,0,26.33333333333334
#34468,2026-08,Counted,269,0,0,44.83,269,0,224.1666666666667,0,0,224.1666666666667
#34469,2026-08,Counted,25,0,3.95,4.83,28.95,0,20.83333333333334,0,0,20.83333333333334
#34470,2026-08,Counted,86,0,0,14.33,86,0,71.66666666666667,0,0,71.66666666666667
"Source: Shopify orders export (files/orders_export.csv), rules from store_definitions.json. Built [run date]."
